Gene	Paper	Species	Tissue	fetal_in_vivo	fetal_organoid	regeneration	CRC	other_cancer	functional_evidence	evidence_class	direction	paper_type	primary_ref_cited_by_review	original_symbol	provenance	note	tier
ABCB1	Cao et al., MedComm, 2023	human	placenta/fetal barrier analogy; multiple cancers					Y	drug efflux/resistance, inhibitor studies (pan-cancer)	C	up	review	refs 254-271 (placental/fetal BBB transporters; cancer drug resistance studies)	MDR1/P-gp	Sec 5; Fig 8	Framed as embryo/fetal-barrier transporter reactivated in drug-resistant cancer cells; not intestine-specific	T2
ABCC1	Cao et al., MedComm, 2023	human	placenta/fetal barrier analogy; multiple cancers					Y	drug efflux/resistance, inhibitor studies (pan-cancer)	C	up	review	refs 254-271 (placental/fetal BBB transporters; cancer drug resistance studies)	MRP1	Sec 5; Fig 8	Framed as embryo/fetal-barrier transporter reactivated in drug-resistant cancer cells; not intestine-specific	T2
ABCG2	Cao et al., MedComm, 2023	human	placenta/fetal barrier analogy; multiple cancers					Y	drug efflux/resistance, inhibitor studies (pan-cancer)	C	up	review	refs 254-271 (placental/fetal BBB transporters; cancer drug resistance studies)	BCRP	Sec 5; Fig 8	Framed as embryo/fetal-barrier transporter reactivated in drug-resistant cancer cells; not intestine-specific	T2
AFP	Viragova et al., Cell Stem Cell, 2024	mouse	hepatocytes after acetaminophen injury; OSKM reprogramming			Y			OSKM activation upregulates Afp and improves regeneration	B	up	review	primary refs not named (refs 90, 92)	Afp	Cross-tissue section (liver)	Liver developmental gene reactivated in fetal-like hepatocytes (non-intestinal)	T3
ALCAM	De Angelis et al., Cancers (Basel), 2021	human	CRC patient tumors				Y			C	up	review	cited ref 42	CD166	Section 2.1	Review: used with CD44 for cCSC isolation; downregulated in infiltrating edge cells	T1
AMOTL2	Cheung et al., Cell Stem Cell, 2020	mouse	Lats1/2 cKO intestine; punch biopsy; DSS			Y			RNA-ISH	B	up	primary		AmotL2	Fig 1E, Fig 3A-C	YAP target marking wound-healing state	T1
AMOTL2	Cheung et al., Cell Stem Cell, 2020	mouse	AKP orthotopic tumors; Apc-/- organoids; Apc/Yap/Taz tumors				Y		RNA-ISH	C	up	primary		AmotL2	Fig 4E, Fig 5G, Fig 7C	YAP target up after YAP induction in tumor models	T1
AMOTL2	Heinz et al., Cancer Res, 2022	mouse	liver metastasis formation (scRNA-seq)				Y		scRNA-seq cluster marker	C	up	primary		Amotl2	Fig 7C-E; Supplementary Fig S6D	Known YAP target enriched in the earliest (day 1) metastatic cell cluster	T1
ANKRD1	Yui et al., Cell Stem Cell, 2018	mouse	collagen-I fetal-like spheroids			Y			qPCR	B	up	primary		Ankrd1	Fig 4D	YAP/TAZ target gene induced in reprogrammed fetal-like cultures	T1
ANKRD1	Hartl et al., Sci Adv, 2024	mouse	colon organoids			Y			qPCR	B	up	primary		Ankrd1	Results; Fig. 4H-I	YAP target gene massively up in locked-regenerative Trp53 KO-WI organoids	T1
ANKRD1	Heinz et al., Cancer Res, 2022	human and mouse	CRC organoids and liver micrometastases				Y		expression in micro-organoids and day-1 metastatic cells	C	up	primary		Ankrd1	Fig 4E,I; Supplementary Fig S6D	YAP target enriched in micro-organoids and cluster 6 (day 1) metastatic cells	T1
ANKRD1	van der Net et al., Cell Rep, 2025	mouse	AKP CRC organoids				Y		RT-qPCR	C	up	primary		Ankrd1	Results Fig 4D	YAP1 target up in collagen I-induced fetal-like state	T1
ANXA1	Yui et al., Cell Stem Cell, 2018	mouse	fetal colon E16.5; fetal organoids	Y	Y				IF in fetal colon and fetal organoids	A	up	primary		Anxa1	Fig 2B, 2E-F	Fetal-enriched annexin used as a fetal-state marker	T1
ANXA1	Yui et al., Cell Stem Cell, 2018	mouse/human	DSS repairing colon; ulcerative colitis biopsies; collagen-I spheroids			Y			IHC/IF in mouse repair and human UC inflamed mucosa	B	up	primary		Anxa1	Fig 2F-G, Fig 4E	Human-applicable fetal-like marker (no Sca1 ortholog) elevated in regenerating/inflamed epithelium	T1
ANXA1	Ayyaz et al., Nature, 2019	mouse	small intestine (irradiation)			Y			scRNA-seq	B	up	primary		Anxa1	Fig 1b,d; ED Fig 3d,e	Component of the damage-induced SSC2 / SSC2c revival stem cell signature	T1
ANXA1	Sphyris et al., Cancers (Basel), 2021	mouse; human	intestinal epithelium (review); human UC			Y				B	up	review	ref [149] (DSS/ECM foetal-like study; authors not named)	Anxa1/ANXA1	Sec. 8	Foetal epithelial marker in regenerating cells; high in inflamed UC epithelium vs non-inflamed	T1
ANXA1	Chen et al., Cell Stem Cell, 2023	mouse	small intestine organoids (TGFB1)			Y			ATAC-seq open chromatin; TGFB1 induction (scRNA)	B	up	primary		Anxa1 (Anxa-family genes)	Results; Fig 4I (Anxa-family), Fig 6B (ATAC)	Regeneration marker gene gaining chromatin accessibility and induced upon TGFB1 treatment of organoids	T1
ANXA1	Qin et al., Cell, 2023	mouse	colon organoid + fibroblast co-culture			Y			marker gene in differential abundance analysis	B	up	primary		Anxa1	Figure 1I; revCSC cluster markers	Co-marker with Clu of fibroblast-induced revCSC cluster	T1
ANXA1	Hartl et al., Sci Adv, 2024	mouse	colon epithelium (DSS colitis) / colon & SI organoids			Y			Trp53 cKO locks state; qPCR/bulk RNA	B	up	primary		Anxa1	Results; Fig. 2H; Fig. 4H-I	Regenerative marker up in Trp53 cKO colon 2 mo post-DSS and in Wnt-independent Trp53 KO-WI organoids (YAP target)	T1
ANXA1	Viragova et al., Cell Stem Cell, 2024	mouse/human	DSS colon; ulcerative colitis tissue; OSKM-induced state			Y			Review cites enrichment in UC patient samples	B	up	review	Yui et al., 2018	Anxa1	Fetal-like reversion section; Fig 1C	Fetal-like marker of regenerating colon, also human colitis	T1
ANXA1	Clevers, Cell, 2026	mouse; human	colon (DSS); UC tissue; collagen I organoids			Y				B	up	review	DSS colitis study; collagen I organoid culture study (refs not named)	Anxa1	Section 'The fetal-like regenerative state'	Fetal-like marker upregulated after DSS (also in UC) and expressed by collagen I-induced fetal-like spheroids	T1
ANXA1	Cañellas-Socias et al., Nature, 2022	human	CRC patient tumor cells				Y			C	up	primary		ANXA1	ED Fig 9b (top 50 fetal intestine progenitor genes)	One of the few fetal-like regenerative markers that HRCs do upregulate	T1
ANXA1	Gil Vazquez et al., Cell Stem Cell, 2022	human and mouse	colorectal neoplasia and normal intestine				Y		dual-colour ISH across lesions; scRNA-seq	C	up	primary		ANXA1 / Anxa1	Figs 1A-C, 2D,E,H, 5F	Widely used regenerative stem cell (RSC) marker; epithelial expression absent in homeostasis, enriched in RSC-predominant tumours	T1
ANXA1	Álvarez-Varela et al., Nat Cancer, 2022	mouse	CRC mouse tumour organoids (AKP, APS)				Y		lineage-traced scRNA-seq plus RT-qPCR validation	C	up	primary		Anxa1	Results, conversion of Mex3a+ DTP cells to fetal-like cells; Fig 7f,g,i; ED Fig 7c,d	Named fetal intestinal progenitor and YAP target marker up in chemo-resistant residual cells	T1
ANXA1	Tape, Trends Cancer, 2024	mouse;human	colon / CRC (primary tumours, micrometastases, relapse-driving cells)				Y			C	up	review	primary ref unresolved (citation markers stripped from this file)	Anxa1 / ANXA1	Revival stem cells section; Revival stem cells in CRC; Stem cell plasticity in CRC metastasis	Review states revSCs express Anxa1 and that primary CRC contains ANXA1+ revCSCs; relapse-driving EMP1+ cells are ANXA1+	T1
ANXA1	Mzoughi et al., Nat Genet, 2025	mouse	intestine/colon				Y		reporter design	C	up	primary		Anxa1	Methods reporter design; Extended Data Fig 7	Top oncofetal marker; cis-elements near locus used in OnF reporter	T1
ANXA1	Ogden et al., Cell Genom, 2025	human	primary CRC and liver metastasis				Y			C	up	primary		ANXA1	Fig 1E; Results 'Regenerative inflammatory cancer cell states'	Named as part of the fetal intestinal signature upregulated in (i)RECs	T1
ANXA1	van der Net et al., Cell Rep, 2025	mouse;human	AKP CRC organoids; patient CRC infiltrative margins				Y		IF/flow in organoids; IHC in patient tumors	C	up	primary		Anxa1/Annexin A1	Results Fig 2E-G; Fig S6 (IHC)	Fetal-like marker up in collagen I organoids; ANXA1+ tumor cells at infiltrative CRC margins	T1
ANXA1	Buissant des Amorie et al., Nature, 2026	human	early-stage CRC invasive front				Y		spatial transcriptomics expression	C	up	primary		ANXA1	Fig 1f	Listed among markers of regenerative and fetal cell states enriched in invasive front tumour cells	T1
ANXA10	Burdziak et al., Science, 2023	mouse	pancreas GEMM epithelium					Y	smFISH spatial validation of module E6 cells	C	up	primary		Anxa10	Results 'communication modules'; Fig 4	Marker of the gastric metaplastic (E6) plastic cell state in Kras-mutant pancreas; cell_type: pancreatic epithelium	T3
ANXA2	Cheung et al., Cell Stem Cell, 2020	mouse	Apc-/- tetO-YAP organoids				Y		RNA-seq time course	C	up	primary		Anxa2	Fig 4G	Injury signature gene upregulated during YAP reprogramming	T1
ANXA2	Centonze et al., Cancer Discov, 2026	mouse	CRC liver metastasis / tumor organoids				Y		RT-qPCR, Slam-seq nascent RNA kinetics	C	up	primary		Anxa2	Fig 2C, Fig 4H, Suppl Fig S3B	HRC/fetal-like marker gene co-expressed with Emp1 in metastatic clusters	T1
ANXA3	Álvarez-Varela et al., Nat Cancer, 2022	mouse	CRC mouse tumour organoids (APS)				Y		RT-qPCR	C	up	primary		Anxa3	ED Fig 8j legend	Named fetal progenitor / revival stem cell marker tracked during FOLFIRI and recovery	T1
APCDD1	Ogden et al., Cell Genom, 2025	human	primary CRC				Y			C	up	primary		APCDD1	Table S1	WNT antagonist marking the cancer-specific stem NOTUM state	T2
AQP4	Gregorieff et al., Nature, 2015	mouse	intestinal organoids			Y			RNA-seq	B	down	primary		Aqp4	Extended Data Fig 3d-f	Stem signature gene repressed by Yap in the regenerative state	down
AQP5	Goldenring & Mills, Gastroenterology, 2022	human;mouse	stomach corpus, SPEM and incomplete intestinal metaplasia			Y				B	up	review	numbered ref 33 (reference list absent from this file)	AQP5	Fig 1; evolution of metaplasia towards dysplasia section	Induced SPEM marker; AQP5+ SPEM cells sit at bases of incomplete intestinal metaplasia glands	T3
AQP8	Hartl et al., Sci Adv, 2024	mouse	colon epithelium (DSS colitis) / colon & SI organoids			Y			IF/qPCR/bulk RNA	B	down	primary		Aqp8	Results; Fig. 2H-I; Fig. 4B,E	Differentiation (colonocyte) marker lost in regenerative/locked-regenerative state	down
AREG	Gregorieff et al., Nature, 2015	mouse	small intestine after irradiation			Y			ISH and qPCR; Yap-dependent	B	up	primary		Areg	Extended Data Figs 3d-f, 5, 6a	Egfr ligand in the Yap regenerative program	T2
AREG	Chen et al., Cell Stem Cell, 2023	mouse	small intestine epithelium (IR) and organoids (TGFB1)			Y				B	up	primary		Areg	Discussion	YAP target upregulated in epithelium during IR regeneration and upon TGFB1 treatment of organoids	T2
AREG	Viragova et al., Cell Stem Cell, 2024	mouse	irradiated small intestine; NRG1-treated organoids			Y			NRG1 induces Areg in SI organoids	B	up	review	Ayyaz et al., 2019	Areg	Signaling pathways section	YAP target marking the regenerative fetal-like state	T2
AREG	Clevers, Cell, 2026	mouse	small intestine (irradiation)			Y				B	up	review	radiation-damage YAP study (ref not named)	Areg	Section 'The fetal-like regenerative state'	YAP target in regenerating irradiated crypts, often co-expressed with fetal culture markers	T2
ASCL2	Yui et al., Cell Stem Cell, 2018	mouse	collagen-I fetal-like spheroids			Y			qPCR	B	down	primary		Ascl2	Fig 4D	Adult ISC marker repressed in the reprogrammed state	down
ASCL2	Ayyaz et al., Nature, 2019	mouse	small intestine (irradiation)			Y			scRNA-seq	B	down	primary		Ascl2	ED Fig 3k; ED Fig 4a	CBC marker of SSC2a; Clu-high revival cells rarely co-express it	down
ASCL2	Ramadan et al., Trends Cancer, 2022	mouse	small intestine			Y			Ascl2 loss impairs dedifferentiation and tissue integrity after Lgr5+ ablation	B	up	review	ref not resolvable (citation numbers stripped)	Ascl2	Stem cell plasticity section	Borderline: homeostatic ISC TF required for regenerative dedifferentiation; no fetal framing	T2
ASCL2	Viragova et al., Cell Stem Cell, 2024	mouse	intestinal organoids with NICD and p53 loss			Y			NICD expression plus p53 loss gives fetal-like spheroids	B	down	review	primary ref not named (ref 60, NICD/p53 organoids)	Ascl2	Signaling pathways section	ISC marker downregulated when fetal-like reversion is induced	down
ASCL2	Cañellas-Socias et al., Nature, 2022	human	CRC patient tumor cells				Y			C	down	primary		ASCL2	ED Fig 2h-o	Canonical ISC/WNT gene not expressed by HRCs	down
ASCL2	Heinz et al., Cancer Res, 2022	human	CRC organoids and xenograft micrometastases				Y		STAR reporter of ASCL2 activity; flow and imaging; YAP5SA/XMU-MP-1 reduce STARhi cells	C	down	primary		ASCL2 (STAR reporter)	Figs 1G,H, 3, 6D,G; Supplementary Fig S5D,E	Stem reporter silent in micrometastases/micro-organoids with persistent YAP; suppressed by YAP activation	down
ASCL2	Mzoughi et al., Nat Genet, 2025	mouse	intestine/colon				Y		motif activity	C	down	primary		ASCL2	Fig 2i	Stem master regulator active at opposite pole from oncofetal state	down
ASCL2	van der Net et al., Cell Rep, 2025	mouse;human	AKP CRC organoids; patient CRC spatial				Y			C	down	primary		Ascl2	Results Fig 1D-E, Fig 2C-E, Fig 2I-J	Stem cell markers lost as CRC cells transition to fetal-like state	down
ASCL2	Centonze et al., Cancer Discov, 2026	mouse/human	CRC metastasis / TCGA				Y		Slam-seq nascent transcription	C	down	primary		Ascl2	Suppl Fig S4B, Fig 3J, Fig 4H	WNT/ISC gene low in HRC state and in MAPK-mutant tumors	down
ATF3	Goldenring & Mills, Gastroenterology, 2022	mouse	stomach corpus, chief cell paligenosis			Y			required for the first lysosomal stage of paligenosis (cited)	B	up	review	numbered ref 77 (reference list absent from this file)	ATF3	Paligenosis stages section	Early-response transcription factor initiating the regenerative reprogramming program	T2
ATF3	Mzoughi et al., Nat Genet, 2025	mouse	intestine/colon				Y			C	up	primary		Atf3	Extended Data Fig 4k	AP-1 subunit induced by active YAP in wild-type organoids	T2
ATG13	Rehman et al., Cell, 2021	human	CRC patient-derived cultures				Y		western blot and qPCR in persister cultures	C	up	primary		ATG13	Figure 6D-6E	Autophagy component upregulated in diapause-like persister cells	T2
ATG16L2	Rehman et al., Cell, 2021	human	CRC patient-derived cultures				Y		qRT-PCR	C	up	primary		ATG16L2	Figure 6E; autophagy gene panel	Autophagy gene induced in irinotecan-induced persister cultures	T2
ATG2A	Rehman et al., Cell, 2021	human	CRC patient-derived cultures				Y		qRT-PCR	C	up	primary		ATG2A	Figure 6E; autophagy gene panel	Autophagy gene induced in irinotecan-induced persister cultures	T2
ATOH1	Yui et al., Cell Stem Cell, 2018	mouse	collagen-I fetal-like spheroids			Y			qPCR	B	down	primary		Atoh1	Fig 4D	Secretory TF repressed in the fetal-like state	down
ATOH1	Hartl et al., Sci Adv, 2024	mouse	colon epithelium (DSS colitis) / colon & SI organoids			Y			IF/qPCR/bulk RNA	B	down	primary		Atoh1	Results; Fig. 2H-I; Fig. 4B,E	Differentiation (secretory) marker lost in regenerative/locked-regenerative state	down
AXIN2	Gregorieff et al., Nature, 2015	mouse	intestinal organoids			Y			RNA-seq and qPCR	B	down	primary		Axin2	Extended Data Fig 3d-f	Wnt target repressed by Yap in the regenerative state	down
AXIN2	Cheung et al., Cell Stem Cell, 2020	mouse	Lats1/2 cKO; punch biopsy; DSS			Y			RNA-ISH	B	down	primary		Axin2	Fig 1E-F, Fig 3	Homeostatic stem/DCS/Wnt markers lost in wound-healing state	down
AXIN2	Hartl et al., Sci Adv, 2024	mouse	colon epithelium (DSS colitis) / colon & SI organoids			Y			RNA-ISH/qPCR	B	up	primary		Axin2	Results; fig. S1G; fig. S3G-H; Fig. 4F	Wnt target up after injury; remains elevated in Trp53 cKO and KO-WI organoids	T2
AXIN2	Cheung et al., Cell Stem Cell, 2020	mouse;human	AKP/AKPS organoids, orthotopic tumors; human PDO				Y		RT-qPCR; RNA-ISH	C	down	primary		Axin2/AXIN2	Fig 5B,G; Fig 6D; Fig S5G	Lost as YAP reprograms CSCs	down
AXIN2	Cañellas-Socias et al., Nature, 2022	human	CRC patient tumor cells				Y			C	down	primary		AXIN2	ED Fig 2k-o	WNT target gene not expressed in HRCs	down
AXIN2	van der Net et al., Cell Rep, 2025	mouse;human	AKP CRC organoids; patient CRC spatial				Y			C	down	primary		Axin2	Results Fig 1D-E, Fig 2C-E, Fig 2I-J	Stem cell markers lost as CRC cells transition to fetal-like state	down
AXIN2	Centonze et al., Cancer Discov, 2026	mouse	CRC metastasis				Y		Slam-seq nascent transcription	C	down	primary		Axin2	Suppl Fig S4B, Fig 4H	WNT/CSC target low in HRC state; rapidly induced by KRAS inhibition	down
AXL	Mouillet-Richard & Laurent-Puig, Cancers (Basel), 2020	human	CRC cohorts; MDST8 CMS4 cell line				Y		YAP/TAZ knockdown lowers AXL expression	C	up	review	Yuen et al. (ref 16); ref 70	AXL	Sections 2.1 and 2.3	YAP/TAZ target correlated with poor survival and part of the CMS4 gene set	T1
BASP1	Ayyaz et al., Nature, 2019	mouse	small intestine (irradiation)			Y			scRNA-seq	B	up	primary		Basp1	Fig 1d	Listed in the quiescent SSC2c revival stem cell signature	T1
BASP1	Sphyris et al., Cancers (Basel), 2021	mouse	intestinal epithelium (review)			Y				B	up	review	ref [156]	Basp1	Sec. 8	Elevated in Clu+ revival stem cells	T1
BASP1	Álvarez-Varela et al., Nat Cancer, 2022	mouse	CRC mouse tumour organoids				Y		RT-qPCR validation	C	up	primary		Basp (Basp1)	Fig 7f,g,i; ED Fig 8j	Fetal progenitor / revival stem cell marker up during FOLFIRI and down after recovery	T1
BATF2	Mzoughi et al., Nat Genet, 2025	mouse	intestine/colon				Y			C	up	primary		Batf2	Extended Data Fig 4k	AP-1 subunit induced by active YAP in wild-type organoids	T2
BHLHA15	Goldenring & Mills, Gastroenterology, 2022	mouse	stomach corpus, chief cell paligenosis			Y				B	down	review	numbered refs 29, 70, 78, 79 (reference list absent from this file)	Mist1 (Bhlha15)	Fig 2; paligenosis stages section	Mature chief cell transcription factor downregulated as the earliest event in SPEM reprogramming	down
BIRC5	Qin et al., Cell, 2023	mouse	colon organoids, CRC genotypes				Y			C	down	primary		Birc5 (Survivin)	Figure 1I; Figure 3E	proCSC marker; proliferative state opposing revCSC	down
BMP4	Moorman et al., Nature, 2025	human	intestine/colon				Y			C	up	primary		BMP4	Fig 1b; Extended Data Fig 7e	Endoderm development module gene; module most correlated with core fetal signature	T2
BMP7	Moorman et al., Nature, 2025	human	intestine/colon				Y			C	up	primary		BMP7	Extended Data Fig 3f	Embryonic developmental gene elevated in treatment-naive tumour cells above normal stem cells	T2
Ccl6 (mouse)	Gregorieff et al., Nature, 2015	mouse	intestinal organoids			Y			RNA-seq	B	down	primary		Ccl6	Extended Data Fig 3d-f	Paneth-associated gene suppressed by Yap during regeneration	down
CCN1	Gregorieff et al., Nature, 2015	mouse	intestinal epithelium			Y			ISH probe used for Yap target detection	B	up	primary		Cyr61	Methods, ISH probe list; Yap target	Canonical Yap target used to report the regenerative program	T1
CCN1	Yui et al., Cell Stem Cell, 2018	mouse	collagen-I fetal-like spheroids; ApcKO organoids			Y			qPCR; mechano-inhibition lowers expression	B	up	primary		Cyr61	Fig 4D, Results (ApcKO)	YAP/TAZ target gene induced with the fetal-like reprogramming	T1
CCN1	Mouillet-Richard & Laurent-Puig, Cancers (Basel), 2020		CRC (pathway schematic)				Y			C	up	review		CYR61	Fig. 2 legend	Named as a canonical YAP/TAZ target gene	T1
CCN1	Cañellas-Socias et al., Nature, 2022	human+mouse	CRC patient tumor cells; mouse tumor organoids				Y		YAP shRNA / TEADi reduce Cyr61; chemotherapy induces it	C	down	primary		CYR61	ED Fig 9a, 9g-o	Canonical YAP target not upregulated in HRCs, unlike in chemotherapy-induced fetal-like state	down
CCN1	Cañellas-Socias et al., Nature, 2022	mouse	CRC organoids				Y		shYAP and TEADi lowered it; Folfiri raised it	C	up	primary		Cyr61	ED Fig9a,i,k,n,o	Chemo-induced YAP/fetal program gene; not raised in HRCs	T1
CCN1	Heinz et al., Cancer Res, 2022	human and mouse	CRC organoids and liver micrometastases				Y		expression in micro-organoids and day-1 metastatic cells	C	up	primary		Cyr61	Fig 4E,I; Supplementary Figs S5A, S6D	YAP target gene of the micro-organoid/micrometastatic fetal-like state	T1
CCN2	Yui et al., Cell Stem Cell, 2018	mouse	collagen-I/Wnt3a or YAP-driven fetal-like spheroids; reversion assay			Y			qPCR; verteporfin/Rho inhibition reduce induction; reversible on Matrigel transfer	B	up	primary		Ctgf	Fig 4D, Fig 6H, Results (ApcKO)	YAP/TAZ target gene marking the reprogrammed fetal-like state	T1
CCN2	Chen et al., Cell Stem Cell, 2023	mouse	mouse intestinal epithelium (SMAD4 ChIP-seq, GSE112946)			Y			SMAD4 ChIP-seq binding only	B	up	primary		Ctgf	Fig 6N; Results	SMAD4 binds Ctgf locus, proposed direct TGFB1-to-regenerative/YAP response link	T1
CCN2	Hartl et al., Sci Adv, 2024	mouse	colon epithelium (DSS colitis) / colon & SI organoids			Y			bulk RNA/qPCR	B	up	primary		Ctgf	Results; Fig. 2H; Fig. 4H-I	Regenerative/YAP target up in Trp53 cKO colon and KO-WI organoids	T1
CCN2	Mouillet-Richard & Laurent-Puig, Cancers (Basel), 2020	human	CRC patient cohorts				Y			C	up	review	Yuen et al. (ref 16)	CTGF	Fig. 2 legend; Section 2.1	YAP/TAZ target gene; combined high WWTR1, AXL and CTGF marks the worst outcome	T1
CCN2	Cañellas-Socias et al., Nature, 2022	human+mouse	CRC patient tumor cells; mouse tumor organoids				Y		YAP shRNA / dominant-negative TEAD reduce Ctgf; Folfiri induces it	C	down	primary		CTGF	ED Fig 9a, 9g-o	Canonical YAP target NOT upregulated in HRCs; used to show the HRC state is distinct from the YAP/fetal program	down
CCN2	Cañellas-Socias et al., Nature, 2022	mouse	CRC organoids				Y		shYAP and TEADi lowered it; Folfiri raised it	C	up	primary		Ctgf	ED Fig9a,i,k,n,o	Chemo-induced YAP/fetal program gene; not raised in HRCs	T1
CCN2	Heinz et al., Cancer Res, 2022	human and mouse	CRC organoids and liver micrometastases				Y		expression in micro-organoids and day-1 metastatic cells; YAP perturbation	C	up	primary		Ctgf	Fig 4E,I; Supplementary Figs S5A, S6D	YAP target enriched in growth-stalled micro-organoids and earliest metastatic cells, the fetal-like YAP state	T1
CCN2	Álvarez-Varela et al., Nat Cancer, 2022	mouse	CRC mouse tumour organoids				Y		scRNA-seq plus RT-qPCR	C	up	primary		Ctgf (Ccn2)	Fig 7f,g,i; ED Fig 7d	Fetal progenitor / YAP target gene up in the persister population after FOLFIRI	T1
CCN2	van der Net et al., Cell Rep, 2025	mouse	AKP CRC organoids				Y		RT-qPCR	C	up	primary		Ctgf	Results Fig 4D	YAP1 target up in collagen I-induced fetal-like state	T1
CCND1	Ayyaz et al., Nature, 2019	mouse	small intestine (irradiation)			Y			scRNA-seq	B	up	primary		Ccnd1 (cyclin D1)	Main text; Fig 1b; ED Fig 3d	Gene distinguishing the irradiation-specific cluster 18 (SSC2)	T2
CD163	Sharma et al., Cell, 2020	human	HCC tumor macrophages					Y	flow cytometry; RNA-FISH	C	up	primary		CD163	Figures 2H, 3I; Figure 5I	Co-marker of fetal-like FOLR2+ TAM1; macrophage cell_type	T3
CD24	Damelin et al., Cancer Res, 2011	human	NSCLC H460T; 87426A1 culture					Y	FACS sorting	C	down	primary		CD24	Fig 1A-D, Fig 4E	Low in 5T4+ TICs; mutually exclusive with 5T4; rises on differentiation	down
CD274	Cañellas-Socias et al., Nature, 2022	mouse	AKTP CRC liver micrometastases				Y		flow cytometry of surface PD-L1 across metastasis sizes	C	up	primary		Cd274 (PD-L1)	ED Fig 12d; Fig 5i-j	Immunomodulatory gene elevated in undifferentiated HRCs of micrometastases	T1
CD36	Ganesh et al., Nat Cancer, 2020	human	CRC organoids				Y		scRNA-seq expression only	C	down	primary		CD36	Extended Data Fig 2g	L1CAM-high metastasis-initiating cells express low CD36; negative marker of this state	down
CD44	Goldenring & Mills, Gastroenterology, 2022	mouse	stomach corpus, chief cell paligenosis to SPEM			Y			review cites xCT blockade arresting paligenosis downstream of Mist1 loss	B	up	review	numbered refs 41, 32 (reference list absent from this file)	CD44v9 (CD44 variant 9)	Fig 1; Fig 2; paligenosis stages section	Upregulated in chief cells reprogramming to SPEM, stabilising the xCT cystine transporter	T1
CD44	Chen et al., Cell Stem Cell, 2023	mouse	small intestine epithelium (IR) and organoids (TGFB1)			Y			IHC; ATAC-seq open chromatin	B	up	primary		Cd44	Fig 1A (IHC regenerating clusters); Fig 6B (ATAC)	Stem/proliferative marker in regenerating clusters post-IR; regeneration marker with TGFB1-induced chromatin accessibility	T1
CD44	Hartl et al., Sci Adv, 2024	mouse	colon epithelium (published DSS datasets)			Y				B	up	primary		Cd44	Results; fig. S1G-I	Wnt target up early after DSS injury in regenerative phase	T1
CD44	Viragova et al., Cell Stem Cell, 2024	mouse	injured intestine; stomach/pancreas paligenosis; injured liver			Y			Aspn signals via CD44 to activate TGF-b and fetal-like reversion	B	up	review	primary refs not named (paligenosis; Aspn study)	Cd44	Paligenosis and Aspn sections	Regeneration-associated marker upregulated by injured epithelium	T1
CD44	Damelin et al., Cancer Res, 2011	human	NSCLC H460T; patient tumors					Y	FACS sorting CD24-/lo CD44hi enriches TICs; IHC	C	up	primary		CD44	Fig 1A-B	TIC marker combination co-enriched with 5T4	T1
CD44	Ganesh et al., Nat Cancer, 2020	human	CRC liver metastasis				Y		flow cytometry only	C	up	primary		CD44	Extended Data Fig 2h,i	Higher on L1CAM-high than L1CAM-low tumour cells	T1
CD44	Mouillet-Richard & Laurent-Puig, Cancers (Basel), 2020	human	CMS4 CRC cell line				Y		decreased on YAP/TAZ silencing	C	up	review	authors' unpublished data	CD44	Section 2.3	Cancer stem cell marker reported as YAP/TAZ dependent in CMS4 cells	T1
CD44	De Angelis et al., Cancers (Basel), 2021	human	CRC patient tumors and metastasis				Y		cited isolation and metastasis assays	C	up	review	cited ref 44	CD44 / CD44v6	Section 2.1; Section 3	Review: CD44v6 isoform reported as a strong marker of metastatic capability; markers lower in edge/budding cells	T1
CD70	Moorman et al., Nature, 2025	human	intestine/colon				Y			C	up	primary		CD70	Fig 1b	Injury-repair module gene linked to regeneration and therapy resistance	T1
CDH1	Ganesh et al., Nat Cancer, 2020	human	CRC metastasis organoids				Y		shRNA knockdown lowers REST and induces L1CAM	C	down	primary		CDH1	Figs 7c,d	Loss of membrane E-cadherin contacts drives the regenerative L1CAM-high state	down
CDH17	Viragova et al., Cell Stem Cell, 2024	mouse	hepatocytes after acetaminophen injury			Y			up	B	up	review	primary ref not named (ref 90)	Cdh17	Cross-tissue section (liver)	Development-associated gene in transient fetal-like hepatocyte signature	T3
CDH2	Mouillet-Richard & Laurent-Puig, Cancers (Basel), 2020	human	MDST8 CMS4 CRC cell line				Y		YAP/TAZ knockdown reduces expression	C	up	review	ref 70	CDH2	Section 2.3	YAP/TAZ-controlled EMT gene specifying the CMS4 phenotype	T2
CDKN1A	Hartl et al., Sci Adv, 2024	mouse	colon epithelium (DSS colitis) / colon & SI organoids			Y			IF/qPCR	B	up	primary		p21/Cdkn1a	Results; Fig. 1B; fig. S4B	p53 target induced in nearly all nuclei of regenerative crypts and Wnt-boosted organoids	T2
CDKN1B	Pérez-González et al., Nat Cancer, 2023	human	CRC				Y		dormant Lgr5+p27+ cells reawaken via FAK-YAP	C	up	review	ref 241 (reference list absent from file)	p27	Drug Tolerance Mechanisms section	Marks dormant CSCs whose awakening depends on FAK-YAP activation	T2
CDKN1B	Higa & Nakayama, Cancer Sci, 2024	mouse	CRC				Y		dormancy broken by FAK-YAP activation lowering p27	C	up	review	cited COL17A1/p27 dormancy study (reference list absent from file)	p27	Section 4; Figure 2B	Marks dormant chemoresistant Lgr5+ CSCs in the review's account	T2
CDKN1C	Higa & Nakayama, Cancer Sci, 2024	mouse	CRC organoid transplants				Y		genetic ablation of p57+Lgr5+ CSCs reduces post-therapy recurrence	C	up	review	authors' own prior scRNA-seq studies (reference list absent from file)	p57	Section 4; Figures 1C, 2C	Marks quiescent Lgr5+ CSCs activated by chemotherapy; also marks injury-induced intestinal stem cells	T2
CDX1	Moorman et al., Nature, 2025	human	intestine/colon				Y			C	down	primary		CDX1	Fig 1b text	Intestinal TF absent from the non-canonical tumour neuroendocrine population	down
CDX1	Centonze et al., Cancer Discov, 2026	mouse/human	CRC organoids				Y			C	down	primary		Cdx1	Suppl Fig S9B/E/F	Intestinal identity TF restored by KRAS inhibition, i.e. low in HRC state	down
CDX2	Mouillet-Richard & Laurent-Puig, Cancers (Basel), 2020	human	CRC cell lines				Y		YAP negatively regulates CDX2	C	down	review	ref 64 (reference list absent from file)	CDX2	Section 2.3	YAP maintains stem cell markers partly by repressing this differentiation transcription factor	down
CDX2	Higa & Nakayama, Cancer Sci, 2024	human and mouse	serrated-lesion-derived CRC				Y		cited Cdx2 ablation plus BrafV600E restoring stem cells	C	down	review	cited serrated lesion studies (reference list absent from file)	CDX2	Section 6	Loss of CDX2 permits metaplasia-like reprogramming accompanying fetal-like signatures in serrated tumours	down
CDX2	Moorman et al., Nature, 2025	human	intestine/colon				Y		immunofluorescence	C	down	primary		CDX2	Extended Data Fig 11d; Fig 1b	Intestinal lineage TF low in invasion-front fetal-like cells and tumour neuroendocrine cells	down
CDX2	Mzoughi et al., Nat Genet, 2025	mouse	intestine/colon				Y		footprinting	C	down	primary		CDX2	Fig 2b,c; Extended Data Fig 3c	Caudal identity factor losing activity as cells regress to primitive state	down
CDX2	Centonze et al., Cancer Discov, 2026	human/mouse	CRC (TCGA) + organoids				Y			C	down	primary		CDX2	Fig 3J, Suppl Fig S9B/E/F	Intestinal identity TF suppressed in KRAS/MAPK-mutant HRC-high tumors	down
CEACAM1	Damelin et al., Cancer Res, 2011	human	NSCLC PDX 60257A1					Y	microarray	C	up	primary		CEACAM1	Fig 2C	Carcinoembryonal antigen higher in 5T4hi TIC fraction	T3
CEACAM6	Damelin et al., Cancer Res, 2011	human	NSCLC PDX 60257A1					Y	microarray	C	up	primary		CEACAM6	Fig 2C	Carcinoembryonal antigen higher in 5T4hi TIC fraction	T3
CHGA	Yui et al., Cell Stem Cell, 2018	mouse	collagen-I fetal-like spheroids			Y			qPCR; reversible	B	down	primary		ChgA	Fig 4D, Fig 6H	Enteroendocrine marker repressed in reprogrammed fetal-like cultures	down
CLDN4	Qin et al., Cell, 2023	mouse	colon organoid + fibroblast co-culture			Y				B	up	primary		Cldn4	Figure 1I; revCSC cluster markers	Epithelial progenitor gene high in fibroblast-induced revCSC cluster	T1
CLDN4	Cañellas-Socias et al., Nature, 2022	human	CRC primary tumors				Y			C	up	primary		CLND4 (as written)	ED Fig 7g; Supp Table 2 (coreHRC)	Tight junction component upregulated in the core HRC program	T1
CLU	Gregorieff et al., Nature, 2015	mouse	small intestine after irradiation; Lats1/2 mutant			Y			in situ hybridisation; Yap-dependent	B	up	primary		Clu	Extended Data Figs 5, 6a	Member of the Yap-driven regenerative gene program induced post-irradiation	T1
CLU	Ayyaz et al., Nature, 2019	mouse	small intestine and colon (irradiation, DSS, Lgr5 ablation)			Y			Clu-CreERT2 lineage tracing yields crypt-villus ribbons and new LGR5+ CBCs; Clu-DTA ablation impairs regeneration and DSS survival	B	up	primary		Clu (clusterin)	Abstract; Figs 1-4; ED Figs 3-10	Defining revival stem cell marker, rare at homeostasis and induced by damage in a YAP1-dependent way	T1
CLU	Hageman et al., Dev Cell, 2020	mouse	small intestine (irradiation, DT-mediated Lgr5 ablation, DSS)			Y			cells proliferate and replenish epithelium after damage	B	up	review	revival stem cell study (in-text citations stripped from file)	Clu	Plasticity of Epithelial Cells - Quiescent Cells	Rare Clu-expressing revival stem cells, mostly at the +4 position, expand after injury and restore the epithelium	T1
CLU	Beumer & Clevers, Nat Rev Mol Cell Biol, 2021	mouse	small intestine (CBC ablation, irradiation, DSS)			Y			Lineage tracing (generate LGR5+ CBCs); ablation impairs regeneration; YAP deletion abolishes population (per review)	B	up	review	Ayyaz et al., Nature, 2019	CLU	'Damage signals' section; ref 94	Marks damage-induced revival stem cells with YAP signature	T1
CLU	Sphyris et al., Cancers (Basel), 2021	mouse	intestinal epithelium (review)			Y			lineage: revSCs regenerate all lineages incl. Lgr5+ ISCs, YAP1-dependent	B	up	review	ref [156] (revival stem cell study)	Clu	Sec. 8; Fig. 2 legend	Defining marker of revival stem cells expanded after Lgr5 ablation, irradiation, DSS	T1
CLU	Chen et al., Cell Stem Cell, 2023	mouse; human organoids	small intestine epithelium (12Gy IR in vivo; TGFB1-treated organoids)			Y			TGFB1 sufficient to induce in organoids; induction lost in Tgfbr2KO and with TGFBR inhibitors; scRNA/RNA velocity	B	up	primary		Clu	Results; Fig 1G, S1F-H, Fig 2A, Fig 3B-C, Fig 4I-K; Discussion	Hallmark fetal/regenerative (revival) marker elevated in Ki67+ regenerating crypt cells post-IR and induced within 6h of TGFB1 in organoids	T1
CLU	Qin et al., Cell, 2023	mouse	colon organoid + fibroblast co-culture			Y			scRNA-seq + mass cytometry; CLU protein readout of revCSC	B	up	primary		Clu	Figure 1I; Figure 3E; revCSC signature	Top defining marker of fibroblast/TGF-b1-induced revival colonic stem cells described as fetal-like	T1
CLU	Higa & Nakayama, Cancer Sci, 2024	mouse	small intestine after irradiation			Y			cited YAP/TAZ requirement for Clu+ RSC generation	B	up	review	cited primary study on Clu+ RSCs (reference list absent from file)	Clu	Section 6; Figure 4	Review names Clu as a fetal gene marking injury-induced revival stem cells	T1
CLU	Tape, Trends Cancer, 2024	mouse	intestine (injury, helminth infection, irradiation)			Y				B	up	review	primary ref unresolved (citation markers stripped from this file)	Clu	Revival stem cells section	Review lists Clu among revival stem cell markers in injured intestine	T1
CLU	Viragova et al., Cell Stem Cell, 2024	mouse	irradiated small intestine; wound-associated epithelium			Y			Review: YAP target co-expressed with Ly6a/Anxa1	B	up	review	Ayyaz et al., 2019	Clu	Signaling pathways section; Table 1	Revival/YAP-driven regenerative marker; not induced by NRG1 alone	T1
CLU	Clevers, Cell, 2026	mouse	small intestine (damage, irradiation)			Y			YAP-driven emergence; revSCs reconstitute Lgr5+ compartment (per review)	B	up	review	Gregorieff and colleagues (revSC study; ref not named in text)	Clu	Section 'Even fully differentiated cells revert...'; 'The fetal-like regenerative state'	Marks revival stem cells, rare in homeostasis, expanded by YAP after damage; co-expressed with fetal culture markers	T1
CLU	Sphyris et al., Cancers (Basel), 2021	human	CRC patient-derived organoids / patients				Y			C	up	review	ref [165]	CLU	Sec. 8	revSC signature correlates with 5-FU resistance; high CLU associated with poor survival and recurrence	T1
CLU	Gil Vazquez et al., Cell Stem Cell, 2022	human and mouse	colorectal neoplasia				Y		ISH probes applied across lesions	C	up	primary		CLU / Clu	Introduction; Key Resources Table (ISH probes Mm-Clu, Hs-CLU)	Cited as a gene used to identify regenerative (revival) stem cells and assessed morphologically across lesions	T1
CLU	Qin et al., Cell, 2023	mouse	Apc/Kras/Trp53 mutant colon organoids				Y		CLU-high state reached in AK organoids with TGF-b1 + PI3K inhibitor	C	up	primary		Clu	Figure 6F-6H; relative stemness score (LRIG1/CLU)	revCSC state accessible in CRC-mutant epithelia; used as the revCSC axis of the stemness score	T1
COL17A1	Cañellas-Socias et al., Nat Rev Gastroenterol Hepatol, 2024	human PDO	CRC after chemotherapy				Y		disruption by chemotherapy acts as mechanosensor triggering YAP	C	down	review	Ohta et al., Nature, 2022 (ref 112)	COL17A1	Tumour cell plasticity section	Its chemotherapy-induced loss switches on YAP activity in surviving quiescent LGR5+ tumour cells	down
COL17A1	Higa & Nakayama, Cancer Sci, 2024	mouse	CRC				Y		chemotherapy downregulates it, activating FAK-YAP	C	down	review	cited dormancy study (reference list absent from file)	COL17A1	Section 4; Figure 2B	Matrix anchor maintaining CSC dormancy; lost after chemotherapy, enabling YAP-driven regrowth	down
COL1A1	Yui et al., Cell Stem Cell, 2018	mouse	DSS repairing colonic epithelium			Y			Expression profiling plus second-harmonic imaging of wound collagen	B	up	primary		collagen type I (Col1a1)	Fig 3A-B, Suppl Fig S3A	ECM gene strongly elevated in the repairing (fetal-like) epithelium itself	T1
CXADR	Ayyaz et al., Nature, 2019	mouse	small intestine (irradiation)			Y			scRNA-seq	B	up	primary		Cxadr	Fig 1d	Listed in the quiescent SSC2c revival stem cell signature	T1
CXADR	Sphyris et al., Cancers (Basel), 2021	mouse	intestinal epithelium (review)			Y				B	up	review	ref [156]	Cxadr	Sec. 8	Elevated in Clu+ revival stem cells	T1
CXCL2	Ogden et al., Cell Genom, 2025	human	primary CRC				Y			C	up	primary		CXCL2	Fig 1F; Fig S14B	Chemokine marking the hybrid intermediate (i)REC/stem state and a predicted iREC-inducing ligand	T1
CXCL3	Ogden et al., Cell Genom, 2025	human	primary CRC				Y			C	up	primary		CXCL3	Fig 1F	Chemokine upregulated in the intermediate REC/stem hybrid cancer state	T1
CYP2W1	Moorman et al., Nature, 2025	human	intestine/colon				Y			C	up	primary		CYP2W1	Extended Data Fig 3f	Embryonic developmental gene elevated in treatment-naive tumour cells above normal stem cells	T1
DACH1	Ogden et al., Cell Genom, 2025	human	patient-derived organoids (2D collagen I culture)				Y		RT-qPCR after 2D collagen culture	C	down	primary		DACH1	Fig 3K; Fig S7B	Stem cell marker repressed during transition into (i)REC state	down
DCLK1	Goldenring & Mills, Gastroenterology, 2022	mouse	stomach corpus tuft cells during metaplasia induction			Y				B	up	review	numbered refs 105, 106 (reference list absent from this file)	DCLK1	Immune cell regulation of metaplasia section; Fig 4	Tuft cell marker upregulated after parietal cell loss; tuft-derived IL-25 feeds the ILC2-IL-13 axis driving SPEM	T3
DCLK1	Burdziak et al., Science, 2023	mouse	pancreas GEMM epithelium					Y	scRNAseq cluster marker	C	up	primary		Dclk1	Fig 1B; Fig S1B-E	Marker of the progenitor-like tuft state in premalignant pancreas; cell_type: pancreatic epithelium	T3
DDIT4	Goldenring & Mills, Gastroenterology, 2022	mouse	stomach corpus, SPEM			Y				B	up	review	numbered refs 34, 53, 75 (reference list absent from this file)	DDIT4	Section on SPEM gene upregulation	Upregulated in SPEM alongside DNA unwinding and damage-monitoring genes	T3
DDIT4	Viragova et al., Cell Stem Cell, 2024	mouse	stomach/pancreas paligenosis; intestine after chemotherapy			Y			Ddit4-null mice regenerate poorly after doxorubicin	B	up	review	primary refs not named (paligenosis refs 76, 80)	Ddit4	Paligenosis section	Paligenosis gene shared with fetal-like regenerative programs	T3
DDR1	Cañellas-Socias et al., Nature, 2022	human	CRC primary tumors				Y			C	up	primary		DDR1	Identification of EpiHR+ tumor cells; Fig 1i; Supp Table 2	Collagen-sensing receptor enriched in HRCs vs non-HRCs	T1
DKK2	Ramadan et al., Trends Cancer, 2022	mouse	intestinal crypts (Apc-mutant)			Y				B	up	review	cited supercompetition study	Dkk2	Section 'Supercompetition facilitates tumor initiation'	Review: Wnt antagonist secreted by Apc-mutant cells against neighbouring normal ISCs	T2
DLL4	Sharma et al., Cell, 2020	human	HCC tumor endothelium					Y	DLL4-coated beads reprogram monocytes; anti-DLL4 blocks it	C	up	primary		DLL4	Figure 6D-6F; Figure 7A-7B	Notch ligand on onco-fetal endothelium driving fetal-like macrophage reprogramming; endothelial cell_type	T3
DSC2	Cañellas-Socias et al., Nature, 2022	human	CRC primary tumors				Y			C	up	primary		DSC2	ED Fig 7g; Supp Table 2 (coreHRC)	Desmosome component upregulated in the core HRC program	T1
EDN1	Gregorieff et al., Nature, 2015	mouse	small intestine after irradiation			Y			fluorescence ISH in Olfm4+ stem cells; Yap-dependent	B	up	primary		Edn1	Figure 2d; Extended Data Fig 6b	Regenerative gene induced in stem cells post-irradiation in a Yap-dependent manner	T2
EDN1	Chen et al., Cell Stem Cell, 2023	mouse	small intestine epithelium (IR) and organoids (TGFB1)			Y				B	up	primary		Edn1	Discussion	YAP/TAZ target upregulated during IR regeneration and by TGFB1 in organoids	T2
EMP1	Cañellas-Socias et al., Nature, 2022	human+mouse	CRC primary tumors and liver/lung metastases (patient scRNAseq; AKTP/AKP mouse tumor organoids)				Y		Emp1-iCaspase9 ablation prevents metastatic relapse; knock-in reporter tracking; RNA-FISH in patient CRC	C	up	primary		EMP1/Emp1	Fig 3, Fig 4; ED Fig 5, 8, 10, 11	Marker gene chosen for High Relapse Cells; marks invasion fronts, tumor buds and micrometastases	T1
EMP1	Pérez-González et al., Nat Cancer, 2023	mouse	CRC metastasis				Y		ablation of EMP1+ cells prevents metastatic dissemination	C	up	review	ref 169 (reference list absent from file)	EMP1	Metastatic colonization section	Residual Lgr5-negative migratory EMP1+ cells described as the cell of origin of CRC metastasis	T1
EMP1	Cañellas-Socias et al., Nat Rev Gastroenterol Hepatol, 2024	mouse; human	CRC primary tumour and liver/lung residual disease				Y		Emp1-locus ablation prevents metastatic recurrence; lineage tracing	C	up	review	Cañellas-Socias et al., Nature, 2022 (ref 61)	Emp1/EMP1	Tumour cell plasticity section; Fig. 2a,b	Marker gene of LGR5-negative high relapse cells at invasion fronts; residual disease after surgery made of Emp1+ clusters	T1
EMP1	Tape, Trends Cancer, 2024	mouse	CRC metastatic relapse models				Y		review cites genetic depletion of EMP1+ cells protecting mice from metastatic relapse	C	up	review	primary ref unresolved (citation markers stripped from this file)	EMP1	Stem cell plasticity in CRC metastasis; Concluding remarks	Slow-cycling LGR5-negative EMP1+ relapse cells are ANXA1+ and overlap the revCSC signature	T1
EMP1	Moorman et al., Nature, 2025	human	intestine/colon				Y			C	up	primary		EMP1	Fig 1b; Discussion	Injury-repair module gene marking regenerative metastasis-initiating tumour cells	T1
EMP1	Ogden et al., Cell Genom, 2025	human	primary CRC and liver metastasis (scRNAseq, snMultiome, Visium; patient-derived organoids)				Y		enhancer-gene link; AP-1 dominant-negative (GFP-aFOS) reduces it in 2D collagen culture; induced by 2D collagen I culture	C	up	primary		EMP1	Fig 1F, Fig 3A-B, 3L; Fig S6L	Marker of regenerative (REC/iREC) cancer cell states; within FOS/FOSB/JUNB regulons	T1
EMP1	van der Net et al., Cell Rep, 2025	mouse	AKP CRC organoids (signature comparison)				Y			C	up	primary		EMP1	Discussion; Fig S4F	EMP1-high relapse signature partially overlaps fetal-like signature; relationship unresolved	T1
EMP1	Buissant des Amorie et al., Nature, 2026	human	early-stage CRC organoids / invasive front				Y		CRISPR mNeonGreen knock-in reporter at EMP1 locus used to screen oncofetal-state inducers	C	up	primary		EMP1	Figs 4f-i; Extended Data Figs 2f, 8d-f	Marker gene of High Relapse Cell/oncofetal state; reporter induced by TGFb plus prostaglandins	T1
EMP1	Centonze et al., Cancer Discov, 2026	mouse	CRC liver metastasis (organoid + in vivo)				Y		Emp1-TdTomato knock-in reporter labels HRCs; iCasp9/DT ablation models	C	up	primary		Emp1	Fig 1G-H, Fig 2C, Fig 3A, Fig 5C-D	Key marker gene of EMP1+ HRC/oncofetal-like state; downregulated by KRASG12D inhibition	T1
EPHB2	Ganesh et al., Nat Cancer, 2020	human	CRC liver metastasis				Y		flow cytometry only	C	up	primary		EphB2	Extended Data Fig 2h,i	Higher on L1CAM-high than L1CAM-low tumour cells	T1
EPHB2	Gil Vazquez et al., Cell Stem Cell, 2022	mouse	KPN mouse intestinal tumours				Y		FACS enrichment then single-cell organoid formation	C	down	primary		Ephb2	Fig 1D; Fig S2	Used as CBC (crypt base columnar) surface marker opposite to Ly6a; marks the non-regenerative stem pole	down
EPHB2	Qin et al., Cell, 2023	mouse	colon organoids, CRC genotypes				Y			C	down	primary		EphB2	Figure 1I; Figure 3E	proCSC marker enriched by Apc/Kras mutations; opposite pole to revCSC	down
EPHB3	Gregorieff et al., Nature, 2015	mouse	intestinal organoids			Y			RNA-seq	B	down	primary		Ephb3	Extended Data Fig 3d-f	Wnt/stem gene repressed by Yap in the regenerative state	down
EREG	Gregorieff et al., Nature, 2015	mouse	intestinal epithelium and stroma after irradiation			Y			recombinant Ereg rescues Yap-null organoid morphogenesis	B	up	primary		Ereg	Figure 3a-3b; Extended Data Figs 6a, 7	Key Egfr ligand of the Yap regenerative program; functionally sufficient to rescue Yap loss	T2
EREG	Yui et al., Cell Stem Cell, 2018	mouse	collagen-I fetal-like spheroids			Y			qPCR	B	up	primary		Ereg	Fig 4D	YAP/TAZ target gene induced in reprogrammed fetal-like cultures	T2
EREG	Beumer & Clevers, Nat Rev Mol Cell Biol, 2021	mouse	small intestine (regeneration); organoids			Y			Epiregulin rescues YAP-deficient organoid formation (per review)	B	up	review	Gregorieff et al., Nature, 2015	epiregulin	'Damage signals' section; ref 86	YAP target gene upregulated during intestinal regeneration	T2
EREG	Sphyris et al., Cancers (Basel), 2021	mouse	intestinal epithelium (review)			Y				B	up	review	ref [152]	EREG	Sec. 8	YAP activates EREG post-irradiation to drive proliferation in regenerative state	T2
ESRRB	Messier et al., J Cell Physiol, 2016	human	breast cancer (MCF7 cell line; ESR/PGR+ patient tumors)					Y	ChIP-seq bivalency only	C	up	primary		ESRRB	Discussion; Fig 3-4 (331-gene MCF7 bivalent signature)	Example orphan nuclear receptor bivalently marked (H3K4me3+H3K27me3) in hESC, MCF7 and patient tumors; 'oncofetal epigenetic' signature; direction=bivalent, not expression	T3
EZR	Centonze et al., Cancer Discov, 2026	mouse	CRC metastasis				Y			C	up	primary		Ezr	EpiHR signature description (Results)	Cytoskeleton organizer listed among EpiHR HRC genes	T1
F11R	Centonze et al., Cancer Discov, 2026	mouse	CRC metastasis				Y			C	up	primary		F11r	EpiHR signature description (Results)	Tight-junction gene listed in EpiHR HRC signature	T1
FABP5	Mo et al., Hum Cell, 2023	human	gastric cancer TEC (C3), TAM (C2), myeloid - stromal/immune					Y	scRNA-seq	C	up	primary		FABP5	Fig 1E, Fig 3B, Fig 4B	Embryonic stem gene high in tumor myeloid/endothelial cells	T3
FOLR2	Sharma et al., Cell, 2020	human	fetal liver macrophages	Y					flow cytometry and RNA-FISH	A	up	primary		FOLR2	Figures 3F-3K	Shared marker of fetal-liver macrophages; macrophage cell_type	T3
FOLR2	Sharma et al., Cell, 2020	human	HCC tumor macrophages					Y	FACS and RNA-FISH validation	C	up	primary		FOLR2	Figures 2H-2I; Figure 4F-4I	Defines fetal-like TAM1 in HCC; macrophage cell_type	T3
FOLR2	Cao et al., MedComm, 2023	human	liver/HCC; fetal-like TAMs (stromal/immune)					Y	scRNA-seq	C	up	review	ref 232 (scRNA-seq human liver development-to-HCC atlas)	FOLR2	Sec 4 Oncofetal reprogramming of TME	Fetal-like macrophage marker in HCC oncofetal ecosystem; immune, not epithelial	T3
FOS	Mzoughi et al., Nat Genet, 2025	mouse	intestine/colon				Y		knockdown dominant-negative overexpression	C	up	primary		FOS	Fig 2f,g,j,l	AP-1 subunit reinforcing oncofetal state and lineage plasticity	T2
FOS	Ogden et al., Cell Genom, 2025	human	liver metastasis snMultiome; patient-derived organoids				Y		dominant-negative aFOS reduces (i)REC marker expression and 2D growth; SCENIC+ regulon	C	up	primary		FOS	Fig 3D-F, 3J-M; Table S8	AP-1 family TF identified as key regulator of regenerative cancer cell states	T2
FOSB	Ogden et al., Cell Genom, 2025	human	liver metastasis snMultiome				Y		SCENIC+ regulon accessibility higher in (i)RECs	C	up	primary		FOSB	Fig 3D-E; Fig S6F-G	AP-1 member whose regulon defines the (i)REC state; EMP1 is in its regulon	T2
FOSL1	Mzoughi et al., Nat Genet, 2025	mouse	intestine/colon				Y			C	up	primary		Fosl1	Extended Data Fig 4k	AP-1 subunit induced by active YAP in wild-type organoids	T2
FOSL1	Ogden et al., Cell Genom, 2025	human	liver metastasis snMultiome				Y			C	up	primary		FOSL1	Fig 3D; Fig S6F-G	AP-1 TF with motif accessibility correlated to expression in (i)RECs	T2
FOSL2	Mzoughi et al., Nat Genet, 2025	mouse	intestine/colon				Y			C	up	primary		Fosl2	Extended Data Fig 4k	AP-1 subunit induced by active YAP in wild-type organoids	T2
FOSL2	Ogden et al., Cell Genom, 2025	human	liver metastasis snMultiome				Y			C	up	primary		FOSL2	Fig 3D; Fig S6F-G	AP-1 TF enriched in (i)REC states	T2
FOXA2	Viragova et al., Cell Stem Cell, 2024	mouse	OSKM-reprogrammed hepatocytes			Y			up	B	up	review	primary ref not named (ref 92)	Foxa2	Cross-tissue section (liver)	Developmental TF upregulated in fetal-like hepatocytes	T3
GATA4	Viragova et al., Cell Stem Cell, 2024	zebrafish/mouse	regenerating heart; OSKM-reprogrammed liver			Y			up	B	up	review	primary refs not named (refs 70, 92)	Gata4	Cross-tissue section	Embryonic TF re-expressed during regeneration (non-intestinal)	T3
GATA6	Viragova et al., Cell Stem Cell, 2024	mouse	OSKM-reprogrammed hepatocytes			Y			OSKM activation improves CCl4 injury recovery	B	up	review	primary ref not named (ref 92)	Gata6	Cross-tissue section (liver)	Developmental TF upregulated in fetal-like hepatocytes	T3
GCG	Hartl et al., Sci Adv, 2024	mouse	colon epithelium (DSS colitis) / colon & SI organoids			Y			IF/qPCR/bulk RNA	B	down	primary		Gcg	Results; Fig. 2H-I; Fig. 4B,E	Differentiation (enteroendocrine) marker lost in regenerative/locked-regenerative state	down
GJA1	Clevers, Cell, 2026	mouse	fetal intestinal organoids		Y					A	up	review	organoids grown from fetal gut (ref not named in text)	Gja1	Section 'The fetal-like regenerative state'	Gene described as typically enriched in organoids grown from fetal gut	T1
GJA1	Nusse et al., Nature, 2018	mouse	duodenal crypt epithelium (H. polygyrus granuloma) / Sca-1+ spheroids			Y			qPCR sorted cells	B	up	primary		Gja1	Results; ED Fig. 8b	Fetal marker up-regulated in Sca-1+ granuloma crypt cells in vivo	T1
GJA1	Viragova et al., Cell Stem Cell, 2024	mouse	GAC-derived spheroids			Y			up	B	up	review	Nusse et al., 2018	Gja1	Fetal-like reversion section	Fetal organoid marker expressed by injury-derived fetal-like spheroids	T1
GJA1	Clevers, Cell, 2026	mouse	small intestine crypts near helminth granulomas			Y				B	up	review	helminth (H. polygyrus) granuloma study (ref not named in text)	Gja1	Section 'The fetal-like regenerative state'	Upregulated in crypts near worm-induced granulomas (fetal reversion), driven by interferon-gamma	T1
GJA1	Mo et al., Hum Cell, 2023	human	gastric cancer TEC (C2) - endothelial					Y	scRNA-seq NMF; HPA IHC	C	up	primary		GJA1	Fig 3B, Fig 6E	Defines oncofetal TEC subtype; poor prognosis	T1
GPC1	Moorman et al., Nature, 2025	human	intestine/colon				Y		organoid media switch qPCR	C	up	primary		GPC1	Extended Data Fig 9e,f	Fetal-state readout rising when intestinal growth factors removed from metastasis organoids	T1
HBEGF	Gregorieff et al., Nature, 2015	mouse	intestinal organoids			Y			RNA-seq of Yap-deficient vs Yap-overexpressing organoids	B	up	primary		Hbegf	Supplementary Table 1; Yap regenerative program	Egfr ligand listed in the Yap regenerative module	T2
HES1	Sharma et al., Cell, 2020	human	HCC tumor macrophages					Y	SCENIC regulon; RNA-FISH next to DLL4+ endothelium	C	up	primary		HES1	Figure 6B-6C; Figure 6D-6E	Conserved regulon of onco-fetal macrophage reprogramming; macrophage cell_type	T3
HMGA2	Fujiwara et al., PNAS, 2024	human	lung adenocarcinoma cell lines					Y	mentioned as IGF2BP3-sequestered transcript	C	up	primary		HMGA2	Discussion	Named as an IGF2BP3 target mRNA protected from Let-7 silencing; cell_type: lung tumor epithelium	T3
HNF4A	Mzoughi et al., Nat Genet, 2025	mouse	intestine/colon				Y		footprinting	C	down	primary		HNF4a	Fig 2b,c; Extended Data Fig 3c	Maturation factor with progressively reduced activity during oncofetal shift	down
HNF4A	Centonze et al., Cancer Discov, 2026	human/mouse	CRC (TCGA) + organoids				Y			C	down	primary		HNF4A	Fig 3J, Suppl Fig S9B/E/F	Intestinal identity TF suppressed in HRC/oncofetal-like KRAS-mutant tumors	down
HOPX	Walter et al., Cancers (Basel), 2021	mouse	colon (colitis)			Y				B	up	review	Stappenbeck group (ref 52; reference list not in file)	Hopx	Section 3.1	Named as marker of colitis-associated regenerative stem cells; review notes possible relevance to CRC	T1
IDO1	Cañellas-Socias et al., Nature, 2022	mouse	AKTP CRC liver micrometastases				Y			C	up	primary		Ido1	ED Fig 12d	Immune-suppressive gene elevated in micrometastatic HRCs	T1
IFITM1	Mo et al., Hum Cell, 2023	human	gastric cancer CAF (C3) - stromal					Y	scRNA-seq NMF; HPA IHC	C	up	primary		IFITM1	Fig 2B, Fig 6E	Defines oncofetal CAF subtype; poor prognosis	T3
IFRD1	Goldenring & Mills, Gastroenterology, 2022	mouse	stomach corpus, SPEM			Y				B	up	review	numbered refs 34, 53, 75 (reference list absent from this file)	IFRD1	Section on SPEM gene upregulation	Upregulated in SPEM alongside DNA unwinding and damage-monitoring genes	T3
IFRD1	Viragova et al., Cell Stem Cell, 2024	mouse	stomach/pancreas paligenosis; intestinal resection			Y			Ifrd1 loss blunts regeneration after small-bowel resection	B	up	review	primary refs not named (refs 76, 78, 79)	Ifrd1	Paligenosis section	Paligenosis gene implicated in intestinal injury response	T3
IGF2BP3	Viragova et al., Cell Stem Cell, 2024	mouse/human	regenerating hepatocytes; acute liver failure patients			Y			scRNA-seq/ATAC of post-hepatectomy hepatocytes	B	up	review	primary refs not named (refs 91, 105)	Igf2bp3	Cross-tissue section; outlook	Fetal-like hepatocyte marker, also high in human acute liver failure	T3
IGF2BP3	Fujiwara et al., PNAS, 2024	human	lung (LUAD)					Y	siRNA KD in A549/NCI-H1703; IP with Drosha; nRIP	C	up	primary		IGF2BP3 (IMP3)	Fig. 4-6; D-score regulator screen	Termed oncofetal; correlates with high D-score; drives miR-21-5p+C isomiR and lowers Let-7 seed occupancy	T3
IGFBP3	Hartl et al., Sci Adv, 2024	mouse	colon epithelium (DSS colitis) / colon & SI organoids			Y			bulk RNA	B	up	primary		Igfbp3	Results; Fig. 2H	Regenerative marker increased in locked-regenerative Trp53 cKO colon	T1
IL18	Burdziak et al., Science, 2023	mouse	pancreas GEMM epithelium					Y	smFISH spatial validation	C	up	primary		Il18	Results 'communication modules'; Fig 4	Communication-gene marker of the gastric (E6) plastic epithelial state; cell_type: pancreatic epithelium	T3
IL1RN	Gregorieff et al., Nature, 2015	mouse	small intestine after irradiation			Y			in situ hybridisation	B	up	primary		Il1rn	Extended Data Fig 5	Yap-induced regenerative/inflammatory gene	T1
IL1RN	Viragova et al., Cell Stem Cell, 2024	mouse	irradiated small intestine; luminal helminth infection			Y			up	B	up	review	Ayyaz et al., 2019	Il1rn	Signaling pathways section; Table 1	YAP target gene of the regenerative fetal-like state	T1
IL1RN	Clevers, Cell, 2026	mouse	small intestine (irradiation)			Y				B	up	review	radiation-damage YAP study (ref not named)	Il1rn	Section 'The fetal-like regenerative state'	YAP target in regenerating irradiated crypts, often co-expressed with fetal culture markers	T1
IL33	Clevers, Cell, 2026	mouse	fetal intestinal organoids		Y					A	up	review	organoids grown from fetal gut (ref not named in text)	Il33	Section 'The fetal-like regenerative state'	Gene described as typically enriched in organoids grown from fetal gut	T1
IL33	Gregorieff et al., Nature, 2015	mouse	intestine of Lats1/Lats2 mutants			Y			in situ hybridisation	B	up	primary		Il33	Extended Data Fig 6a	Induced when Yap is made nuclear by Lats1/2 deletion	T1
IL33	Viragova et al., Cell Stem Cell, 2024	mouse	GAC-derived spheroids			Y			Review: spheroids stably passaged, R-spondin independent	B	up	review	Nusse et al., 2018	Il33	Fetal-like reversion section	Listed fetal organoid marker highly expressed by injury-derived spheroids	T1
IL33	Clevers, Cell, 2026	mouse	small intestine crypts near helminth granulomas			Y				B	up	review	helminth (H. polygyrus) granuloma study (ref not named in text)	Il33	Section 'The fetal-like regenerative state'	Upregulated in crypts near worm-induced granulomas (fetal reversion), driven by interferon-gamma	T1
IL33	Burdziak et al., Science, 2023	mouse	pancreas GEMM epithelium					Y	shRNA knockdown in Kras-mutant epithelium (KC-shIl33) shifts epithelial and immune cell states and retains cells in progenitor states	C	up	primary		Il33	Fig 5-6; Results 'IL-33 feedback loop'	Epithelium-derived ligand of a feedback loop driving plastic pre-neoplastic states; cell_type: pancreatic epithelium	T1
ITGA2	Cañellas-Socias et al., Nature, 2022	human	CRC primary tumors				Y			C	up	primary		ITGA2 / integrin alpha2	Characterization of HRC features; Fig 1i; Supp Table 2 (coreHRC)	coreHRC partial-EMT gene; integrin linked to tumor invasion in HRCs	T1
ITGA2	van der Net et al., Cell Rep, 2025	mouse	AKP CRC organoids				Y		BTT-3033 blocking reduces Sca-1high cells; with TRPV4 inhibition fully blocks	C	up	primary		alpha2beta1-integrin	Results Fig 4G-H, Fig 6H	Collagen I-binding integrin mediating fetal-like transition	T1
ITGA2	Centonze et al., Cancer Discov, 2026	mouse	CRC metastasis				Y			C	up	primary		Itga2	EpiHR signature description (Results)	ECM-attachment gene listed in EpiHR HRC signature	T1
ITGA3	Cañellas-Socias et al., Nature, 2022	human	CRC primary tumors				Y			C	up	primary		integrin alpha3	Identification of EpiHR+ tumor cells; Fig 1i; Supp Table 2	Integrin enriched in HRC differential expression analysis	T1
ITGB1	Chen et al., Cell Stem Cell, 2023	mouse	small intestine epithelium (IR) and organoids (TGFB1)			Y				B	up	primary		Itgb1	Discussion	Adhesion receptor upregulated during IR regeneration and by TGFB1; part of YAP-overlapping wound-healing program	T1
ITGB1	van der Net et al., Cell Rep, 2025	mouse	AKP CRC organoids				Y		BTT-3033 blocking of a2b1 reduces Sca-1high cells	C	up	primary		alpha2beta1-integrin	Results Fig 4G-H	Collagen I-binding integrin mediating fetal-like transition	T1
ITGB1	Centonze et al., Cancer Discov, 2026	mouse	CRC metastasis				Y			C	up	primary		Itgb1	EpiHR signature description (Results)	ECM-attachment gene listed in EpiHR HRC signature	T1
ITGB4	Cañellas-Socias et al., Nature, 2022	human	CRC primary tumors				Y			C	up	primary		integrin beta4	Identification of EpiHR+ tumor cells; Fig 1i; Supp Table 2	Integrin enriched in HRC differential expression analysis	T1
ITGB4	Centonze et al., Cancer Discov, 2026	mouse	CRC metastasis				Y			C	up	primary		Itgb4	EpiHR signature description (Results)	ECM-attachment gene listed in EpiHR HRC signature	T1
JUN	Mzoughi et al., Nat Genet, 2025	mouse	intestine/colon				Y			C	up	primary		JUN	Fig 2d,e,h	AP-1 family footprint activity rising with tumor progression	T2
JUNB	Ogden et al., Cell Genom, 2025	human	liver metastasis snMultiome; bulk primary CRC				Y		EMP1 in JUNB regulon; EMP1 correlates with JUNB in bulk CRC	C	up	primary		JUNB	Fig 3D-E; Fig S6L; Table S8	AP-1 member regulating (i)REC state genes	T2
JUND	Mzoughi et al., Nat Genet, 2025	mouse	intestine/colon				Y			C	up	primary		JUND	Fig 2d,e	AP-1 family footprint enriched in tumoroid-specific accessible regions	T2
JUND	Ogden et al., Cell Genom, 2025	human	liver metastasis snMultiome				Y		regulon regions bound by JUND in CRC cell lines (ChIP validation)	C	up	primary		JUND	Fig 3D; Fig S6H	AP-1 member whose regulon is more accessible in (i)RECs	T2
JUP	Cañellas-Socias et al., Nature, 2022	human	CRC primary tumors				Y			C	up	primary		JUP (Plakoglobin)	ED Fig 7g; Supp Table 2 (coreHRC)	Junction component of core HRC program; linked to clustered tumor cell dissemination	T1
JUP	Centonze et al., Cancer Discov, 2026	mouse	CRC metastasis				Y			C	up	primary		Jup	EpiHR signature description (Results)	Tight-junction gene listed in EpiHR HRC signature	T1
KDM1A	Viragova et al., Cell Stem Cell, 2024	mouse	small intestinal crypts; radiation injury			Y			Lsd1 knockout epithelium enriched for fetal-like signature	B	down	review	primary ref not named (ref 64)	LSD1 (Lsd1)	Epigenetic reprogramming section	Repressor of fetal/neonatal genes; decreases during radiation injury	down
KDR	Sharma et al., Cell, 2020	human	HCC tumor endothelium					Y		C	up	primary		VEGFR2	Figure 2C; Figure 5C	Receptor defining a PLVAP+ onco-fetal endothelial subcluster; endothelial cell_type	T3
KDR	Cao et al., MedComm, 2023	human	liver/HCC; fetal-associated endothelial cells (stromal)					Y	scRNA-seq	C	up	review	ref 232 (scRNA-seq human liver development-to-HCC atlas)	VEGFR2	Sec 4 Oncofetal reprogramming of TME	Paired with PLVAP as fetal-like endothelial marker in HCC; stromal	T3
KIT	Gregorieff et al., Nature, 2015	mouse	intestinal organoids			Y			qPCR of Paneth markers	B	down	primary		Kit	Extended Data Figs 3d-f, 4d	Paneth marker suppressed by Yap during regeneration	down
KLF6	Cheung et al., Cell Stem Cell, 2020	mouse	Lats1/2 cKO, Mst1/2 cKO intestine; colon punch biopsy and DSS			Y			scRNA-seq; RNA-ISH	B	up	primary		Klf6	Fig 1D-E, Fig 3A-C	Marks YAP-induced Wnt-low wound-healing cell state absent in homeostasis	T1
KLF6	Cheung et al., Cell Stem Cell, 2020	mouse	Apc-/- colon organoids (YAP induction)				Y		RT-qPCR; RNA-ISH	C	up	primary		Klf6	Fig 4C-E	Klf6 up as YAP reprograms Apc-mutant stem cells	T1
KLK8	Centonze et al., Cancer Discov, 2026	mouse	CRC metastasis / organoids				Y			C	up	primary		Klk8	Fig 3A, 3C-D	Keratinization mediator in Emp1+ HRC subset	T1
KRT17	Cañellas-Socias et al., Nature, 2022	human+mouse	CRC primary tumors; organoid-fibroblast co-culture				Y		immunostaining; gained in MTO co-cultured with colon fibroblasts	C	up	primary		KRT17	ED Fig 7f-g; ED Fig 10g	Basal pancreatic-subtype marker that labels EMP1-high invasion fronts and tumor buds	T1
KRT19	Morgan et al., Br J Cancer, 2018	mouse	colon			Y			fate mapping/lineage tracing cited	B	up	review	Asfaha et al.	KRT19	Section on LGR5+ cell plasticity	Review cites a radioresistant LGR5-negative KRT19+ pool that regenerates crypt base columnar cells	T1
KRT19	De Angelis et al., Cancers (Basel), 2021	mouse	intestine after irradiation			Y			cited lineage tracing/regrowth after irradiation	B	up	review	cited ref 79	KRT19 (keratin-19)	Section 3 (cCSC plasticity and the niche)	Review cites KRT19+/Lgr5-negative cells as responsible for cancer tissue regrowth after irradiation	T1
KRT19	De Angelis et al., Cancers (Basel), 2021	mouse	intestine				Y		lineage tracing after irradiation	C	up	review	ref 79 (author not named in text)	KRT19	Sec. 3 plasticity	KRT19+ Lgr5-negative cells regrow cancer tissue after irradiation; stress-induced stem function	T1
KRT20	Hartl et al., Sci Adv, 2024	mouse	colon epithelium (DSS colitis) / colon & SI organoids			Y			IF/qPCR/bulk RNA	B	down	primary		Krt20	Results; Fig. 2H-I; Fig. 4B,E	Differentiation (colonocyte) marker lost in regenerative/locked-regenerative state	down
KRT20	Morgan et al., Br J Cancer, 2018	human	CRC organoids				Y		LGR5 ablation and lineage tracing cited	C	up	review	Shimokawa et al., 2017	KRT20	Section on plasticity of LGR5+ CSCs	Review cites LGR5-negative KRT20+ tumour cells that regenerate LGR5+ CSCs after ablation	T1
KRT20	De Angelis et al., Cancers (Basel), 2021	human	colon				Y		Lgr5+ cell ablation then regrowth in xenografts	C	up	review	ref 23 (Lgr5-iCaspase9 organoid xenograft study)	KRT20	Sec. 3 plasticity	Lgr5-negative KRT20+ cells drive tumor regrowth and regenerate Lgr5+ cells after ablation	T1
KRT20	Cañellas-Socias et al., Nature, 2022	mouse	AKTP CRC primary tumors and liver micrometastases				Y		immunostaining of invasion fronts and micrometastases	C	down	primary		Krt20/KRT20	Fig 2g-h; ED Fig 6k-l	Micrometastatic and invasion-front HRCs are KRT20-negative (undifferentiated); KRT20 marks tumor cores	down
KRT20	Higa & Nakayama, Cancer Sci, 2024	human	CRC xenograft organoids				Y		cited LGR5+ ablation and reversion experiments	C	up	review	cited CRC organoid ablation study (reference list absent from file)	KRT20	Section 5; Figure 3B	Differentiated tumour cells marked by KRT20 revert to replenish LGR5+ CSCs	T1
KRT20	Moorman et al., Nature, 2025	human	intestine/colon				Y		immunofluorescence	C	down	primary		KRT20	Extended Data Fig 6a,c	Differentiated intestinal marker reduced in metastases versus matched primary tumours	down
KRT27	Centonze et al., Cancer Discov, 2026	mouse	CRC metastasis / organoids				Y		Downregulated by RMC-9945 in MTO/CTO heatmap	C	up	primary		Krt27	Fig 3A, 3C-D	Keratinization gene in Emp1+ HRC subset, KRAS-driven	T1
KRT5	Centonze et al., Cancer Discov, 2026	human	CRC (TCGA COAD)				Y			C	up	primary		KRT5	Fig 3I-J	Basal keratin upregulated in MAPK/KRAS-mutant CRC alongside HRC program	T1
KRT6A	Centonze et al., Cancer Discov, 2026	human	CRC (TCGA COAD)				Y			C	up	primary		KRT6A	Fig 3I-J	Basal keratin upregulated in MAPK/KRAS-mutant CRC alongside HRC program	T1
KRT79	Centonze et al., Cancer Discov, 2026	mouse	CRC metastasis / organoids				Y		Downregulated by RMC-9945 in MTO/CTO heatmap	C	up	primary		Krt79	Fig 3A, 3C-D	Keratinization gene in Emp1+ HRC subset, KRAS-driven	T1
KRT80	Centonze et al., Cancer Discov, 2026	mouse	CRC metastasis / organoids				Y		Downregulated by RMC-9945 in MTO/CTO heatmap	C	up	primary		Krt80	Fig 3A, 3C-D	Keratinization gene in Emp1+ HRC subset, KRAS-driven	T1
L1CAM	Ganesh et al., Nat Cancer, 2020	mouse	colon epithelium, DSS colitis regeneration			Y			Epithelial and Lgr5-lineage L1cam deletion impairs healing and survival after DSS colitis; IHC in regenerating crypts	B	up	primary		L1cam / L1CAM	Figs 3e-i, 4a-l	Induced during post-colitis regeneration and in normal colon organoid formation; required for epithelial repair	T1
L1CAM	Sphyris et al., Cancers (Basel), 2021	mouse	intestinal epithelium (review) (DSS colitis)			Y				B	up	review	ref [166]	L1CAM	Sec. 14	Absent in homeostasis; induced in colitis-associated regeneration and organoid growth	T1
L1CAM	Damelin et al., Cancer Res, 2011	human	glioblastoma TICs (cited)					Y		C	up	primary		L1CAM	Discussion ref 37	Cited as another oncofetal protein in glioblastoma TICs	T1
L1CAM	Ganesh et al., Nat Cancer, 2020	human	colorectal cancer / liver metastasis				Y		CRISPR KO and inducible shRNA abolish organoid regeneration, orthotopic growth and liver metastasis; IHC/flow	C	up	primary		L1CAM	Figs 1a-j, 2a-g, 5c-o	Marks metastasis-initiating, chemoresistant organoid-forming cells; absent in normal colon, enriched at invasion front and metastases	T1
L1CAM	De Angelis et al., Cancers (Basel), 2021	human	CRC metastasis				Y		cited as metastasis-initiating cell marker	C	up	review	Ganesh et al.	L1CAM	Section 3 (cCSC plasticity and metastasis)	Review states patient metastases are initiated by L1CAM-high cells that do not co-express LGR5	T1
L1CAM	Sphyris et al., Cancers (Basel), 2021	human; mouse	CRC organoids, primary tumours, metastases				Y		KD inhibits growth, chemoresistance, metastasis	C	up	review	ref [166] (L1CAM metastasis-initiating cell study; authors not named)	L1CAM	Sec. 14; Sec. 15	Metastasis-initiating cell marker expressing revival stem cell/regenerative signature	T1
L1CAM	Cañellas-Socias et al., Nature, 2022	human	CRC metastasis				Y			C	up	primary		L1CAM	Discussion	Cited as adhesion molecule needed for regenerative burst after colonization	T1
L1CAM	Pérez-González et al., Nat Cancer, 2023	human	several carcinomas including CRC				Y	Y	enhances extravasation and metastatic outgrowth	C	up	review	refs 129-131 (reference list absent from file)	L1CAM	Metastasis initiation section	L1CAM+ metastasis-initiating cells appear after loss of epithelial integrity, mimicking the intestinal repair programme	T1
L1CAM	Cañellas-Socias et al., Nat Rev Gastroenterol Hepatol, 2024	human PDO in mice	CRC metastasis				Y		required for metastasis formation by PDO cells in mice	C	up	review	Ganesh et al., Nat Cancer, 2020 (ref 101)	L1CAM	Tumour cell plasticity section; Fig. 2a,b	Induced by mechanical disruption of tumour cells; triggers regenerative response needed for metastatic outgrowth	T1
L1CAM	Tape, Trends Cancer, 2024	mouse;human	CRC metastasis-initiating cells				Y			C	up	review	primary ref unresolved (citation markers stripped from this file)	L1CAM	Stem cell plasticity in CRC metastasis	Review states metastasis-initiating cells express L1CAM, share a gene signature with revCSCs and have active YAP	T1
L1CAM	Moorman et al., Nature, 2025	human	intestine/colon				Y			C	up	primary		L1CAM	Fig 1b; Discussion	Injury-repair module gene co-expressed with EMP1 in metastasis-initiating regenerative cells	T1
LAMA3	Cañellas-Socias et al., Nature, 2022	human	CRC primary tumors				Y			C	up	primary		LAMA3	Characterization of HRC features; ED Fig 7; Supp Table 2 (coreHRC)	coreHRC gene assigned to the partial EMT module upregulated in HRCs	T1
LAMA3	Centonze et al., Cancer Discov, 2026	mouse	CRC metastasis				Y			C	up	primary		Lama3	Fig 3A, EpiHR gene description	Hemidesmosome component of EpiHR high-relapse-cell signature	T1
LAMB3	Centonze et al., Cancer Discov, 2026	mouse	CRC metastasis				Y			C	up	primary		Lamb3	Fig 3A, EpiHR gene description	Hemidesmosome component of EpiHR high-relapse-cell signature	T1
LAMC2	Cañellas-Socias et al., Nature, 2022	human+mouse	CRC primary tumors and metastases				Y		YAP knockdown/TEADi did not change Lamc2, showing YAP-independence	C	up	primary		LAMC2/Lamc2	Characterization of HRC features; ED Fig 7e,g; Supp Table 2 (coreHRC)	coreHRC and partial-EMT gene; known tumor budding marker correlating with EMP1 in patient samples	T1
LAMC2	Ogden et al., Cell Genom, 2025	human	primary CRC and liver metastasis				Y		putative enhancer-gene linkage in (i)REC states	C	up	primary		LAMC2	Fig 3A-B; Fig S6C-D	(i)REC marker gene with state-specific enhancer	T1
LAMC2	Buissant des Amorie et al., Nature, 2026	human	early-stage (T1) CRC invasive front				Y		immunofluorescence on 232-tumour TMA; IF in organoids	C	up	primary		LAMC2	Figs 1f,i,j, 3k, 5e,f; Extended Data Figs 1k, 2f	Representative oncofetal/High Relapse Cell marker confined to invasive front; used to time oncofetal state emergence	T1
LAMC2	Centonze et al., Cancer Discov, 2026	mouse/human	CRC metastasis				Y			C	up	primary		Lamc2	Fig 3A, Results (EpiHR composition)	Hemidesmosome/basal PDAC gene listed as EpiHR HRC component	T1
LATS1	Cheung et al., Cell Stem Cell, 2020	mouse	Lrig1-CreERT2 intestine; organoids			Y			Lats1/2 deletion induces Klf6+ state	B	down	primary		Lats1	Fig 1, Fig 2B	Loss of Hippo kinase induces regenerative state	down
LATS1	Cañellas-Socias et al., Nat Rev Gastroenterol Hepatol, 2024	mouse	CRC models				Y		Lats1/2 loss reprogrammes LGR5+ CSCs into the fetal regenerative state	C	down	review	Cheung et al., Cell Stem Cell, 2020 (ref 122)	LATS1	Tumour cell plasticity section	Loss of this YAP brake induces the fetal regenerative state while suppressing tumour and metastasis formation	down
LATS2	Cheung et al., Cell Stem Cell, 2020	mouse	Lrig1-CreERT2 intestine; organoids			Y			Lats1/2 deletion induces Klf6+ state	B	down	primary		Lats2	Fig 1, Fig 2B	Loss of Hippo kinase induces regenerative state	down
LATS2	Hartl et al., Sci Adv, 2024	mouse	colon organoids			Y			qPCR	B	down	primary		Lats2	Results; Fig. 4K; Discussion	Reduced in KO-WI organoids; proposed p53-YAP link sustaining regenerative state	down
LATS2	Cañellas-Socias et al., Nat Rev Gastroenterol Hepatol, 2024	mouse	CRC models				Y		as for LATS1	C	down	review	Cheung et al., Cell Stem Cell, 2020 (ref 122)	LATS2	Tumour cell plasticity section	Loss of this YAP brake induces the fetal regenerative state	down
LCT	Yui et al., Cell Stem Cell, 2018	mouse	collagen-I fetal-like spheroids			Y			qPCR	B	down	primary		Lct	Fig 4D	Enterocyte differentiation marker repressed in the fetal-like state	down
LGR5	Moorman et al., Nature, 2025	human	intestine/colon	Y						A	down	primary		LGR5	Methods fetal signature derivation	Appears only in second-trimester mature cells, absent from first-trimester progenitors	down
LGR5	Gregorieff et al., Nature, 2015	mouse	intestinal organoids			Y			RNA-seq of Yap gain/loss organoids	B	down	primary		Lgr5	Extended Data Fig 3d-f; Supplementary Table 1	Wnt/stem gene repressed by Yap during the regenerative switch	down
LGR5	Nusse et al., Nature, 2018	mouse	duodenal crypt epithelium (H. polygyrus granuloma) / Sca-1+ spheroids			Y			reporter imaging/flow	B	down	primary		Lgr5 (Lgr5-GFP)	Fig. 1a; Fig. 2a; Fig. 3; ED Fig. 2c-d	Lost in granuloma crypts and other injuries; inversely correlated with Sca-1	down
LGR5	Yui et al., Cell Stem Cell, 2018	mouse	DSS repairing colon; collagen-I spheroids			Y			GSEA of Lgr5-ISC signature; qPCR	B	down	primary		Lgr5	Fig 1J, Fig 4D, Suppl Fig S4C	Adult ISC program suppressed in the fetal-like repairing state	down
LGR5	Ayyaz et al., Nature, 2019	mouse	small intestine (irradiation)			Y			smFISH, scRNA-seq, Lgr5-GFP flow cytometry	B	down	primary		Lgr5	Main text; ED Figs 2b, 3k, 4a,b,e	Lgr5-high CBCs lost after irradiation; revival stem cells are distinct from Lgr5+ cells	down
LGR5	Cheung et al., Cell Stem Cell, 2020	mouse	Lats1/2 cKO; punch biopsy; DSS			Y			RNA-ISH	B	down	primary		Lgr5	Fig 1E-F, Fig 3	Homeostatic stem/DCS/Wnt markers lost in wound-healing state	down
LGR5	Ganesh et al., Nat Cancer, 2020	human	normal colon crypt vs organoid regeneration			Y			qPCR	B	down	primary		LGR5	Fig 3g	LGR5 suppressed while L1CAM induced during organoid regeneration by normal crypt cells; negative marker of regenerative state	down
LGR5	Beumer & Clevers, Nat Rev Mol Cell Biol, 2021	mouse	small intestine (helminth granulomas)			Y				B	down	review	Nusse et al., Nature, 2018	LGR5	'Damage signals' section; ref 93	Granulomatous infiltrates cause loss of LGR5+ stem cells while SCA1+ fetal-like cells emerge	down
LGR5	Sphyris et al., Cancers (Basel), 2021	mouse	intestinal epithelium (review)			Y				B	down	review	refs [39,149]	Lgr5	Sec. 8	Foetal-like regenerating cells lack adult ISC markers, notably Lgr5	down
LGR5	Palikuqi et al., Cold Spring Harb Perspect Biol, 2022	mouse	granuloma-overlying crypts			Y			up	B	down	review	Nusse et al., 2018	Lgr5	Dedifferentiation section	Adult ISC marker lost in crypts converting to the fetal-like state	down
LGR5	Chen et al., Cell Stem Cell, 2023	mouse	small intestine crypts (IR day 2-3)			Y				B	down	primary		Lgr5	Fig 1C-D, S1E; Results	CBC stem cell transcript decreased when fetal/regenerative genes rise at day 2-3 post-IR	down
LGR5	Hartl et al., Sci Adv, 2024	mouse	colon (bulk RNA)			Y			bulk RNA	B	down	primary		Lgr5	Results; Fig. 2H	Homeostatic stem marker decreased in locked-regenerative Trp53 cKO colon (but up in KO-WI organoids)	down
LGR5	Viragova et al., Cell Stem Cell, 2024	mouse	helminth GACs; irradiation; NICD/p53 organoids			Y			Review: GACs hyperproliferative despite Lgr5 loss	B	down	review	Nusse et al., 2018	Lgr5	Fetal-like reversion section	Homeostatic ISC marker lost in the fetal-like regenerative state	down
LGR5	Clevers, Cell, 2026	mouse	small intestine crypts near helminth granulomas			Y				B	down	review	helminth (H. polygyrus) granuloma study (ref not named in text)	Lgr5	Section 'The fetal-like regenerative state'	Canonical stem marker downregulated in fetal-reverted crypts; regenerative state described as not involving Lgr5+ cells	down
LGR5	Morgan et al., Br J Cancer, 2018	human	CRC cells after chemotherapy				Y		cited drug-exposure conversion experiments	C	down	review	Kobayashi et al.	LGR5	Section on drug resistance and LGR5 modulation	Review notes drug exposure converts LGR5+ to drug-tolerant LGR5-negative slow-proliferating cells	down
LGR5	Cheung et al., Cell Stem Cell, 2020	mouse;human	AKP/AKPS organoids, orthotopic tumors; human PDO				Y		RT-qPCR; RNA-ISH	C	down	primary		Lgr5/LGR5	Fig 5B,G; Fig 6D; Fig S5G	Lost as YAP reprograms CSCs	down
LGR5	De Angelis et al., Cancers (Basel), 2021	human+mouse	CRC and liver metastasis				Y		cited diphtheria toxin and caspase-9 ablation; intravital imaging	C	down	review	de Sousa e Melo et al.; Fumagalli et al.	Lgr5/LGR5	Section 3	Review: metastases are seeded by Lgr5-negative cells, Lgr5 re-emerges during metastatic outgrowth	down
LGR5	Cañellas-Socias et al., Nature, 2022	human+mouse	CRC primary tumors and liver metastases				Y		Lgr5-DTR and Lgr5-iCasp9 ablation does not prevent relapse; dual Emp1/Lgr5 reporters mutually exclusive; RNA-FISH in patients	C	down	primary		LGR5/Lgr5	Fig 1k-l; Fig 3h-k; Fig 4m-u; ED Fig 2h-o	HRCs are LGR5-negative; Lgr5 absent in disseminated cells and regained during metastatic outgrowth	down
LGR5	Gil Vazquez et al., Cell Stem Cell, 2022	human and mouse	colorectal neoplasia, injured intestine				Y		ISH, Lgr5-GFP flow, Lgr5-DTR ablation	C	down	primary		LGR5 / Lgr5	Figs 1A-C, 2D,E,H, 5B,D,F	CBC marker that is low/negative in the regenerative (RSC) state; stem cell index is RSC minus CBC score	down
LGR5	Heinz et al., Cancer Res, 2022	mouse	liver metastasis formation				Y		intravital imaging of Lgr5-DTR-eGFP; scRNA-seq	C	down	primary		Lgr5	Figs 2B-E, 7E-M; Supplementary Fig S6E,F	Metastases start Lgr5-negative in the YAP-high stage; Lgr5 appears later and marks exit from that state	down
LGR5	Ramadan et al., Trends Cancer, 2022	human+mouse	CRC and patient-derived organoids				Y		cited DTR/caspase ablation with tumor regrowth from Lgr5-negative cells	C	down	review	cited ablation studies	Lgr5/LGR5	Section 'Cancer stem cells control the maintenance and development of CRC'	Review: Lgr5+ cells dispensable; Lgr5-negative cells re-express LGR5, illustrating plasticity	down
LGR5	Álvarez-Varela et al., Nat Cancer, 2022	mouse	CRC mouse tumour organoids				Y		scRNA-seq plus RT-qPCR	C	down	primary		Lgr5	Fig 7d; Fig 8i,j; ED Fig 7b	ISC program silenced in persisters adopting the revival/fetal state; re-expressed in Mex3a KO cells	down
LGR5	Pérez-González et al., Nat Cancer, 2023	mouse	intestinal tumours; CRC dissemination				Y		lineage tracing/ablation in cited work	C	down	review	refs 23, 168 (reference list absent from file)	Lgr5	Homeostasis-to-tumorigenesis; Metastatic colonization	Regenerative tumour cells expressing the fetal-like state are Lgr5-negative; disseminated cells lack Lgr5	down
LGR5	Cañellas-Socias et al., Nat Rev Gastroenterol Hepatol, 2024	mouse; human	CRC dissemination and metastasis				Y		Lgr5 ablation; intravital imaging	C	down	review	Fumagalli et al., Cell Stem Cell, 2020 (ref 99); Cañellas-Socias et al., Nature, 2022 (ref 61)	Lgr5/LGR5	Tumour cell plasticity section; Fig. 2a	Disseminating cells and the HRC/fetal-like compartment are LGR5-negative; LGR5 is regained during metastatic outgrowth	down
LGR5	Tape, Trends Cancer, 2024	mouse;human	colon / CRC				Y			C	down	review	primary ref unresolved (citation markers stripped from this file)	LGR5	Revival stem cells; metastasis section; Glossary	revSCs and revCSCs defined as LGR5-negative and slow-cycling; disseminating cells are LGR5-negative	down
LGR5	Moorman et al., Nature, 2025	human	intestine/colon				Y		organoid media switch qPCR	C	down	primary		LGR5	Extended Data Fig 4a; Extended Data Fig 9e,f	Stem program lower in metastases and falls as non-canonical fetal-like states rise	down
LGR5	Mzoughi et al., Nat Genet, 2025	mouse	intestine/colon				Y		reporter tracing	C	down	primary		Lgr5	Extended Data Fig 1j; Fig 4c-e	Extreme oncofetal cells lose Lgr5; stem program falls under chemotherapy	down
LGR5	Ogden et al., Cell Genom, 2025	human	primary CRC, liver metastasis, patient-derived organoids				Y		RT-qPCR: repressed when organoids are pushed to (i)REC state on 2D collagen I	C	down	primary		LGR5	Fig 3K; Fig S7B	Stem marker repressed as cancer cells transition into the regenerative state	down
LGR5	van der Net et al., Cell Rep, 2025	mouse;human	AKP CRC organoids; patient CRC spatial				Y		Lgr5-DTR-eGFP flow/imaging	C	down	primary		Lgr5	Results Fig 1D-E, Fig 2C-E, Fig 2I-J	Stem cell markers lost as CRC cells transition to fetal-like state	down
LGR5	Buissant des Amorie et al., Nature, 2026	human	early-stage CRC organoids				Y		qPCR	C	down	primary		LGR5	Fig 4l	Measured alongside oncofetal markers after TGFb/prostaglandin treatment as contrasting stem marker; direction inferred from framing, not stated numerically	down
LGR5	Centonze et al., Cancer Discov, 2026	mouse/human	CRC liver metastasis / PDO				Y		Lgr5-EGFP-DTR ablation; RNAscope FISH	C	down	primary		Lgr5	Fig 1I-J, Fig 2B-C, Discussion	Stem marker suppressed in EMP1+ HRC/oncofetal state; restored on KRAS inhibition	down
LHX4	Messier et al., J Cell Physiol, 2016	human	breast cancer (MCF7 cell line; ESR/PGR+ patient tumors)					Y	ChIP-seq bivalency only	C	up	primary		LHX4	Discussion; Fig 3-4 (331-gene MCF7 bivalent signature)	Example stem cell transcriptional regulator bivalently marked (H3K4me3+H3K27me3) in hESC, MCF7 and patient tumors; 'oncofetal epigenetic' signature; direction=bivalent, not expression	T3
LIN28B	Fujiwara et al., PNAS, 2024	human	lung adenocarcinoma cell lines					Y	mentioned as IGF2BP3-sequestered transcript	C	up	primary		LIN28B	Discussion	Named as an IGF2BP3 target mRNA whose protection blocks Let-7 maturation; cell_type: lung tumor epithelium	T3
LRIG1	Yui et al., Cell Stem Cell, 2018	mouse	DSS repairing colon			Y			IF protein loss in early repair	B	down	primary		Lrig1	Fig 1I	Adult stem marker lost at protein level during repair	down
LRIG1	Sphyris et al., Cancers (Basel), 2021	mouse	intestinal epithelium (review)			Y				B	down	review	refs [39,149]	LRIG1	Sec. 8	Adult ISC marker absent in foetal-like regenerating cells	down
LRIG1	Qin et al., Cell, 2023	mouse	colon organoids, CRC genotypes				Y		antibody readout in mass cytometry; numerator of stemness score	C	down	primary		Lrig1	Figure 1I; Figure 6F	Marks oncogene-driven proliferative CSC; inversely related to revCSC, so a negative marker of the revival state	down
Ly6a (mouse; no human ortholog)	Nusse et al., Nature, 2018	mouse	E15.5 fetal intestinal epithelium	Y					whole-mount IF	A	up	primary		Sca-1 (Ly6a)	Results; ED Fig. 8c	Sca-1 expressed in mouse fetal intestinal epithelium at E15.5	T1
Ly6a (mouse; no human ortholog)	Yui et al., Cell Stem Cell, 2018	mouse	fetal colon E16.5; fetal small-intestinal organoids	Y	Y				IF of fetal colon; microarray of fetal vs adult organoids	A	up	primary		Sca1/Ly6a	Fig 2A-C	Sca1 marks primitive fetal epithelium in vivo and fetal organoids; multiple Ly6 members up	T1
Ly6a (mouse; no human ortholog)	Clevers, Cell, 2026	mouse	fetal intestinal organoids		Y					A	up	review	organoids grown from fetal gut (ref not named in text)	Ly6a/Sca1	Section 'The fetal-like regenerative state'	Gene described as typically enriched in organoids grown from fetal gut	T1
Ly6a (mouse; no human ortholog)	Nusse et al., Nature, 2018	mouse	duodenal crypt epithelium (H. polygyrus granuloma) / Sca-1+ spheroids			Y			IF, flow; sorted Sca-1+ cells form fetal-like spheroids; IFNg/Ifngr1 dependent	B	up	primary		Sca-1 (Ly6a)	Fig. 1e; Fig. 2a-e; Fig. 3; Fig. 4a-h; ED Fig. 3,5,6	Top up gene in Lgr5- granuloma crypts; also induced by anti-TCRb, irradiation, Lgr5 ablation; marks fetal-like cluster 12	T1
Ly6a (mouse; no human ortholog)	Yui et al., Cell Stem Cell, 2018	mouse	DSS colitis repairing colonic epithelium; collagen-I/Wnt3a spheroids			Y			FACS sorting of EpCAM+Sca1high repairing epithelium; absent in YAP/TAZ cDKO cysts	B	up	primary		Sca1/Ly6a	Fig 1D-H, Fig 4D-E, Fig 5L-M	Defining marker used to isolate the fetal-like repairing epithelium; YAP/TAZ-dependent	T1
Ly6a (mouse; no human ortholog)	Ayyaz et al., Nature, 2019	mouse	small intestine (irradiation)			Y			scRNA-seq	B	up	primary		Ly6a (Sca-1)	Main text; ED Fig 3c	Irradiation induced Ly6a expression across crypt clusters, consistent with earlier reports	T1
Ly6a (mouse; no human ortholog)	Cheung et al., Cell Stem Cell, 2020	mouse	Lats1/2 cKO intestine; DSS colon			Y			scRNA-seq	B	up	primary		Ly6a/Sca1	Fig 1D, Fig S3G	Fetal marker up in YAP-induced and DSS injury states	T1
Ly6a (mouse; no human ortholog)	Hageman et al., Dev Cell, 2020	mouse	small intestine (helminth infection, IFN-gamma)			Y				B	up	review	helminth/IFN-gamma study (citation stripped from file)	Ly6a	Initiation of the Regenerative Response	IFN-gamma elicits fetal-like proliferative epithelial cells marked by Ly6a that take part in repair	T1
Ly6a (mouse; no human ortholog)	Mouillet-Richard & Laurent-Puig, Cancers (Basel), 2020	mouse	intestine, mesenchymal prostaglandin signalling			Y			Yap-driven regenerative and tumorigenic potential	B	up	review	ref 37 (reference list absent from file)	Sca1	Section 2.2	Sca1+ reserve-like stem cells with Yap-driven regenerative potential induced by niche prostaglandin signals	T1
Ly6a (mouse; no human ortholog)	Beumer & Clevers, Nat Rev Mol Cell Biol, 2021	mouse	small intestine (helminth granulomas)			Y			SCA1+ cells form fetal-like spheroids in vitro (per review)	B	up	review	Nusse et al., Nature, 2018	Sca1/Ly6a	'Damage signals' section; ref 93	SCA1+ cells express fetal epithelial markers after helminth infection and form fast-growing spheroids lacking differentiated cells	T1
Ly6a (mouse; no human ortholog)	Sphyris et al., Cancers (Basel), 2021	mouse	intestinal epithelium (review)			Y				B	up	review	refs [148,149,150] (helminth & DSS fetal-like studies; authors not named in text)	SCA1/LY6A	Sec. 8	Highly proliferative SCA1+ progenitors in foetal-like regenerating epithelium after helminth/DSS	T1
Ly6a (mouse; no human ortholog)	Gil Vazquez et al., Cell Stem Cell, 2022	mouse	organoids in collagen (YAP/matrix activation) and IFN-g treated organoids			Y			qRT-PCR and flow cytometry after IFN-g; scRNA-seq of collagen-grown organoids	B	up	primary		Ly6a	Figs 4D, 5A,B	Ly6a+ population emerges with YAP activation/matrix stiffness and IFN-g, shifting stem index to regenerative phenotype	T1
Ly6a (mouse; no human ortholog)	Palikuqi et al., Cold Spring Harb Perspect Biol, 2022	mouse	helminth-infected small intestine; irradiation; ISC ablation; DSS colon			Y			Review cites fetal signature and spheroid formation in 3D culture	B	up	review	Nusse et al., 2018	Sca1	Dedifferentiation section; Fig 2B	Named fetal marker of injury-induced fetal-like cells (absent in homeostatic adult gut)	T1
Ly6a (mouse; no human ortholog)	Chen et al., Cell Stem Cell, 2023	mouse	small intestine epithelium (12Gy IR)			Y			scRNA-seq only	B	up	primary		Ly6a	Results; Fig 1G, Fig 2A, Fig 3B, S3A	Fetal/regenerative marker enriched in regenerating Ki67+ cells post-IR; co-expressed with Tgfbr2 in epithelium	T1
Ly6a (mouse; no human ortholog)	Hartl et al., Sci Adv, 2024	mouse	colon epithelium (DSS colitis) / colon & SI organoids			Y			IF	B	up	primary		Sca1/Ly6a	Results; Fig. 2I; fig. S3	Regenerative marker SCA1 increased by IF in Trp53 cKO epithelium 2 mo post-DSS	T1
Ly6a (mouse; no human ortholog)	Higa & Nakayama, Cancer Sci, 2024	mouse	small intestine/colon after injury			Y			cited IFN-gamma dependence and YAP/TAZ requirement	B	up	review	cited primary study on Sca-1+ RSCs (reference list absent from file)	Sca-1	Section 6; fetal-like reversion and RSCs	Review names Sca-1 as a fetal gene highly expressed by injury-induced revival/regenerative stem cells	T1
Ly6a (mouse; no human ortholog)	Tape, Trends Cancer, 2024	mouse	intestine (injury)			Y				B	up	review	primary ref unresolved (citation markers stripped from this file)	Sca1 / Ly6A	Revival stem cells section	Review lists Sca1/Ly6A among revival stem cell markers	T1
Ly6a (mouse; no human ortholog)	Viragova et al., Cell Stem Cell, 2024	mouse	helminth granuloma-associated crypts; DSS colon; irradiation			Y			Review cites IFN-g requirement for Ly6a induction	B	up	review	Nusse et al., 2018	Ly6a (SCA1)	Sections on fetal-like reversion; Fig 1B-C, Table 1	Canonical marker of the fetal-like regenerative state across injury models	T1
Ly6a (mouse; no human ortholog)	Clevers, Cell, 2026	mouse	small intestine crypts near helminth granulomas			Y				B	up	review	helminth (H. polygyrus) granuloma study (ref not named in text)	Ly6a/Sca1	Section 'The fetal-like regenerative state'	Upregulated in crypts near worm-induced granulomas (fetal reversion), driven by interferon-gamma	T1
Ly6a (mouse; no human ortholog)	Cheung et al., Cell Stem Cell, 2020	mouse	Apc-/- tetO-YAP organoids				Y		RNA-seq time course	C	up	primary		Ly6a/Sca1	Fig 4G	Injury signature gene induced by YAP in Apc-mutant organoids	T1
Ly6a (mouse; no human ortholog)	Sphyris et al., Cancers (Basel), 2021	mouse	ApcMin/+ and AOM intestinal tumours				Y		tumorigenic capacity depends on PGE2-PTGER4 axis	C	up	review	ref [159] (PGE2-PTGER4-YAP Sca1+ reserve-like stem cells; authors not named)	Sca1	Sec. 8; Sec. 15	Sca1+ foetal-like reserve-like stem cells initiate adenomas with YAP signature	T1
Ly6a (mouse; no human ortholog)	Gil Vazquez et al., Cell Stem Cell, 2022	mouse	mouse intestinal tumours (KPN)				Y		FACS sorting of Ly6a+ cells with single-cell organoid formation; ISH	C	up	primary		Ly6a (Sca1)	Figs 1D, 2H, 5B; Fig S1,S2	Morphological RSC marker; Ly6a+ tumour cells retain clonogenic stem potential	T1
Ly6a (mouse; no human ortholog)	Mzoughi et al., Nat Genet, 2025	mouse	intestine/colon				Y		reporter design	C	up	primary		Ly6a	Methods reporter design; Extended Data Fig 7	Top oncofetal marker; locus used for OnF reporter construction	T1
Ly6a (mouse; no human ortholog)	van der Net et al., Cell Rep, 2025	mouse	AKP CRC organoids (collagen I) + liver metastasis				Y		Sca-1high Lgr5low cells: higher organoid outgrowth and liver metastasis after mesenteric vein injection; flow/IF	C	up	primary		Ly6a/Sca-1	Results Fig 2E-G, Fig 3	Top upregulated fetal-like marker in collagen I-embedded CRC organoids; used to sort fetal-like cells	T1
Ly6c1 (mouse)	Gregorieff et al., Nature, 2015	mouse	small intestine after irradiation			Y			in situ hybridisation	B	up	primary		Ly6c1	Extended Data Fig 5	Yap-dependent regenerative gene; Ly6c1 has no direct human ortholog	T1
LYZ	Yui et al., Cell Stem Cell, 2018	mouse	collagen-I fetal-like spheroids			Y			qPCR; reversible on Matrigel	B	down	primary		Lyz1	Fig 4D, Fig 6H	Differentiation marker repressed in reprogrammed fetal-like cultures	down
LYZ	Cheung et al., Cell Stem Cell, 2020	mouse	Lats1/2 cKO intestine			Y			IHC	B	down	primary		LYZ	Fig 1E	Secretory marker absent in YAP-induced state	down
MAF	Sharma et al., Cell, 2020	human	fetal liver and HCC macrophages	Y				Y	SCENIC regulon	C	up	primary		MAF	Figure 6B; conserved module	Member of conserved fetal-like macrophage regulon module; macrophage cell_type	T3
MAFK	Mzoughi et al., Nat Genet, 2025	mouse	intestine/colon				Y			C	up	primary		MAFK	Fig 2h	Motif activity increasing along malignancy continuum with AP-1 partners	T2
MAP1LC3B	Rehman et al., Cell, 2021	human	CRC patient-derived cultures				Y		western blot	C	up	primary		LC3	Figure 6D	Autophagy marker increased in diapause-like persister cells	T2
MEX3A	Morgan et al., Br J Cancer, 2018	mouse	small intestine			Y			lineage tracing cited	B	up	review	Barriga et al., 2017	Mex3a	Section on LGR5+ cell plasticity	Review cites Mex3a as marker of slow-cycling Lgr5+ cells that survive injury and chemo/radiation	T1
MEX3A	Cañellas-Socias et al., Nature, 2022	mouse	AKP CRC liver micrometastases				Y			C	up	primary		Mex3a	ED Fig 4l-n	Latent/slow-cycling tumor cell signature high in Lgr5+ cells of late AKP micrometastases	T1
MEX3A	Álvarez-Varela et al., Nat Cancer, 2022	mouse;human	colon / CRC (MTOs, PDOs, adenomas, liver metastases, patient scRNA-seq)				Y		lineage tracing with Mex3a-CreERT2 regenerates organoids and metastases after FOLFIRI; Mex3a KO organoids chemosensitive; iCaspase9 ablation plus FOLFIRI prolongs response	C	up	primary		Mex3a / MEX3A	Abstract; Figs 1-8; Extended Data Figs 2-10	Marks latent slow-cycling LGR5+ persister cells that convert to a YAP+ revival/fetal-like state after chemotherapy	T1
MEX3A	Cao et al., MedComm, 2023	NA	unspecified cancers; diapause-like dormant/persister cells					Y	listed as core driver of dormancy transition	C	up	review	refs 210-213 (dormant/slow-cycling cell drivers, 2D/3D models)	Mex3a	Sec 3.2	Listed among drivers of embryonic diapause-like dormant cancer state; cancer type not stated	T1
MEX3A	Pérez-González et al., Nat Cancer, 2023	human PDO	CRC after chemotherapy				Y			C	up	review	refs 239-240 (reference list absent from file)	Mex3a	Drug Tolerance Mechanisms section	Marks a latent Lgr5+ drug-tolerant state that downregulates Wnt and resembles YAP+ intestinal progenitors	T1
MEX3A	Cañellas-Socias et al., Nat Rev Gastroenterol Hepatol, 2024	mouse; human	CRC after chemotherapy; liver metastasis				Y		lineage tracing: persister progeny regenerate liver metastasis	C	up	review	Álvarez-Varela et al., Nat Cancer, 2022 (ref 67)	Mex3a/MEX3A	Tumour cell plasticity section; Fig. 2a	Marks slow-cycling LGR5+ drug-tolerant persisters that switch off WNT and gain a YAP regenerative/fetal-like signature	T1
MEX3A	Higa & Nakayama, Cancer Sci, 2024	mouse	CRC				Y		cited ablation of Mex3a+ CSCs plus chemotherapy	C	up	review	cited Mex3a persister study (reference list absent from file)	Mex3a	Sections 4 and 6	Review presents Mex3a as marker of slow-cycling CSCs and links revival-like CSCs to chemoresistance	T1
MEX3A	Tape, Trends Cancer, 2024	human	CRC patient-derived organoids				Y			C	up	review	Alvarez-Varela et al., 2022 (named only as MEX3A+ revCSC study; citation markers stripped)	MEX3A	Stem cell plasticity in CRC chemotherapy response	Review cites MEX3A+ revCSCs as chemoresistant cells that repopulate CRC tumours after chemotherapy	T1
MIF	Ayyaz et al., Nature, 2019	mouse	small intestine (irradiation)			Y			scRNA-seq	B	up	primary		Mif	Main text; Fig 1b; ED Fig 3d	Gene distinguishing the irradiation-specific cluster 18 (SSC2)	T2
MIR148A	Goldenring & Mills, Gastroenterology, 2022	mouse	stomach corpus, chief cell paligenosis			Y				B	down	review	numbered ref 78 (reference list absent from this file)	miR-148a	Fig 2; paligenosis stages section	Chief-cell-enriched microRNA lost early during reprogramming	down
MKI67	Hartl et al., Sci Adv, 2024	mouse	colon epithelium (DSS colitis) / colon & SI organoids			Y			IF	B	up	primary		Ki-67	Results; fig. S1B; Fig. 2I	Proliferation increased in regenerative/locked-regenerative epithelium	T2
MKI67	Rehman et al., Cell, 2021	human	CRC PDX tumors				Y		IHC on treated xenografts	C	down	primary		Ki-67	Figures 1F-1G	Reduced proliferation marker in on-treatment persister tumors	down
MMP7	Buissant des Amorie et al., Nature, 2026	human	early-stage CRC invasive front				Y		spatial transcriptomics expression	C	up	primary		MMP7	Fig 1f; Extended Data Fig 6e	Top invasive-front gene, named as regenerative/fetal state marker	T1
MRC1	Sharma et al., Cell, 2020	human	HCC tumor macrophages					Y	flow cytometry; DLL4 bead co-culture readout	C	up	primary		CD206	Figure 2G; Figure 7A-7B	Protein co-marker of fetal-like TAM1 phenotype gained after Notch activation; macrophage cell_type	T3
MSLN	Gregorieff et al., Nature, 2015	mouse	intestine of Lats1/Lats2 mutants			Y			in situ hybridisation	B	up	primary		Msln	Extended Data Fig 6a	Induced when Yap is made nuclear by Lats1/2 deletion	T1
MSLN	Viragova et al., Cell Stem Cell, 2024	mouse	luminal-stage helminth infection, SI villi			Y			up	B	up	review	primary ref not named (ref 46)	Msln	Fetal-like reversion section; Table 1	Part of villus fetal-like signature with Clu, Anxa1, Il1rn	T1
MSLN	Centonze et al., Cancer Discov, 2026	mouse/human	CRC liver metastasis				Y			C	up	primary		Msln	Fig 3A-B	Listed as marker of KRAS-activated HRCs overlapping basal PDAC program	T1
MUC2	Yui et al., Cell Stem Cell, 2018	mouse	DSS repairing colon; collagen-I spheroids			Y			IF and qPCR; reversible	B	down	primary		Muc2	Suppl Fig S1D, Fig 4D, Fig 6H	Secretory differentiation marker suppressed in fetal-like repairing epithelium	down
MUC2	Hartl et al., Sci Adv, 2024	mouse	colon epithelium (DSS colitis) / colon & SI organoids			Y			IF/qPCR/bulk RNA	B	down	primary		Muc2	Results; Fig. 2H-I; Fig. 4B,E	Differentiation (goblet) marker lost in regenerative/locked-regenerative state	down
MUC5AC	Goldenring & Mills, Gastroenterology, 2022	mouse;human	stomach corpus, foveolar hyperplasia			Y				B	up	review	Figure 1 of this review (no primary ref named)	Muc5AC	Fig 1 legend	Marks the foveolar hyperplasia component of the injury-induced pyloric metaplasia lesion	T3
MUC6	Goldenring & Mills, Gastroenterology, 2022	mouse;human	stomach corpus, SPEM			Y				B	up	review	numbered refs 32, 33 (reference list absent from this file)	MUC6	Fig 1; Fig 2; diagnosing SPEM section	Mucin defining the TFF2+/MUC6+/PGC-low SPEM lineage of pyloric metaplasia	T3
MYC	Rehman et al., Cell, 2021	human	CRC PDX tumors				Y			C	down	primary		Myc	Figure 4D; Figure S6J; Myc response module	Myc response module suppressed in diapause-like persister tumors, mirroring embryonic diapause	down
NES	Burdziak et al., Science, 2023	mouse	pancreas (KC/KPC GEMM; normal, regenerating, premalignant, malignant epithelium)					Y	scRNA/scATAC trajectory (CellRank, Palantir); Il33 knockdown shifts cells toward this state	C	up	primary		Nes	Results 'apex progenitor populations'; Fig 1, Fig S13E	Marks a Kras-mutant progenitor-like apex state with high epigenetic plasticity; cell_type: pancreatic epithelium (non-intestinal)	T3
NFKB1	Ogden et al., Cell Genom, 2025	human	liver metastasis snMultiome				Y		SCENIC+ regulon more accessible in (i)RECs	C	up	primary		NFKB1	Fig 3D-E	NF-kB subunit identified as co-regulator of the inflammatory regenerative state	T2
NFKB2	Ogden et al., Cell Genom, 2025	human	liver metastasis snMultiome				Y			C	up	primary		NFKB2	Fig 3D; Fig S6F-G	NF-kB subunit enriched in (i)REC states	T2
NKD1	Gregorieff et al., Nature, 2015	mouse	intestinal organoids			Y			RNA-seq	B	down	primary		Nkd1	Extended Data Fig 3d-f	Wnt target repressed by Yap in the regenerative state	down
NKD1	Ogden et al., Cell Genom, 2025	human	primary CRC				Y			C	up	primary		NKD1	Table S1; Results 'Regenerative inflammatory cancer cell states'	WNT antagonist marking the cancer-specific stem NOTUM state	T2
NOTCH2	Sharma et al., Cell, 2020	human	HCC myeloid cells					Y		C	up	primary		NOTCH2	Figure S6D	Receptor on fetal-like macrophages for endothelial DLL4; macrophage cell_type	T3
NOTUM	Ramadan et al., Trends Cancer, 2022	mouse	intestinal crypts (Apc-mutant, aged Paneth cells)			Y			cited Apc/Notum double deletion reduces crypt fixation and tumor burden	B	up	review	cited supercompetition studies	Notum/NOTUM	Sections 'Modulating drift dynamics' and 'Supercompetition facilitates tumor initiation'	Review: Wnt antagonist secreted by mutant and aged cells that differentiates neighbouring normal ISCs	T2
NOTUM	Ogden et al., Cell Genom, 2025	human	primary CRC and liver metastasis				Y			C	up	primary		NOTUM	Table S1; Fig 1F; Results	Defines a cancer-specific stem NOTUM state (WNT antagonist), distinct from but related to non-canonical states	T2
NOTUM	Centonze et al., Cancer Discov, 2026	mouse	CRC metastasis				Y			C	down	primary		Notum	Suppl Fig S4B	Stem marker gene low in HRC state, induced on KRASG12D inhibition	down
NPM1	Ayyaz et al., Nature, 2019	mouse	small intestine (irradiation)			Y			scRNA-seq	B	up	primary		Npm1	Main text; Fig 1b; ED Fig 3d	Gene distinguishing the irradiation-specific cluster 18 (SSC2)	T2
NR1H3	Sharma et al., Cell, 2020	human	HCC tumor and fetal liver macrophages	Y				Y	SCENIC regulon activity	C	up	primary		NR1H3	Figure 6B-6C; conserved module 2	Transcription factor shared by fetal-liver and fetal-like tumor macrophages; macrophage cell_type	T3
NR5A2	Burdziak et al., Science, 2023	mouse	pancreas GEMM epithelium					Y		C	down	primary		Nr5a2	Fig 1; Results 'epigenetic basis for high plasticity'	Acinar identity gene defining the differentiated state that is lost with increasing plasticity; cell_type: pancreatic epithelium	down
NRP1	Sharma et al., Cell, 2020	human	HCC tumor endothelium					Y		C	up	primary		NRP1	Figure 2C; Figure 2E	Co-marker of onco-fetal PLVAP+ endothelial subcluster; endothelial cell_type	T3
OLFM4	Gregorieff et al., Nature, 2015	mouse	small intestine after irradiation			Y			ISH; persists abnormally in Yap-null crypts	B	down	primary		Olfm4	Figure 1f; Extended Data Fig 6b	Homeostatic stem marker transiently suppressed during Yap-driven regeneration	down
OLFM4	Nusse et al., Nature, 2018	mouse	duodenal crypt epithelium (H. polygyrus granuloma) / Sca-1+ spheroids			Y			ISH	B	down	primary		Olfm4	Fig. 1d	ISC marker repressed in granuloma-associated crypts	down
OLFM4	Yui et al., Cell Stem Cell, 2018	mouse	collagen-I spheroids; matrix reversion			Y			qPCR, reversible on return to Matrigel	B	down	primary		Olfm4	Fig 4D, Fig 6H	Adult stem marker repressed in fetal-like state, restored on reversion	down
OLFM4	Ayyaz et al., Nature, 2019	mouse	small intestine (irradiation)			Y			immunostaining	B	down	primary		Olfm4 / OLFM4	ED Fig 4f	Clu-GFP+ revival cells show no overlap with OLFM4+ CBCs	down
OLFM4	Cheung et al., Cell Stem Cell, 2020	mouse	Lats1/2 cKO; punch biopsy; DSS			Y			RNA-ISH	B	down	primary		Olfm4	Fig 1E-F, Fig 3	Homeostatic stem/DCS/Wnt markers lost in wound-healing state	down
OLFM4	Chen et al., Cell Stem Cell, 2023	mouse	small intestine crypts (IR day 2-3)			Y			IHC	B	down	primary		Olfm4	Fig 1A-D, S1E	CBC marker lost by day 2 post-IR and reduced at fetal/regenerative peak; note OLFM4 IHC later used to score regenerative foci	down
OLFM4	Viragova et al., Cell Stem Cell, 2024	mouse	helminth GACs; irradiated crypts			Y			up	B	down	review	Nusse et al., 2018	Olfm4	Fetal-like reversion section	Homeostatic ISC marker downregulated during fetal-like reversion	down
OLFM4	Clevers, Cell, 2026	mouse	small intestine crypts near helminth granulomas			Y				B	down	review	helminth (H. polygyrus) granuloma study (ref not named in text)	Olfm4	Section 'The fetal-like regenerative state'	Canonical stem marker downregulated in fetal-reverted crypts near granulomas	down
OLFM4	Cañellas-Socias et al., Nature, 2022	human	CRC patient tumor cells				Y			C	down	primary		OLFM4	ED Fig 2h-j	Canonical ISC marker absent from HRCs	down
OLFM4	Heinz et al., Cancer Res, 2022	human	CRC liver micrometastases				Y		IHC on patient liver strips	C	down	primary		OLFM4	Figs 1D,E; Supplementary Fig S1G,H	Completely absent in all micrometastases (fetal-like YAP stage) but heterogeneous in macrometastases; negative marker	down
OLFM4	Cañellas-Socias et al., Nat Rev Gastroenterol Hepatol, 2024	human	CRC liver micrometastases				Y		IHC on 17 patient samples	C	down	review	Heinz et al., Cancer Res, 2022 (ref 100)	OLFM4	Tumour cell plasticity section	Micrometastatic lesions negative for this stem marker; expression returns in large metastases	down
OLFM4	Tape, Trends Cancer, 2024	human	colon / CRC micrometastases				Y			C	down	review	primary ref unresolved (citation markers stripped from this file)	OLFM4	Revival stem cells in CRC; metastasis section	Early human CRC micrometastases lack proliferative OLFM4+ stem cells but are enriched for YAP signatures	down
OLFM4	Moorman et al., Nature, 2025	human	intestine/colon				Y		immunofluorescence	C	down	primary		OLFM4	Extended Data Fig 4b,c; Extended Data Fig 6a,d	Stem marker protein reduced in metastases, strongest after chemotherapy	down
OPTN	Rehman et al., Cell, 2021	human	CRC patient-derived cultures				Y		qRT-PCR	C	up	primary		OPTN	Figure 6E; autophagy gene panel	Autophagy gene induced in irinotecan-induced persister cultures	T2
OSMR	Moorman et al., Nature, 2025	human	intestine/colon				Y			C	up	primary		OSMR	Fig 1b	Injury-repair module gene linked to regeneration and therapy resistance	T1
PCDH1	Cañellas-Socias et al., Nature, 2022	human	CRC primary tumors				Y			C	up	primary		PCDH1	ED Fig 7g; Supp Table 2 (coreHRC)	Adhesion/junction component upregulated in the core HRC program	T1
PDX1	Goldenring & Mills, Gastroenterology, 2022	mouse;human	stomach corpus, foveolar-hyperplasia-predominant pyloric metaplasia			Y				B	up	review	numbered refs 89, 91, 92 (reference list absent from this file)	Pdx1	Fig 3; Kras activation and pyloric gland phenotypes section	Antral transcription factor whose expression confirms pyloric-type metaplasia after isthmal Ras activation	T3
PERP	Centonze et al., Cancer Discov, 2026	mouse	CRC metastasis / organoids				Y			C	up	primary		Perp	Fig 3A, 3C-D	Keratinization mediator in Emp1+ HRC subset	T1
PGC	Goldenring & Mills, Gastroenterology, 2022	mouse;human	stomach corpus, SPEM			Y				B	down	review	numbered ref 20 (reference list absent from this file)	PGC (chief cell markers, PGC-low)	Fig 1 legend; definition of SPEM	SPEM cells retain chief cell markers only at low abundance, so low PGC is part of the SPEM definition	down
PIEZO1	van der Net et al., Cell Rep, 2025	mouse	AKP CRC organoids				Y		Yoda1 activation sufficient to induce fetal-like state (YAP-dependent)	C	up	primary		Piezo1	Results Fig 6A-C	Ectopic activation induces reprogramming; not required under collagen I	T2
PKM	Hartl et al., Sci Adv, 2024	mouse	colon epithelium (DSS colitis) / colon & SI organoids			Y			proteomics, IF; 2-DG glycolysis inhibition blocks KO-WI growth	B	up	primary		PKM2	Results; Fig. 5J,K,N; Discussion	Rate-limiting glycolytic enzyme up in locked regenerative state; noted as typical of fetal tissues and cancers	T1
PLAUR	Cañellas-Socias et al., Nature, 2022	human	CRC primary tumors				Y			C	up	primary		PLAUR	Fig 1i; ED Fig 7; Supp Table 2 (coreHRC)	coreHRC partial-EMT gene; protease receptor associated with invasion and extravasation	T1
PLAUR	Gil Vazquez et al., Cell Stem Cell, 2022	human	human polyps and CRC				Y		ISH	C	up	primary		PLAUR	Figs 2D,E; Fig S1	Used as human regenerative stem cell marker because Ly6a has no human ortholog	T1
PLAUR	Ogden et al., Cell Genom, 2025	human	primary CRC and liver metastasis				Y		putative enhancer-gene linkage in (i)REC states	C	up	primary		PLAUR	Fig 3A-B; Fig S6C-D	(i)REC marker gene with state-specific enhancer	T1
PLAUR	Centonze et al., Cancer Discov, 2026	mouse/human	CRC liver metastasis				Y			C	up	primary		Plaur	Fig 3A-B	EpiHR/basal-PDAC marker expressed by KRAS-activated HRCs	T1
PLVAP	Sharma et al., Cell, 2020	human	fetal liver endothelium	Y					RNA-FISH on tissue; scRNA-seq integration	A	up	primary		PLVAP	Figures 3C-3E; onco-fetal endothelial cells	Marks fetal-liver endothelial cells that reappear in tumor; cell_type endothelial, not epithelial	T3
PLVAP	Sharma et al., Cell, 2020	mouse	regenerating liver after partial hepatectomy			Y			scRNA-seq time course days 7-28	B	up	primary		Plvap	Figure 7F-7G	Fetal-like ecosystem re-emerges during liver regeneration; endothelial cell_type	T3
PLVAP	Sharma et al., Cell, 2020	human	HCC tumor endothelium					Y	RNA-FISH validation in tumor vs adjacent normal	C	up	primary		PLVAP	Figures 2B-2J; Figure 5A-5C	Tumor-specific onco-fetal endothelial marker induced downstream of hepatocyte VEGFA; endothelial cell_type	T3
PLVAP	Cao et al., MedComm, 2023	human	liver/HCC; fetal-associated endothelial cells (stromal)					Y	scRNA-seq	C	up	review	ref 232 (scRNA-seq human liver development-to-HCC atlas)	PLVAP	Sec 4 Oncofetal reprogramming of TME	Stromal endothelial oncofetal marker in HCC TME, not epithelial; re-emergence of fetal-like endothelium	T3
PODXL	Mo et al., Hum Cell, 2023	human	gastric cancer TEC (C1) - endothelial					Y	scRNA-seq NMF; HPA IHC	C	up	primary		PODXL	Fig 3B, Fig 6E	Defines oncofetal TEC subtype; poor prognosis	T3
POLR1A	Ramadan et al., Trends Cancer, 2022	human	CRC xenografts/organoids				Y		cited loss of POLR1A causes irreversible differentiation and tumor reduction	C	up	review	cited (biosynthetic capacity study)	POLR1A	Section 'Microenvironmental control of CSC functionality'	Review: biosynthetic marker of functional CSCs in both LGR5+ and LGR5-negative cells near stroma	T2
POU2F3	Burdziak et al., Science, 2023	mouse	pancreas GEMM epithelium					Y	scRNAseq cluster marker; smFISH	C	up	primary		Pou2f3	Fig 1B; Fig S1B-E	Marker of progenitor-like tuft cell state arising in Kras-mutant/regenerating pancreas; cell_type: pancreatic epithelium	T3
PRNP	Mouillet-Richard & Laurent-Puig, Cancers (Basel), 2020	human	CRC patients and cell lines				Y		PrPC depletion raises phospho-YAP/YAP ratio and lowers TAZ	C	up	review	ref 70	PRNP (PrPC)	Section 3 Upstream Pathways; Fig. 6	Enriched in CMS4 tumours and required to sustain the YAP/TAZ signature there	T2
PROM1	Ganesh et al., Nat Cancer, 2020	human	CRC liver metastasis				Y		flow cytometry only	C	up	primary		CD133/prominin	Extended Data Fig 2h,i	Higher on L1CAM-high than L1CAM-low tumour cells	T1
PROM1	De Angelis et al., Cancers (Basel), 2021	human	CRC patient tumors, spheroids, xenografts				Y		cited FACS plus xenograft-initiation assays	C	up	review	cited refs 5,6	CD133 (Prominin 1)	Section 2.1	Review: first marker used to isolate putative colorectal cancer stem cells; prognostic value inconsistent	T1
PROX1	Cañellas-Socias et al., Nat Rev Gastroenterol Hepatol, 2024	human	CRC metastases				Y		named as controlling the plasticity programme	C	up	review	Moorman et al., bioRxiv, 2023 (ref 119)	PROX1	Tumour cell plasticity section (ref 119)	Transcription factor governing progression to fetal-like, squamous and neuroendocrine-like metastatic states	T1
PROX1	Higa & Nakayama, Cancer Sci, 2024	mouse	CRC				Y			C	up	review	cited TCF1-PROX1-p57 study (reference list absent from file)	PROX1	Section 4; Figure 2C	Transcription factor said to upregulate p57 in quiescent Lgr5+ CSCs	T1
PROX1	Tape, Trends Cancer, 2024	mouse;human	CRC (chemotherapy resistance, metastatic differentiation)				Y			C	up	review	primary ref unresolved (citation markers stripped from this file)	PROX1	Stem cell plasticity in CRC chemotherapy response; metastasis section	Review cites PROX1 driving a slow-cycling chemoresistant state and squamous/neuroendocrine-like metastatic states	T1
PROX1	Moorman et al., Nature, 2025	human	intestine/colon				Y		shRNA knockdown immunofluorescence	C	up	primary		PROX1	Extended Data Fig 11; Fig 4a,b	Fetal-state TF repressing non-intestinal lineages; marks CDX2low invasion-front cells	T1
PROX1	Ogden et al., Cell Genom, 2025	human	liver metastasis scRNAseq				Y			C	up	primary		PROX1	Fig S5D, S5I	Lineage-restriction regulator of injured epithelium found upregulated in the stem NOTUM state	T1
PTGER4	Sphyris et al., Cancers (Basel), 2021	mouse	ApcMin/+ and AOM tumour models				Y		PGE2-PTGER4 axis required for Sca1+ tumour initiation	C	up	review	ref [159]	PTGER4	Sec. 8; Sec. 15	Druggable receptor controlling YAP activity in foetal-like Sca1+ reserve-like stem cells	T2
PTGS2	Chen et al., Cell Stem Cell, 2023	mouse	small intestine organoids (TGFB1); also mesenchyme			Y			TGFB1 induction blocked in Tgfbr2KO / TGFBR inhibitor	B	up	primary		Ptgs2	Fig 6J-L; Fig 5F (mesenchyme)	YAP-related gene induced by TGFB1 in organoids; also pro-regenerative mesenchymal transcript	T2
PTK2	Hageman et al., Dev Cell, 2020	mouse	colon (DSS colitis)			Y			FAK inhibition impairs repair and lowers active YAP	B	up	review	Jensen group study (citation stripped from file)	FAK	Modulation of the Regenerative Response - Extracellular Matrix	Rises with collagen 1 and integrin after injury; links ECM sensing to YAP-dependent regeneration	T2
PTK2	Sphyris et al., Cancers (Basel), 2021	mouse	intestinal epithelium (review)			Y			mechanotransduction pathway	B	up	review	ref [149]	FAK	Sec. 8	FAK/SRC-mediated mechanotransduction relays ECM remodelling to YAP/TAZ activation	T2
PTK2	van der Net et al., Cell Rep, 2025	mouse	AKP CRC organoids				Y		PF-573228 FAK inhibition reduces Sca-1high cells	C	up	primary		FAK	Results Fig 4F-H	Active FAK elevated in collagen I; required for integrin-driven reprogramming	T2
PTK7	Moorman et al., Nature, 2025	human	intestine/colon				Y			C	up	primary		PTK7	Extended Data Fig 7d	Member of 14-gene core fetal progenitor set shared by four patients	T1
RAB7B	Goldenring & Mills, Gastroenterology, 2022	mouse	stomach corpus, chief cell paligenosis			Y				B	up	review	numbered ref 77 (reference list absent from this file)	RAB7B	Paligenosis stages section	ATF3-induced lysosome and autophagy trafficking protein upregulated during paligenosis	T3
Reg3b (mouse)	Yui et al., Cell Stem Cell, 2018	mouse	DSS repairing colonic epithelium			Y			qRT-PCR on sorted Sca1high cells; IF time course	B	up	primary		Reg3b	Fig 1G, Suppl Fig S1A-B	C-type lectin co-induced with Sca1 in the repairing epithelium	T1
REG3G	Yui et al., Cell Stem Cell, 2018	mouse	DSS repairing colonic epithelium			Y			qRT-PCR on sorted Sca1high cells	B	up	primary		Reg3g	Fig 1G	Co-induced with Sca1 in the repairing epithelium	T1
REG4	Cheung et al., Cell Stem Cell, 2020	mouse	Lats1/2 cKO; punch biopsy; DSS			Y			RNA-ISH	B	down	primary		Reg4	Fig 1E-F, Fig 3	Homeostatic stem/DCS/Wnt markers lost in wound-healing state	down
REG4	Cheung et al., Cell Stem Cell, 2020	mouse;human	AKP/AKPS organoids, orthotopic tumors; human PDO				Y		RT-qPCR; RNA-ISH	C	down	primary		Reg4	Fig 5B,G; Fig 6D; Fig S5G	Lost as YAP reprograms CSCs	down
RELB	Ogden et al., Cell Genom, 2025	human	liver metastasis snMultiome				Y		regulon regions enriched for AP-1 motif	C	up	primary		RELB	Fig 3D; Table S7	NF-kB subunit regulon defining the iREC state	T2
REST	Ganesh et al., Nat Cancer, 2020	human	CRC metastasis organoids				Y		shRNA knockdown induces L1CAM and enhances organoid formation; ChIP-seq at L1CAM intronic enhancer	C	down	primary		REST	Figs 7a,b,e, 8a,b	Downregulated on loss of epithelial integrity, derepressing L1CAM; entry into regenerative L1CAM-high state	down
RHOF	Centonze et al., Cancer Discov, 2026	mouse	CRC metastasis				Y			C	up	primary		Rhof	EpiHR signature description (Results)	Cytoskeleton organizer listed among EpiHR HRC genes	T1
RRAS	Centonze et al., Cancer Discov, 2026	mouse	CRC metastasis				Y			C	up	primary		Rras	EpiHR signature description (Results)	Actin cytoskeleton organizer listed in EpiHR HRC signature	T1
RXRA	Mzoughi et al., Nat Genet, 2025	human mouse	intestine/colon				Y		antagonist and overexpression	C	down	primary		Rxra	Fig 3a,b,i	Gatekeeper lost after APC loss; its blockade induces oncofetal state	down
S100A11	Cheung et al., Cell Stem Cell, 2020	mouse	Apc-/- tetO-YAP organoids				Y		RNA-seq time course	C	up	primary		S100A11	Fig 4G	Injury signature gene upregulated during YAP reprogramming	T1
S100A6	Cheung et al., Cell Stem Cell, 2020	mouse	Apc-/- tetO-YAP organoids				Y		RNA-seq time course	C	up	primary		S100A6	Fig 4G	Injury signature gene upregulated during YAP reprogramming	T1
S100A6	Mzoughi et al., Nat Genet, 2025	mouse	intestine/colon				Y		reporter design	C	up	primary		S100a6	Methods reporter design; Extended Data Fig 7	Listed as a top oncofetal marker; its locus used to build OnF sLCR reporter	T1
SCGB1A1	Damelin et al., Cancer Res, 2011	human	NSCLC PDX 60257A1					Y	microarray	C	up	primary		CCSP/SCGB1A	Fig 2C	20-fold higher in 5T4hi cells; lung stem cell marker	T3
SERPINH1	Mo et al., Hum Cell, 2023	human	gastric cancer endothelial/fibroblast					Y	scRNA-seq	C	up	primary		SERPINH1	Fig 1C	Embryonic stem gene heterogeneous; high in endothelial cells and fibroblasts	T3
SFRP2	Mo et al., Hum Cell, 2023	human	gastric cancer CAF (C2) - stromal					Y	scRNA-seq NMF	C	up	primary		SFRP2	Fig 2B, Fig 5	Defines oncofetal CAF subtype; poor prognosis	T3
SLC26A3	Moorman et al., Nature, 2025	human	intestine/colon	Y						A	down	primary		SLC26A3	Methods fetal signature derivation	Mature enterocyte marker restricted to second-trimester colon, not fetal progenitors	down
SLC26A3	Hartl et al., Sci Adv, 2024	mouse	colon epithelium (DSS colitis) / colon & SI organoids			Y			IF/qPCR/bulk RNA	B	down	primary		Slc26a3	Results; Fig. 2H-I; Fig. 4B,E	Differentiation (colonocyte) marker lost in regenerative/locked-regenerative state	down
SLC7A11	Goldenring & Mills, Gastroenterology, 2022	mouse	stomach corpus, chief cell paligenosis			Y			xCT knockout or sulfasalazine arrests paligenosis and causes apoptosis (cited)	B	up	review	numbered ref 41 (reference list absent from this file)	xCT	Fig 2; paligenosis stages section	ROS-adaptive transporter required for chief cells to complete reprogramming into SPEM	T3
SMARCA4	Viragova et al., Cell Stem Cell, 2024	mouse	fetal intestinal spheroid cultures		Y				Genetic inactivation downregulates fetal genes and matures cells	A	up	review	primary ref not named (ref 67)	Smarca4	Epigenetic reprogramming section	SWI/SNF member required to maintain the fetal gene program	T2
SMARCC1	Viragova et al., Cell Stem Cell, 2024	mouse	fetal intestinal spheroid cultures		Y				Genetic inactivation downregulates fetal genes (Ly6a, Anxa1, Tacstd2)	A	up	review	primary ref not named (ref 67)	Smarcc1	Epigenetic reprogramming section	SWI/SNF member gatekeeping fetal versus mature identity	T2
SMOC2	Cañellas-Socias et al., Nature, 2022	human+mouse	CRC primary tumors				Y		RT-qPCR on sorted Emp1-TOM high vs low cells	C	down	primary		Smoc2/SMOC2	ED Fig 2o; ED Fig 5k	ISC gene marking Emp1-TOM-low cells, i.e. low in HRCs	down
SMOC2	Heinz et al., Cancer Res, 2022	mouse	liver metastasis formation				Y		scRNA-seq cluster marker	C	down	primary		Smoc2	Fig 7E; Supplementary Fig S6E	Stem marker enriched only in late metastatic clusters, i.e. absent from the early YAP/fetal-like state	down
SMOC2	Álvarez-Varela et al., Nat Cancer, 2022	mouse	CRC mouse tumour organoids				Y		scRNA-seq	C	down	primary		Smoc2	Fig 7d; Fig 8i,j	Bona fide ISC marker switched off in the fetal-like persister state	down
SMOC2	Centonze et al., Cancer Discov, 2026	mouse	CRC organoids / metastasis				Y		RT-qPCR; blocked by dominant-negative TCF	C	down	primary		Smoc2	Fig 2C, Fig 6L	ISC/CSC marker low in HRC state, induced when KRAS inhibited	down
SMS	Mo et al., Hum Cell, 2023	human	gastric cancer TAM (C1) - macrophage					Y	scRNA-seq NMF	C	up	primary		SMS	Fig 4B	Defines oncofetal TAM subtype with M2 polarization	T3
SNAI1	De Angelis et al., Cancers (Basel), 2021	human	CRC metastasis				Y			C	up	review	cited refs 112,115,116	SNAI1	Section 3	Review: EMT TF driving downregulation of epithelial/stem markers in metastasis-initiating cCSCs	T2
SNAI2	De Angelis et al., Cancers (Basel), 2021	human	CRC metastasis				Y			C	up	review	cited refs 112,115,116	SNAI2	Section 3	Review: EMT TF in metastasis-initiating plastic cCSC state	T2
SOX11	Viragova et al., Cell Stem Cell, 2024	mouse	wounded adult epidermis vs E13.5 skin			Y			Shared embryonic/wound signature driven by SOX11/SOX4	B	up	review	primary ref not named (ref 72)	Sox11	Cross-tissue section	TF driving fetal-like wound signature in skin (non-intestinal)	T3
SOX4	Viragova et al., Cell Stem Cell, 2024	mouse	wounded epidermis; DDC-injured liver progenitor-like cells			Y			IL-6-dependent induction of hepatoblast-like program	B	up	review	primary refs not named (refs 72, 88)	Sox4	Cross-tissue section	Fetal-like marker in skin wound and liver-progenitor-like cells	T3
SOX4	Moorman et al., Nature, 2025	human	intestine/colon				Y			C	up	primary		SOX4	Extended Data Fig 3f	Embryonic developmental gene elevated in treatment-naive tumour cells above normal stem cells	T3
SOX9	Goldenring & Mills, Gastroenterology, 2022	mouse;human	stomach pyloric metaplasia; pancreatic acinar-ductal metaplasia; other GI metaplasias			Y				B	up	review	numbered refs 33, 76, 129, 130, 131 (reference list absent from this file)	SOX9	Common gastrointestinal metaplasia phenotype section	Progenitor-associated transcription factor shared by GI metaplasias, framed as reversion to an embryonic pattern	T1
SOX9	Chen et al., Cell Stem Cell, 2023	mouse; human organoids	small intestine epithelium (IR) and organoids (TGFB1)			Y			Sox9KO blocks TGFB1-induced spheroids/fetal genes and reduces OLFM4+ regenerative crypts after IR; SMAD4 ChIP binding	B	up	primary		Sox9	Results 'TGFB1 induces a YAP-SOX9 regenerative circuit'; Fig 6C-R	Pro-regenerative TF induced by IR and TGFB1, co-expressed with Tgfbr2/Clu; required for fetal/regenerative response	T1
SOX9	Qin et al., Cell, 2023	mouse	colon organoid + fibroblast co-culture			Y				B	up	primary		Sox9	Figure 1I; revCSC cluster markers	Epithelial progenitor gene high in fibroblast-induced revCSC cluster	T1
SOX9	Viragova et al., Cell Stem Cell, 2024	mouse	irradiated small intestine; TGFB1-treated organoids			Y			YAP-SOX9 circuit necessary and sufficient for fetal-like reversion	B	up	review	primary ref not named (ref 61, TGFB1 study)	Sox9	Signaling pathways section; Fig 1B	TF driver and marker of TGFB1-induced fetal-like regeneration	T1
SOX9	Messier et al., J Cell Physiol, 2016	human	breast cancer (MCF7 cell line; ESR/PGR+ patient tumors)					Y	ChIP-seq bivalency only	C	up	primary		SOX9	Discussion; Fig 3-4 (331-gene MCF7 bivalent signature)	Example tumor suppressor in APC pathway bivalently marked (H3K4me3+H3K27me3) in hESC, MCF7 and patient tumors; 'oncofetal epigenetic' signature; direction=bivalent, not expression	T1
SPDEF	Gregorieff et al., Nature, 2015	mouse	intestinal organoids			Y			RNA-seq	B	down	primary		Spdef	Extended Data Fig 3d-f	Paneth/secretory marker suppressed by Yap during regeneration	down
SPIC	Sharma et al., Cell, 2020	human	fetal liver and HCC macrophages	Y				Y	SCENIC regulon	C	up	primary		SPIC	Figure 6B; conserved module	Member of conserved fetal-like macrophage regulon module; macrophage cell_type	T3
SPP1	Clevers, Cell, 2026	mouse	fetal intestinal organoids		Y					A	up	review	organoids grown from fetal gut (ref not named in text)	Spp1	Section 'The fetal-like regenerative state'	Gene described as typically enriched in organoids grown from fetal gut	T1
SPP1	Nusse et al., Nature, 2018	mouse	duodenal crypt epithelium (H. polygyrus granuloma) / Sca-1+ spheroids			Y			qPCR sorted cells	B	up	primary		Spp1	Results; ED Fig. 8b	Fetal marker up-regulated in Sca-1+ granuloma crypt cells in vivo	T1
SPP1	Viragova et al., Cell Stem Cell, 2024	mouse	GAC-derived spheroids; Rptor-deleted epithelium			Y			Rptor deletion activates ZAKa-SRC-YAP axis with Spp1 induction	B	up	review	Nusse et al., 2018	Spp1	Fetal-like reversion section; mTORC1 section	Fetal organoid marker of the fetal-like state	T1
SPP1	Clevers, Cell, 2026	mouse	small intestine crypts near helminth granulomas			Y				B	up	review	helminth (H. polygyrus) granuloma study (ref not named in text)	Spp1	Section 'The fetal-like regenerative state'	Upregulated in crypts near worm-induced granulomas (fetal reversion), driven by interferon-gamma	T1
SPP1	Burdziak et al., Science, 2023	mouse	pancreas GEMM epithelium					Y	smFISH spatial validation	C	up	primary		Spp1	Results 'communication modules'; Fig 4	Co-marker of gastric (E6) plastic epithelial state; cell_type: pancreatic epithelium	T1
SPRR1A	Clevers, Cell, 2026	mouse	fetal intestinal organoids		Y					A	up	review	organoids grown from fetal gut (ref not named in text)	Sprr1	Section 'The fetal-like regenerative state'	Gene described as typically enriched in organoids grown from fetal gut	T1
SPRR1A	Viragova et al., Cell Stem Cell, 2024	mouse	GAC spheroids; NRG1-treated organoids			Y			NRG1 treatment induces Sprr1a in SI organoids	B	up	review	Nusse et al., 2018	Sprr1a	Fetal-like reversion and signaling sections	Fetal organoid marker induced during fetal-like reprogramming	T1
SPRR1A	Clevers, Cell, 2026	mouse	small intestine crypts near helminth granulomas			Y				B	up	review	helminth (H. polygyrus) granuloma study (ref not named in text)	Sprr1	Section 'The fetal-like regenerative state'	Upregulated in crypts near worm-induced granulomas (fetal reversion), driven by interferon-gamma	T1
SRC	Sphyris et al., Cancers (Basel), 2021	mouse	intestinal epithelium (review)			Y			mechanotransduction; bile acid-TGR5-SRC/YAP	B	up	review	refs [149,209]	SRC	Sec. 8; Sec. 10	SRC/YAP signalling engages foetal regenerative program	T2
SRSF7	Mo et al., Hum Cell, 2023	human	gastric cancer CAF (C1) and TEC (C4) - stromal					Y	scRNA-seq NMF; HPA IHC	C	up	primary		SRSF7	Fig 2B, Fig 3B, Fig 6E	Embryonic stem gene defining oncofetal CAF subtype; poor prognosis, ICB resistance	T3
STK3	Cheung et al., Cell Stem Cell, 2020	mouse	Villin-Cre intestine			Y			Mst1/2 deletion causes loss of ISC markers	B	down	primary		Mst2	Fig 1F, Fig S1G	Loss of Hippo kinase induces YAP-active state	down
STK4	Cheung et al., Cell Stem Cell, 2020	mouse	Villin-Cre intestine			Y			Mst1/2 deletion causes loss of ISC markers	B	down	primary		Mst1	Fig 1F, Fig S1G	Loss of Hippo kinase induces YAP-active state	down
TACSTD2	Yui et al., Cell Stem Cell, 2018	mouse	fetal intestinal organoids		Y				Expression analysis of fetal vs adult organoids	A	up	primary		Tacstd2/Trop2	Suppl Fig S2A-C	Fetal progenitor marker elevated in fetal organoids	T1
TACSTD2	Viragova et al., Cell Stem Cell, 2024	mouse	fetal and regenerating stomach epithelium	Y	Y	Y			Fetal distal-stomach TROP2+ cells form spheroids; reactivated after LGR5+ cell loss	A	up	review	primary ref not named (ref 73, gastric study)	Tacstd2 (TROP2)	Cross-tissue section; Fig 2C	Shared fetal marker in gastric development and adult gastric regeneration	T1
TACSTD2	Clevers, Cell, 2026	mouse	fetal intestinal organoids		Y					A	up	review	organoids grown from fetal gut (ref not named in text)	Tacstd2	Section 'The fetal-like regenerative state'	Gene described as typically enriched in organoids grown from fetal gut	T1
TACSTD2	Yui et al., Cell Stem Cell, 2018	mouse	DSS repairing colon; collagen-I/ApcKO spheroids			Y			Rho-inhibition reduces Tacstd2 induction in ApcKO collagen organoids	B	up	primary		Tacstd2/Trop2	Suppl Fig S2A-C, Results (ApcKO collagen)	Fetal marker induced during repair and by mechano/YAP activation	T1
TACSTD2	Sphyris et al., Cancers (Basel), 2021	mouse	intestinal epithelium (review)			Y				B	up	review	refs [149,150]	Tacstd2/Trop2	Sec. 8	Foetal epithelial marker expressed by regenerating cells	T1
TACSTD2	Viragova et al., Cell Stem Cell, 2024	mouse	GAC spheroids; DSS colon; Rptor-null organoids			Y			SWI/SNF (Smarca4/Smarcc1) inactivation lowers Tacstd2 in fetal spheroids	B	up	review	Nusse et al., 2018	Tacstd2 (TROP2)	Fetal-like reversion and epigenetics sections	Recurrent fetal-like marker across injury contexts	T1
TACSTD2	Clevers, Cell, 2026	mouse	small intestine crypts near helminth granulomas			Y				B	up	review	helminth (H. polygyrus) granuloma study (ref not named in text)	Tacstd2	Section 'The fetal-like regenerative state'	Upregulated in crypts near worm-induced granulomas (fetal reversion), driven by interferon-gamma	T1
TACSTD2	Cañellas-Socias et al., Nature, 2022	human	colon/CRC				Y			C	up	primary		TACSTD2	ED Fig9b, fetal intestine progenitor signature	Fetal-like marker raised in HRCs; most others not	T1
TACSTD2	Goldenring & Mills, Gastroenterology, 2022	mouse;human	stomach, Mist1-Kras incomplete intestinal metaplasia and dysplasia					Y	Trop2 knockdown reduces dysplastic gastroid growth (cited)	C	up	review	numbered ref 43 (reference list absent from this file)	Trop2 (Tacstd2)	Evolution of metaplasia towards dysplasia section	Upregulated with emergence of dysplasia in Kras-driven metaplasia and in human incomplete intestinal metaplasia	T1
TACSTD2	Moorman et al., Nature, 2025	human	intestine/colon				Y		immunofluorescence	C	up	primary		TACSTD2 TROP2	Fig 1b; Extended Data Fig 6a,e	Injury-repair module member; protein higher in metastases than matched primaries	T1
TACSTD2	Ogden et al., Cell Genom, 2025	human	primary CRC and liver metastasis				Y			C	up	primary		TACSTD2	Fig 1E; Results 'Regenerative inflammatory cancer cell states'	Named as part of the fetal intestinal signature upregulated in (i)RECs	T1
TCF7	Cheung et al., Cell Stem Cell, 2020	mouse	Apc-/- tetO-YAP organoids				Y		RNA-seq	C	down	primary		Tcf7	Fig S4K	Only Wnt cofactor downregulated upon YAP activation	down
TCF7	Higa & Nakayama, Cancer Sci, 2024	mouse	CRC				Y			C	up	review	cited TCF1-PROX1-p57 study (reference list absent from file)	TCF1	Section 4; Figure 2C	Wnt-responsive factor upstream of PROX1-p57 in quiescent CSCs	T2
TCF7	Moorman et al., Nature, 2025	human	intestine/colon				Y			C	up	primary		TCF7	Extended Data Fig 7d	Member of 14-gene core fetal progenitor set shared by four patients	T2
TDGF1	De Angelis et al., Cancers (Basel), 2021	human	CRC-derived clonal spheroids				Y		fluctuating expression correlates with clonogenic capacity	C	up	review	cited ref 48	Cripto-1	Section 2.1	Review (authors' own work): fluctuating marker reflecting plastic cCSC state	T1
TEAD1	Mzoughi et al., Nat Genet, 2025	mouse	intestine/colon				Y		motif activity	C	up	primary		TEAD1	Fig 2k	TEAD motif activity broad across transitional states of stem-oncofetal spectrum	T2
TEAD1	Ogden et al., Cell Genom, 2025	human	liver metastasis snMultiome				Y			C	up	primary		TEAD1	Fig S6I-J	TEAD TF enriched in (i)RECs, consistent with YAP target gene upregulation	T2
TEAD3	Mzoughi et al., Nat Genet, 2025	mouse	intestine/colon				Y		footprinting	C	up	primary		TEAD3	Extended Data Fig 5m	TEAD footprint hyperactivated by RXR inhibition driving oncofetal conversion	T2
TEAD4	Ogden et al., Cell Genom, 2025	human	liver metastasis snMultiome				Y			C	up	primary		TEAD4	Fig S6I-J	TEAD TF enriched in the intermediate REC/stem state	T2
TFF1	Goldenring & Mills, Gastroenterology, 2022	mouse;human	stomach corpus, foveolar hyperplasia and pylorus			Y				B	up	review	Figure 1 of this review; numbered refs 33, 129	TFF1	Fig 1 legend; common GI metaplasia phenotype section	Marks foveolar hyperplasia within pyloric metaplasia and normal pyloric mucosa	T3
TFF2	Goldenring & Mills, Gastroenterology, 2022	mouse;human	stomach corpus, pyloric metaplasia / SPEM (non-intestinal epithelium)			Y			review cites Mist1-CreERT2 lineage tracing of chief cells into TFF2+ SPEM	B	up	review	numbered refs 20, 34, 40 (reference list absent from this file)	TFF2 (spasmolytic polypeptide)	Figs 1-2; sections on metaplasia as injury response and origin of SPEM	Pathognomonic SPEM marker induced when chief cells reprogram during injury-induced pyloric metaplasia	T3
TFF3	Moorman et al., Nature, 2025	human	intestine/colon	Y						A	down	primary		TFF3	Methods fetal signature derivation	Mature goblet marker restricted to second-trimester colon, not fetal progenitors	down
TFF3	Goldenring & Mills, Gastroenterology, 2022	mouse	stomach, Mist1-Kras intestinal metaplasia					Y		C	up	review	numbered refs 43, 48 (reference list absent from this file)	TFF3	Relationship of pyloric and intestinal metaplasia section; Fig 3	Intestinal phenotype marker emerging after SPEM in Kras-driven metaplasia preceding dysplasia	T1
TGFBR2	Chen et al., Cell Stem Cell, 2023	mouse	small intestine epithelium (IR) and organoids			Y			Epithelial Tgfbr2 KO restricts regeneration and abolishes TGFB1-induced fetal genes	B	up	primary		Tgfbr2	Fig 3A-E, 3I; Fig 4G,K; Fig 5H-J	Receptor elevated day 3 post-IR specifically in Clu+/Ly6a+ regenerative epithelial cells; required for regeneration	T2
TGM1	Centonze et al., Cancer Discov, 2026	mouse	CRC metastasis / organoids				Y			C	up	primary		Tgm1	Fig 3A, 3C-D	Keratinization mediator in Emp1+ HRC subset	T1
TJP3	Centonze et al., Cancer Discov, 2026	mouse	CRC metastasis				Y			C	up	primary		Tjp3	EpiHR signature description (Results)	Tight-junction gene listed in EpiHR HRC signature	T1
TMEM132A	Moorman et al., Nature, 2025	human	intestine/colon				Y		organoid media switch qPCR	C	up	primary		TMEM132A	Extended Data Fig 9e,f	Fetal-state readout rising when intestinal growth factors removed from metastasis organoids	T1
TNFAIP8	Sphyris et al., Cancers (Basel), 2021	mouse	intestinal epithelium (review)			Y			Tipe0-/- fails to mount Sca1+Clu+ regenerative response	B	up	review	ref [157]	TIPE0	Sec. 8	Regulator of Clu+ regenerative program; KO impairs YAP nuclear recruitment post-DSS	T2
TNFRSF12A	Gregorieff et al., Nature, 2015	mouse	small intestine after irradiation			Y			in situ hybridisation; Yap-dependent induction	B	up	primary		TweakR / Tnfrsf12a	Extended Data Figs 5-6; Yap regenerative program	Yap-induced regenerative gene co-expressed with Olfm4 in regenerating stem cells	T1
TP53	Hartl et al., Sci Adv, 2024	mouse	colon epithelium (DSS colitis) / colon & SI organoids			Y			cKO prevents exit from regenerative state; Nutlin-3a activation suppresses Wnt	B	up	primary		Trp53/p53	Results; Fig. 1A-C; Fig. 2; Fig. 4	p53 induced in regenerative epithelium after DSS; required to terminate fetal-like regenerative state	T2
TP53	Pérez-González et al., Nat Cancer, 2023	human PDO	CRC after chemotherapy				Y			C	up	review	refs 239-240 (reference list absent from file)	TP53	Drug Tolerance Mechanisms section	Chemotherapy-induced quiescence tied to the fetal-like state arises in TP53-wild-type tumour cells	T2
TP53	Cañellas-Socias et al., Nat Rev Gastroenterol Hepatol, 2024	human PDO	CRC after chemotherapy				Y		YAP programme induction reported as P53 dependent	C	up	review	Solé et al., Nat Commun, 2022 (ref 113)	P53	Tumour cell plasticity section	Wild-type P53 can be required for chemotherapy-induced YAP regenerative/fetal gene programme	T2
TPBG	Damelin et al., Cancer Res, 2011	human	NSCLC cell line H460T, PDX, patient tumors					Y	5T4hi sorted cells more tumorigenic; anti-5T4 ADC regresses PDX; IHC prognosis	C	up	primary		5T4 (TPBG)	Fig 1C-F, Fig 2, Table 1, Fig 5-6	Oncofetal antigen on tumor-initiating cells; lost on differentiation; poor prognosis in NSCLC	T3
TRPV4	van der Net et al., Cell Rep, 2025	mouse	AKP CRC organoids				Y		RN-1734/GSK205 inhibition reduces Sca-1high emergence and Ca2+ influx	C	up	primary		TRPV4	Results Fig 6	Mechanosensitive channel transducing collagen I forces to fetal-like reprogramming	T2
TUBB	Mo et al., Hum Cell, 2023	human	gastric cancer TAM (C3) - macrophage					Y	scRNA-seq NMF	C	up	primary		TUBB	Fig 4B	Defines oncofetal TAM subtype	T3
TWIST1	De Angelis et al., Cancers (Basel), 2021	human	CRC metastasis				Y			C	up	review	cited refs 112,115,116	TWIST1	Section 3	Review: EMT TF in metastasis-initiating plastic cCSC state	T2
ULK1	Rehman et al., Cell, 2021	human	CRC PDX and patient-derived cultures				Y		ULK1 inhibitor plus irinotecan blocks persister state and kills cells	C	up	primary		ULK1	Figure 6D-6G; autophagy pathway	Autophagy driver of diapause-like drug-tolerant persister state; functionally required	T2
VEGFA	Sharma et al., Cell, 2020	human	HCC tumor hepatocytes					Y	NicheNet prediction plus RNA-FISH co-localisation	C	up	primary		VEGFA	Figure 5A-5C	Tumor-hepatocyte ligand predicted to induce PLVAP in endothelium; epithelial/tumor-cell derived	T1
VEGFA	Ogden et al., Cell Genom, 2025	human	liver metastasis snMultiome				Y		enhancer-gene linkage	C	up	primary		VEGFA	Fig 3A-B; Fig S6C-D	Marker gene of the hypoxic cancer state neighbouring RECs	T1
VIM	Damelin et al., Cancer Res, 2011	human	NSCLC PDX; 87426A1 culture					Y	IHC; microarray	C	up	primary		vimentin	Fig 3A, Fig 4D	EMT marker co-expressed with 5T4 in undifferentiated state	T2
WDR45	Rehman et al., Cell, 2021	human	CRC patient-derived cultures				Y		qRT-PCR	C	up	primary		WDR45	Figure 6E; autophagy gene panel	Autophagy gene induced in irinotecan-induced persister cultures	T2
WFDC2	Goldenring & Mills, Gastroenterology, 2022	mouse;human	stomach corpus, SPEM			Y				B	up	review	numbered ref 34 (reference list absent from this file)	WFDC2 / HE4	Fig 1; relationship of pyloric and intestinal metaplasia section	Induced SPEM marker, possibly unique to SPEM rather than deep antral cells	T3
WIF1	Ramadan et al., Trends Cancer, 2022	mouse	intestinal crypts (Apc-mutant)			Y				B	up	review	cited supercompetition study	Wif1	Section 'Supercompetition facilitates tumor initiation'	Review: Wnt antagonist secreted by Apc-mutant cells to suppress normal ISCs	T2
WIPI1	Rehman et al., Cell, 2021	human	CRC patient-derived cultures				Y		qRT-PCR	C	up	primary		WIPI1	Figure 6E; autophagy gene panel	Autophagy gene induced in irinotecan-induced persister cultures	T2
WIPI2	Rehman et al., Cell, 2021	human	CRC patient-derived cultures				Y		qRT-PCR	C	up	primary		WIPI2	Figure 6E; autophagy gene panel	Autophagy gene induced in irinotecan-induced persister cultures	T2
WNT3	Gregorieff et al., Nature, 2015	mouse	intestinal organoids			Y			RNA-seq and qPCR of Paneth markers	B	down	primary		Wnt3	Extended Data Figs 3d-f, 4d	Paneth marker suppressed by Yap during regeneration	down
WNT5A	Chen et al., Cell Stem Cell, 2023	mouse	small intestine organoids (TGFB1); also mesenchyme			Y			TGFB1 induction blocked in Tgfbr2KO / TGFBR inhibitor; ATAC open chromatin	B	up	primary		Wnt5a	Fig 6B, 6J-L; Fig 5F (mesenchyme)	YAP-related regeneration gene induced by TGFB1 in organoid epithelium; also induced in TGFB1-treated mesenchyme	T2
WNT5B	Moorman et al., Nature, 2025	human	intestine/colon				Y			C	up	primary		WNT5B	Fig 1b; Extended Data Fig 7e	Endoderm development module gene; module most correlated with core fetal signature	T2
WWTR1	Yui et al., Cell Stem Cell, 2018	mouse	DSS repairing colon; collagen-I cultures			Y			YAP/TAZ cDKO blocks collagen growth, repair and Sca1 induction	B	up	primary		TAZ	Fig 5, Suppl Fig S5	TAZ required with YAP for establishing the fetal-like repairing state	T2
WWTR1	Hageman et al., Dev Cell, 2020	mouse	intestine after injury			Y				B	up	review	citations stripped from file	TAZ	Mechanisms of Plasticity section	Named with YAP as key regenerative transcriptional effector	T2
WWTR1	Sphyris et al., Cancers (Basel), 2021	mouse	intestinal epithelium (review)			Y				B	up	review	ref [149]	TAZ	Sec. 8	Nuclear YAP/TAZ activation drives foetal-like regenerative reprogramming after DSS	T2
WWTR1	Pérez-González et al., Nat Cancer, 2023	mouse	colon (DSS colitis)			Y				B	up	review	ref 19 (reference list absent from file)	TAZ	Cell Plasticity from Homeostasis to Tumorigenesis	Partner of YAP in fetal-like reprogramming during colon regeneration	T2
WWTR1	Cañellas-Socias et al., Nat Rev Gastroenterol Hepatol, 2024	mouse	intestine after injury			Y				B	up	review	refs 103-107	TAZ	Tumour cell plasticity section	Co-activator acting with YAP in the injury-induced regenerative programme	T2
WWTR1	Higa & Nakayama, Cancer Sci, 2024	mouse	intestine after irradiation or DSS colitis			Y			cited requirement for RSC generation	B	up	review	cited YAP/TAZ RSC studies (reference list absent from file)	TAZ	Section 6	Co-activator with YAP in fetal-like reversion to revival stem cells	T2
WWTR1	Cheung et al., Cell Stem Cell, 2020	mouse	Apc-mutant colon tumors; AOM				Y		Yap/Taz deletion increases tumor burden	C	up	primary		Taz	Fig 7, Fig S7	Deletion with Yap promotes colon tumor growth	T2
WWTR1	Mouillet-Richard & Laurent-Puig, Cancers (Basel), 2020	human	CRC patient tumours and cell lines				Y			C	up	review	Yuen et al. (ref 16)	TAZ	Section 2.1; Figs. 3-4	TAZ transcripts and protein enriched in CMS4 tumours and linked to shorter survival	T2
WWTR1	Sphyris et al., Cancers (Basel), 2021	mouse	mutant colonic organoids (CRC models)				Y		WNT-independent growth sensitive to YAP/TAZ inhibition	C	up	review	ref [163] (Han and colleagues)	TAZ	Sec. 8	TGFb-exposed organoids revert to YAP/TAZ-dependent foetal-like state, resisting PORCN inhibition	T2
YAP1	Clevers, Cell, 2026	mouse	fetal intestinal epithelium	Y					YAP required for maintenance of fetal epithelial state (per review)	A	up	review	multiple refs (not named)	YAP	Section 'The fetal-like regenerative state'	YAP activation described as required to maintain fetal epithelial state and transiently in intestinal development	T2
YAP1	Yui et al., Cell Stem Cell, 2018	mouse	DSS repairing colon; collagen-I cultures			Y			Conditional YAP/TAZ cDKO impairs repair; YAPS127A overexpression sufficient to reprogram	B	up	primary		YAP	Fig 3D-E, Fig 5E-M	Nuclear YAP marks and drives the fetal-like repairing epithelium	T2
YAP1	Ayyaz et al., Nature, 2019	mouse	small intestine and colon (irradiation)			Y			Yap1 epithelial knockout abolishes Clu+ cells and impairs regeneration; Lats1/2 knockout induces ectopic Clu-GFP+ cells	B	up	primary		Yap1	Main text; ED Fig 6a-c; ED Fig 10b,c	Yap1 signature exclusive to SSC2c revival stem cells and required for their emergence	T2
YAP1	Cheung et al., Cell Stem Cell, 2020	mouse	mouse intestine/colon; organoids			Y			YAP S127A/5SA overexpression reprograms ISCs; lineage tracing shows loss of stemness	B	up	primary		YAP	Fig 1-3	Drives Klf6+ wound-healing state; nuclear in injury	T2
YAP1	Hageman et al., Dev Cell, 2020	mouse	colon (DSS), small intestine (irradiation), organoids			Y			conditional Yap KO worsens DSS injury; YAP overexpression boosts organoid formation	B	up	review	citations stripped from file	YAP	Mechanisms of Plasticity section	Dispensable for homeostasis but critical for regeneration; prevents differentiation after radiation damage	T2
YAP1	Mouillet-Richard & Laurent-Puig, Cancers (Basel), 2020	mouse	intestine (irradiation, Lgr5+ ISC ablation, DSS)			Y			inducible Yap deletion impairs epithelial recovery; Yap needed for revSC expansion	B	up	review	Gregorieff et al. (refs 34, 36; reference list absent from file)	Yap	Section 2.2 Insight from Animal Models	Yap drives expansion of revival stem cells able to rebuild the Lgr5+ crypt base compartment	T2
YAP1	Beumer & Clevers, Nat Rev Mol Cell Biol, 2021	mouse	intestine (irradiation, DSS)			Y			Loss of YAP/TAZ prohibits regeneration (per review)	B	up	review	Barry et al., Nature, 2013; Cai et al., Genes Dev, 2010; Gregorieff et al., Nature, 2015; Yui et al., Cell Stem Cell, 2018	YAP	'Damage signals' section; refs 84-88	YAP increased and nuclear in regenerating crypts; controls fetal-like/revSC state	T2
YAP1	Sphyris et al., Cancers (Basel), 2021	mouse	intestinal epithelium (review)			Y			revSC regeneration YAP1-dependent; YAP reprograms Lgr5+ ISCs post-irradiation	B	up	review	refs [149,152,156]	YAP/YAP1	Sec. 8	ECM-FAK/SRC mechanotransduction activates YAP/TAZ to drive foetal-like regenerative state	T2
YAP1	Goldenring & Mills, Gastroenterology, 2022	mouse;human	stomach and other GI metaplasias			Y				B	up	review	numbered ref 76 (reference list absent from this file)	nuclear YAP1	Common gastrointestinal metaplasia phenotype section	Nuclear YAP1 is a shared marker of the convergent regenerative metaplastic phenotype	T2
YAP1	Chen et al., Cell Stem Cell, 2023	mouse	small intestine epithelium (IR)			Y			IF; YAP signature GSEA; TEAD motif ATAC	B	up	primary		YAP	Fig 6C-G, 6M; Fig 4D	YAP/TEAD activated in TGFB1-exposed and regenerating epithelium; YAP signature elevated; SOX9+ cells coincide with YAP+ cells	T2
YAP1	Pérez-González et al., Nat Cancer, 2023	mouse	intestine/colon (irradiation, DSS colitis, helminth)			Y			cited as required for the regenerative state	B	up	review	refs 18-21 (reference list absent from file)	YAP	Cell Plasticity from Homeostasis to Tumorigenesis	YAP/TAZ reprogram adult intestinal cells into a fetal-like state required for regeneration after colitis	T2
YAP1	Cañellas-Socias et al., Nat Rev Gastroenterol Hepatol, 2024	mouse	intestine/colon after injury			Y			drives mucosal regeneration in cited studies	B	up	review	Ayyaz et al., 2019; Barry et al., 2013; Gregorieff et al., 2015; Yui et al., 2018 (refs 103-106)	YAP	Tumour cell plasticity section	Hippo co-activator programme replacing LGR5+ ISC renewal after damage; parallels fetal intestine gene programmes	T2
YAP1	Hartl et al., Sci Adv, 2024	mouse	colon epithelium (DSS colitis) / colon & SI organoids			Y			IF; YAP UP signature GSEA; Rspo3 KO prevents YAP induction	B	up	primary		aYAP (active YAP)	Results; fig. S1C,K; Fig. 2I-J; Fig. 4E,J	Active YAP marks regenerative state after DSS and persists in Trp53 cKO/KO-WI; YAP UP signature enriched	T2
YAP1	Higa & Nakayama, Cancer Sci, 2024	mouse	intestine after irradiation or DSS colitis			Y			cited requirement and sufficiency for RSC generation	B	up	review	cited YAP/TAZ RSC studies (reference list absent from file)	YAP	Section 6	Review frames YAP activation as required for fetal-like revival stem cell induction	T2
YAP1	Viragova et al., Cell Stem Cell, 2024	mouse/human	intestine, liver, heart, skin regeneration			Y			Nuclear YAP required for villus recovery; YAP5SA reprograms cardiomyocytes	B	up	review	multiple primary refs (Yui 2018; Ayyaz 2019)	YAP/Yap1	Signaling pathways section; Fig 1B	Central driver of fetal-like reversion across tissues	T2
YAP1	Clevers, Cell, 2026	mouse	intestine (damage, organoids)			Y			YAP required for fetal epithelial state (per review)	B	up	review	multiple refs (not named)	YAP	Section 'The fetal-like regenerative state'	Nuclear YAP in regenerating epithelium; fetal-like regenerative state described as primarily YAP-driven	T2
YAP1	Gregorieff et al., Nature, 2015	mouse	ApcMin adenomas; Apc-null organoids				Y		conditional Yap deletion abolishes adenomas and blocks Apc-null organoid growth	C	up	primary		Yap	Figures 3c-3f, 4	Nuclear Yap drives the regenerative program in Apc-mutant tumour-initiating cells	T2
YAP1	Cheung et al., Cell Stem Cell, 2020	mouse;human	AKP/AKPS organoids, orthotopic, liver metastasis; human PDO and xenograft				Y		YAP5SA suppresses tumor growth and metastasis; Yap/Taz KO increases tumors	C	up	primary		YAP	Fig 5-7, Fig S5	YAP reprograms Lgr5+ CSCs to regenerative state, acting as tumor suppressor	T2
YAP1	Mouillet-Richard & Laurent-Puig, Cancers (Basel), 2020	human	CRC patient tumours, liver metastases, cell lines				Y		knockdown reduces proliferation and xenograft growth	C	up	review	Touil et al. (ref 19); Lee et al. (ref 20); refs 16, 22-24	YAP	Sections 2.1 and 2.3; Figs. 3-4	YAP1 mRNA raised in chemotherapy-treated liver metastases; activation signature marks poor prognosis and CMS4	T2
YAP1	Sphyris et al., Cancers (Basel), 2021	mouse; human	ApcMin/+ adenomas; FAP adenomas; CRC organoids				Y		Yap deletion abrogates ApcMin adenoma formation	C	up	review	refs [152,158,163]	YAP	Sec. 8	YAP regenerative program hijacked in tumorigenesis; nuclear YAP in FAP tubular adenomas	T2
YAP1	Cañellas-Socias et al., Nature, 2022	mouse	CRC organoids				Y		shRNA knockdown and dominant-negative TEAD did not reduce HRCs	C	up	primary		YAP/Yap1	ED Fig9g-m, Fig3 text	YAP activity dispensable for HRC/EMP1-high state specification	T2
YAP1	Pérez-González et al., Nat Cancer, 2023	mouse; human organoids/PDX	CRC and intestinal cancer under therapy				Y		YAP/TAZ targeting proposed to reverse WNT-inhibitor resistance and remove quiescent cells	C	up	review	refs 237-241 (reference list absent from file)	YAP	Drug Tolerance Mechanisms section	YAP drives lineage reversion to a fetal-like state conferring WNT independence; FAK-YAP wakes dormant tumour cells	T2
YAP1	Cañellas-Socias et al., Nat Rev Gastroenterol Hepatol, 2024	mouse; human	CRC liver micrometastasis				Y		YAP overexpression reprogrammes CSCs to fetal state; transient YAP needed at micrometastatic stage	C	up	review	Heinz et al., Cancer Res, 2022 (ref 100); Cheung et al., Cell Stem Cell, 2020 (ref 122)	YAP	Tumour cell plasticity section	Transient YAP activity required for liver colonization at the micrometastatic stage	T2
YAP1	Tape, Trends Cancer, 2024	mouse;human	colon / CRC (initiation, micrometastasis, chemotherapy response)				Y		review cites YAP requirement for Apc-null adenoma formation and YAP inhibition resensitising revCSCs to chemotherapy	C	up	review	primary ref unresolved (citation markers stripped from this file)	YAP	Revival stem cells; Revival stem cells in CRC; Regulation of CSC plasticity; Glossary	Defining signalling feature of revCSCs; high YAP correlates with poor prognosis and relapse	T2
YAP1	Mzoughi et al., Nat Genet, 2025	mouse	intestine/colon				Y		knockdown and overexpression	C	up	primary		YAP	Fig 2f,l; Extended Data Fig 6f-g	Required for and sufficient to initiate oncofetal reprogramming with AP-1	T2
YAP1	van der Net et al., Cell Rep, 2025	mouse	AKP CRC organoids				Y		K-975 TEAD inhibition and shYAP1 block transition; YAP1-5SA sufficient	C	up	primary		YAP1	Results Fig 4, Fig S9	YAP1/TEAD activity required and sufficient for fetal-like reprogramming	T2
ZEB1	Mouillet-Richard & Laurent-Puig, Cancers (Basel), 2020	human	MDST8 CMS4 CRC cell line				Y		YAP/TAZ knockdown reduces expression	C	up	review	ref 70	ZEB1	Section 2.3	YAP/TAZ-controlled EMT gene and CMS4 classifier gene	T2
ZEB1	De Angelis et al., Cancers (Basel), 2021	human	CRC metastasis				Y			C	up	review	cited refs 112,115,116	ZEB1	Section 3	Review: EMT TF in metastasis-initiating plastic cCSC state	T2
ZEB1	Burdziak et al., Science, 2023	mouse	pancreas GEMM epithelium					Y		C	up	primary		Zeb1	Fig 1B; Fig S1B-E	Marker of the EMT-like epithelial state captured in the tumorigenesis atlas; cell_type: pancreatic epithelium	T2
ZEB2	De Angelis et al., Cancers (Basel), 2021	human	CRC metastasis				Y			C	up	review	cited refs 112,115,116	ZEB2	Section 3	Review: EMT TF in metastasis-initiating plastic cCSC state	T2
