human_ensembl_gene_id,human_gene_ensembl116,mouse_ensembl_gene_id,mouse_gene,orthology_type,orthology_confidence,human_gene,HGCA_log2FC,HGCA_logCPM,HGCA_F,HGCA_PValue,HGCA_FDR,HGCA_primary_pass,HGCA_proliferative_log2FC,HGCA_proliferative_logCPM,HGCA_proliferative_F,HGCA_proliferative_PValue,HGCA_proliferative_FDR,HGCA_proliferative_direction_pass,H1_pass,human_symbol_matches_ensembl116,Gao_log2FC,Fetal_mean_expression,Fetal_median_expression,Adult1_expression,Adult2_expression,n_fetal_donors,n_adult_donors,Gao_direction_consistent,Gao_pass,mouse_entrez_id,Mouse_log2FC,Mouse_logCPM,Mouse_F,Mouse_PValue,Mouse_FDR,Mouse_pass,Conserved_Fetal_High,evidence_label
ENSG00000185559,DLK1,ENSMUSG00000040856,Dlk1,ortholog_one2one,1.0,DLK1,12.4795179833889,4.99883194035245,15.6297099059842,0.0006535294062776,0.0018226038139938,True,12.3733753296929,5.06519060646414,10.3213634618379,0.0042630154171331,0.0112607464634031,True,True,True,3.7645629240606726,19.16116861393277,14.178311952440549,0.04,0.1936087866108786,12.0,2.0,True,True,13386.0,8.24945131700111,4.95468699763644,307.966787277123,1.9884497249730698e-11,1.6443614682168602e-09,True,True,Conserved Fetal-High Candidate
ENSG00000176887,SOX11,ENSMUSG00000063632,Sox11,ortholog_one2one,1.0,SOX11,10.818220294607,4.34627881068706,74.844620412744,1.6171786101000202e-09,3.78313401433792e-08,True,10.4873926879675,4.40416831834386,43.7780757765075,7.19917724306219e-07,8.45769285860631e-06,True,True,True,2.352049560782359,98.5333289999246,47.976931864545094,16.096748663101604,1.0892364016736402,12.0,2.0,True,True,20666.0,9.49616848520613,4.85711051259095,544.023989225403,1.62963273316416e-12,2.70575532231044e-10,True,True,Conserved Fetal-High Candidate
ENSG00000105707,HPN,ENSMUSG00000001249,Hpn,ortholog_one2one,1.0,HPN,10.0708661991728,6.75063620773361,575.326892711363,1.48771982136462e-19,3.7785958148630897e-16,True,11.1675743204395,6.79842704444921,538.5621713022,1.01429121815476e-18,1.46666510145178e-15,True,True,True,4.1025457755437245,64.80084521967062,37.658321143617016,2.3921283422459885,0.1086087866108786,12.0,2.0,True,True,15451.0,4.72546207795084,3.92295586433269,301.285740589648,5.65651127827823e-10,2.01905606324387e-08,True,True,Conserved Fetal-High Candidate
ENSG00000170558,CDH2,ENSMUSG00000024304,Cdh2,ortholog_one2one,1.0,CDH2,9.97194357815241,4.86023137543366,61.1238463383534,7.49661234422825e-09,1.315718369872e-07,True,9.36629171762339,4.9106979092082,37.883380690356,1.78514252111755e-06,1.80091819921115e-05,True,True,True,3.029156305474094,27.746731650579772,28.3421941216678,3.867679144385027,1.3211087866108786,12.0,2.0,True,True,12558.0,7.90525262437935,1.41231035338043,69.0684388998192,7.04657180774755e-06,4.12387063948795e-05,True,True,Conserved Fetal-High Candidate
ENSG00000184697,CLDN6,ENSMUSG00000023906,Cldn6,ortholog_one2one,1.0,CLDN6,9.85231556297592,6.48795092586867,127.305954585325,1.3764366721002599e-11,7.5297438748525e-10,True,9.72556380607926,6.54046003622879,100.869502348356,1.25329249786908e-10,6.271330417630191e-09,True,True,True,1.1074036506950646,3.5919141120109637,1.5119356175739154,0.1893475935828877,0.1423744769874476,12.0,2.0,True,True,54419.0,6.83329112742583,3.62422925139271,238.761180687699,1.226535210791e-10,6.48019436367914e-09,True,True,Conserved Fetal-High Candidate
ENSG00000187772,LIN28B,ENSMUSG00000063804,Lin28b,ortholog_one2one,1.0,LIN28B,9.65275921679474,0.702366251052889,15.480767388366,0.0009378374297231,0.0024945858263086,True,9.35591550194533,0.838243291759359,9.39516002751468,0.0063707842035792,0.015747271723719,True,True,True,1.0203400162685927,6.773992374734033,2.2721730594986416,0.7992192513368985,0.4271443514644351,12.0,2.0,True,True,380669.0,4.7467540424068,1.26596065672587,40.5019979666785,9.84109628214376e-06,5.4389520921736e-05,True,True,Conserved Fetal-High Candidate
ENSG00000130829,DUSP9,ENSMUSG00000031383,Dusp9,ortholog_one2one,1.0,DUSP9,9.37020367264423,3.51982454093544,49.9317329275005,6.24763198246021e-08,7.54596800381522e-07,True,10.1472343654374,3.57732638026208,26.2757726674807,3.59613380314685e-05,0.000210101393105,True,True,True,0.89605712052761,2.7896274142599733,1.4902704678362575,0.6763101604278076,0.0,12.0,2.0,True,True,75590.0,5.05147208210308,3.37947293902144,201.790300718194,4.5018591636120305e-09,9.92346902389579e-08,True,True,Conserved Fetal-High Candidate
ENSG00000169515,CCDC8,ENSMUSG00000041117,Ccdc8,ortholog_one2one,0.0,CCDC8,9.35137649505946,4.22565273392562,334.769109939231,2.08612921089725e-18,2.64923508861016e-15,True,8.72836628743314,4.28651059434361,309.798646360702,8.460194232059429e-16,3.26225089588212e-13,True,True,True,4.285880120735384,35.31397297498882,33.97864406779661,1.0673796791443848,0.5189853556485355,12.0,2.0,True,True,434130.0,7.93689505283624,5.55122983325443,476.373939763362,1.13834653608626e-11,1.11440777804797e-09,True,True,Conserved Fetal-High Candidate
ENSG00000159217,IGF2BP1,ENSMUSG00000013415,Igf2bp1,ortholog_one2one,1.0,IGF2BP1,9.17889094158925,4.88513228468952,352.616728416794,4.6865050407146e-18,4.53831937054981e-15,True,8.89911449679065,4.9364157749441,259.68473646564,4.4914974732945705e-15,1.25703974446141e-12,True,True,True,2.989424532282224,47.56329894218573,47.4631692868535,9.971176470588237,0.233755230125523,12.0,2.0,True,True,140486.0,9.96464399354816,6.98314152562166,1596.58948192875,6.28971587346356e-16,2.0935319284823498e-12,True,True,Conserved Fetal-High Candidate
ENSG00000206557,TRIM71,ENSMUSG00000079259,Trim71,ortholog_one2one,1.0,TRIM71,8.50811103954346,2.50087285186721,148.450532249825,2.40016097199573e-13,2.8832744541291896e-11,True,9.80346175118824,2.58162264083572,99.1690244361683,2.6337098957459e-09,8.20469194093049e-08,True,True,True,2.6151211714919524,15.249292455223788,16.58627136021873,1.140139037433155,2.6006799163179917,12.0,2.0,True,True,636931.0,13.3551529997677,6.51968530936903,2383.09408788617,1.64763494136259e-13,4.76882861071771e-11,True,True,Conserved Fetal-High Candidate
ENSG00000136231,IGF2BP3,ENSMUSG00000029814,Igf2bp3,ortholog_one2one,1.0,IGF2BP3,8.43766736226822,4.92045250265475,636.024881780631,2.2416593024269902e-20,9.963615184462361e-17,True,9.04073817613781,4.97658228179886,574.999442472504,3.1403793299876703e-19,6.81148276674326e-16,True,True,True,4.109587778306783,41.552658385338674,37.66851582687339,2.172042780748663,0.3079602510460251,12.0,2.0,True,True,140488.0,5.96129878960882,7.23892432567568,1239.44412286569,1.0441410985731999e-13,3.6583406806325095e-11,True,True,Conserved Fetal-High Candidate
ENSG00000053438,NNAT,ENSMUSG00000067786,Nnat,ortholog_one2one,0.0,NNAT,8.00285846586568,4.50636755653851,96.1180977316999,2.41509655065951e-10,7.970343023352521e-09,True,7.86687748805121,4.55481288840136,72.4036745521412,4.09008603879617e-09,1.16218576206353e-07,True,True,True,6.464998181798373,206.19569986361464,151.30613423092615,0.2291978609625668,1.2189748953974897,12.0,2.0,True,True,18111.0,2.9530706788998,4.00121722432587,212.079013992157,4.09891776592471e-09,9.17193128328094e-08,True,True,Conserved Fetal-High Candidate
ENSG00000162576,MXRA8,ENSMUSG00000029070,Mxra8,ortholog_one2one,1.0,MXRA8,7.85592370067752,5.30984405511616,142.85876801161,7.61502423666034e-12,4.6524919554496303e-10,True,7.8173829350982,5.36227984317442,105.496481567669,6.99348400460712e-11,3.804104528148681e-09,True,True,True,4.329072336054434,70.9201569484747,72.67944693094628,2.466695187165775,2.8648535564853552,12.0,2.0,True,True,74761.0,2.84854015626198,1.14948014696756,27.0135212813847,0.0001809877994426,0.0006453325018156,True,True,Conserved Fetal-High Candidate
ENSG00000118271,TTR,ENSMUSG00000061808,Ttr,ortholog_one2one,1.0,TTR,7.84727832579172,9.92930316874113,52.1995027189647,1.73204226931798e-07,1.73194485411723e-06,True,11.1964411527472,9.97396821015869,150.60106736026,7.61873406304345e-13,9.117260238753789e-11,True,True,True,4.627497843695913,742.0553627370183,232.83224351415095,6.890010695187165,10.029884937238494,12.0,2.0,True,True,22139.0,3.29632694194644,5.54216763495872,527.790620893992,1.82750817304183e-11,1.5941502113699302e-09,True,True,Conserved Fetal-High Candidate
ENSG00000186998,EMID1,ENSMUSG00000034164,Emid1,ortholog_one2one,1.0,EMID1,7.56869354560409,3.85626995788444,200.608873795498,3.21019667951864e-14,5.38434780803414e-12,True,6.83430588311979,3.92146702107335,226.345795956648,1.02581730378774e-14,2.40540295342228e-12,True,True,True,2.075231641092327,9.161585487445038,6.810726264189886,1.706930481283422,0.0,12.0,2.0,True,True,140703.0,7.44843106544999,3.70798426050019,219.134493903549,1.07364585459408e-10,5.9313364763757805e-09,True,True,Conserved Fetal-High Candidate
ENSG00000188176,SMTNL2,ENSMUSG00000045667,Smtnl2,ortholog_one2one,1.0,SMTNL2,7.51736136870701,2.33274865178328,161.417748441612,5.4903839178646e-14,8.27233353184022e-12,True,7.23411125095501,2.42192955404535,111.207332479662,8.981440981286349e-11,4.69415553937593e-09,True,True,True,0.9028613989656228,3.834008976135012,3.1986296192609185,2.4412727272727275,0.0497907949790795,12.0,2.0,True,True,276829.0,4.96638913997177,3.56478918764486,195.099118690661,6.3883710798277e-09,1.3227802885976e-07,True,True,Conserved Fetal-High Candidate
ENSG00000164007,CLDN19,ENSMUSG00000066058,Cldn19,ortholog_one2one,1.0,CLDN19,7.42037276568824,1.79451319731922,168.823279437999,3.07217195946842e-14,5.30292672498922e-12,True,6.7930315887269,1.90179753424383,97.3589820840448,3.52057837465832e-10,1.4936204390482e-08,True,True,True,0.7943738242247955,6.742740679110014,3.173239164086687,0.1758609625668449,2.6366631799163183,12.0,2.0,True,True,242653.0,2.03496022495986,0.69014577240021,14.7752096942069,0.0021442811073143,0.0054785950226028,True,True,Conserved Fetal-High Candidate
ENSG00000139219,COL2A1,ENSMUSG00000022483,Col2a1,ortholog_one2one,1.0,COL2A1,6.94129919971126,5.35742976133096,47.4162817791225,3.83284943811986e-07,3.31894576457823e-06,True,7.68412360554964,5.39392150013874,51.2850219226721,9.84505350025974e-08,1.63162720474219e-06,True,True,True,3.4593117283721804,60.19260589281678,30.86403234649123,0.4980213903743316,3.2959205020920503,12.0,2.0,True,True,12824.0,7.80774538894145,1.32664140772696,64.6023137101237,9.52695414158853e-06,5.28287661145813e-05,True,True,Conserved Fetal-High Candidate
ENSG00000067445,TRO,ENSMUSG00000025272,Tro,ortholog_one2one,0.0,TRO,6.80517700417716,1.65328519601713,96.0531995577545,4.02207610291972e-11,1.8382645509976801e-09,True,6.45779477590862,1.75765439650507,55.1930951138787,7.93145855105307e-08,1.35726497808553e-06,True,True,True,3.061704119113608,33.00373251735352,22.514943097476497,0.3075508021390374,3.32505230125523,12.0,2.0,True,True,56191.0,7.41032736844843,0.982502690333537,56.8198840037798,1.68866238804236e-05,8.57142624262143e-05,True,True,Conserved Fetal-High Candidate
ENSG00000101115,SALL4,ENSMUSG00000027547,Sall4,ortholog_one2one,1.0,SALL4,6.76258620101396,3.04245389813795,57.1277866831724,3.45199009379404e-08,4.5972233616153e-07,True,6.06418511014714,3.10431864854957,41.3399867559092,6.70356133679332e-07,7.95079947478042e-06,True,True,True,2.335727142888889,11.300586347496989,10.060895129442738,1.7472941176470584,0.6349476987447698,12.0,2.0,True,True,99377.0,7.59246378487607,1.13944141871985,59.227762572376,1.40465571327666e-05,7.31101882977541e-05,True,True,Conserved Fetal-High Candidate
ENSG00000073067,CYP2W1,ENSMUSG00000029541,Cyp2w1,ortholog_one2one,1.0,CYP2W1,6.6401886618167,7.13603151272306,49.3876703845725,2.7667267378157e-07,2.55929420768082e-06,True,5.80974306976529,7.1868903119656,38.7692208415317,1.53087928399247e-06,1.58589954243805e-05,True,True,True,3.7126039142889296,269.0038433806328,292.6288898639755,36.42800000000003,6.366391213389121,12.0,2.0,True,True,545817.0,6.40665745893269,4.63581532174855,732.971495870547,1.85307098798937e-12,2.97250447398681e-10,True,True,Conserved Fetal-High Candidate
ENSG00000198300,PEG3,ENSMUSG00000002265,Peg3,ortholog_one2one,1.0,PEG3,6.47560017828308,2.1006694384471,87.1264798966694,2.09948872388548e-10,7.061925786963211e-09,True,6.19660091949493,2.18891644240532,50.2728245237094,1.62707372134849e-07,2.4852978180316e-06,True,True,True,4.914865314074003,46.528452244834426,35.51503729706012,0.1369732620320855,0.2839435146443514,12.0,2.0,True,True,18616.0,3.87115887621684,8.09875900934624,603.127968086658,8.1776601038147e-12,8.50604426735851e-10,True,True,Conserved Fetal-High Candidate
ENSG00000130005,GAMT,ENSMUSG00000020150,Gamt,ortholog_one2one,1.0,GAMT,6.44275446366776,5.9003599557015,101.60441045262,3.60613847127587e-10,1.10255722155178e-08,True,5.6866164480458,5.95960838473283,88.0091267634501,5.537743370931471e-10,2.19887695589023e-08,True,True,True,2.036333438599755,32.519281732065444,28.103847114317425,3.7689197860962578,8.421098326359834,12.0,2.0,True,True,14431.0,3.24344778929649,3.52862888154304,116.457632039441,1.27891282517711e-07,1.5135506981696e-06,True,True,Conserved Fetal-High Candidate
ENSG00000147257,GPC3,ENSMUSG00000055653,Gpc3,ortholog_one2one,1.0,GPC3,6.42772064103877,7.38922942017792,100.5128644033,3.8254137138033403e-10,1.15863765617904e-08,True,5.97135804939185,7.44035330975186,104.873891716419,1.73799954912707e-10,8.26240224012409e-09,True,True,True,5.517303359496863,174.01920517752808,165.91707424650826,4.297978609625667,0.990836820083682,12.0,2.0,True,True,14734.0,10.8955207076935,7.52225980377157,2188.11871431017,1.04708275091178e-17,1.39408597456394e-13,True,True,Conserved Fetal-High Candidate
ENSG00000077279,DCX,ENSMUSG00000031285,Dcx,ortholog_one2one,1.0,DCX,6.41428542177238,-0.499740423613402,50.8377860832867,1.18644651941114e-07,1.26918367440497e-06,True,6.74756320628383,-0.319005559232355,27.2042719069238,3.34234011971756e-05,0.0001984135674216,True,True,True,3.7911120413246047,31.998750819416724,25.43797169811321,1.7944171122994652,0.0251987447698744,12.0,2.0,True,True,13193.0,6.71707462656241,2.26875174963296,117.81087150179,3.72683490428422e-08,5.45311080698157e-07,True,True,Conserved Fetal-High Candidate
ENSG00000104833,TUBB4A,ENSMUSG00000062591,Tubb4a,ortholog_one2one,1.0,TUBB4A,6.37755277508484,1.75541962659224,22.0060758574684,5.32795335989386e-05,0.0002116775034314,True,6.2079071635751,1.8406951369316,11.6762815119546,0.0021340461248979,0.0063288272704202,True,True,True,0.5810860821723504,1.6753385469078783,0.6160056902523503,0.0033689839572192,0.157102510460251,12.0,2.0,True,True,22153.0,2.40730248754877,1.23491084801533,29.7642821492702,0.0001309320350462,0.000488710152679,True,True,Conserved Fetal-High Candidate
ENSG00000138696,BMPR1B,ENSMUSG00000052430,Bmpr1b,ortholog_one2one,1.0,BMPR1B,6.36165516604834,0.639100412336341,31.5079797252052,3.45958554585886e-06,2.09068563629587e-05,True,7.9000790163965,0.770624263371562,14.9350155173679,0.0009196605968128,0.0031431850848724,True,True,True,1.936018352139056,10.04667222942354,9.17156805745554,2.7755294117647056,0.5408786610878662,12.0,2.0,True,True,12167.0,7.4787951913179,1.04049015243724,51.6562970881033,2.5641307150685e-05,0.0001223685379639,True,True,Conserved Fetal-High Candidate
ENSG00000091513,TF,ENSMUSG00000032554,Trf,ortholog_one2one,1.0,TF,6.31712247604802,4.31389260411069,40.380611603565,1.33647777446643e-06,9.30718306002301e-06,True,5.91518327745501,4.37919052539819,36.326914996664,1.72517462904302e-06,1.74447728223511e-05,True,True,True,1.0920694719363853,3.74311455894816,1.8696491228070176,0.0032192513368983,0.6890167364016736,12.0,2.0,True,True,22041.0,4.85399182366194,4.71359667575582,392.82356578454,1.12033822045692e-10,6.088237986597351e-09,True,True,Conserved Fetal-High Candidate
ENSG00000152661,GJA1,ENSMUSG00000050953,Gja1,ortholog_one2one,1.0,GJA1,6.10610657264519,4.23630738279799,130.223187767899,2.4348760433573097e-11,1.19255264944489e-09,True,5.7851160329228,4.29865681447018,113.161428278085,2.46020890237581e-11,1.6048701080460502e-09,True,True,True,1.0969048652288689,14.283339044932797,10.648633014001474,6.810834224598928,2.0810669456066946,12.0,2.0,True,True,14609.0,8.29188190022181,3.72250630426033,278.634151869255,1.44179212394248e-10,7.2132998901066406e-09,True,True,Conserved Fetal-High Candidate
ENSG00000109113,RAB34,ENSMUSG00000002059,Rab34,ortholog_one2one,1.0,RAB34,6.03510661842683,5.22287155531084,143.2714765349,9.775268342788749e-12,5.75478463133911e-10,True,6.11999744143456,5.27647286467116,213.288009820467,9.460953572405041e-15,2.2488557039503098e-12,True,True,True,4.322232889039133,125.30999745263028,95.43842181854676,3.695978609625669,3.945826359832635,12.0,2.0,True,True,19376.0,5.01901589192098,0.785707696569017,37.3267293002251,2.83015130253457e-05,0.0001331471181694,True,True,Conserved Fetal-High Candidate
ENSG00000162374,ELAVL4,ENSMUSG00000028546,Elavl4,ortholog_one2one,1.0,ELAVL4,6.01585995110579,1.27209097587591,64.3489827476913,4.40076893352958e-09,8.53230870983886e-08,True,6.10976007173652,1.39042667988446,36.9277610161307,2.20404490537511e-06,2.14015597079289e-05,True,True,True,2.500331543576996,37.94804317901072,13.9215295062224,1.629711229946524,1.6446338912133889,12.0,2.0,True,True,15572.0,4.27476948013305,1.32078412624462,56.0207000126539,1.90517482036822e-06,1.38760927562267e-05,True,True,Conserved Fetal-High Candidate
ENSG00000136160,EDNRB,ENSMUSG00000022122,Ednrb,ortholog_one2one,1.0,EDNRB,6.00115713686047,3.31688687293365,37.4069086605014,2.16609738627372e-06,1.40091107422919e-05,True,5.55872931846942,3.38559224466098,30.8948176434298,6.52727226645086e-06,5.1388942090497e-05,True,True,True,2.85694491124803,61.89979174990727,45.46964912280701,6.630117647058823,4.198305439330543,12.0,2.0,True,True,13618.0,6.59291101668288,2.15582296177484,131.213270370406,1.8957020239181e-08,3.17077597317155e-07,True,True,Conserved Fetal-High Candidate
ENSG00000141756,FKBP10,ENSMUSG00000001555,Fkbp10,ortholog_one2one,1.0,FKBP10,5.97395509257009,4.63808316555659,105.531766052069,2.382400142034e-10,7.889464060478241e-09,True,6.24687955100265,4.69489580471043,90.0293630175335,3.15616974422151e-10,1.35559052974583e-08,True,True,True,3.140964189665721,14.942377527928215,15.275952685421997,1.6541925133689843,0.0360251046025104,12.0,2.0,True,True,14230.0,5.15160060693608,0.895952775790181,30.906768778089,7.32386625154494e-05,0.0002997539356688,True,True,Conserved Fetal-High Candidate
ENSG00000061337,LZTS1,ENSMUSG00000036306,Lzts1,ortholog_one2one,1.0,LZTS1,5.93384229081279,0.367372140346716,37.1939285525749,8.18761070735783e-07,6.25021600541498e-06,True,5.954492211768,0.5276122070555,18.0989736729757,0.0002489122188776,0.0010578312079266,True,True,True,1.527642181072088,5.942577265746632,4.989044117647059,0.9250481283422458,1.229476987447699,12.0,2.0,True,True,211134.0,2.98132900968516,1.69700989782815,50.0898181169985,1.08581018792137e-05,5.88858527168436e-05,True,True,Conserved Fetal-High Candidate
ENSG00000160360,GPSM1,ENSMUSG00000026930,Gpsm1,ortholog_one2one,1.0,GPSM1,5.92543193767302,2.27769136412011,209.801782539602,2.07492002946147e-14,3.76087830161931e-12,True,5.23139889132243,2.36742511794843,138.789406402059,3.4241367697255597e-12,2.9857096094612e-10,True,True,True,3.8723295017771338,27.361965371474454,20.288667122351335,0.0346203208556149,0.8726882845188284,12.0,2.0,True,True,67839.0,0.909086355590461,2.99382257731169,14.4926150348889,0.0024005550215746,0.0060322672554272,True,True,Conserved Fetal-High Candidate
ENSG00000105048,TNNT1,ENSMUSG00000064179,Tnnt1,ortholog_one2one,1.0,TNNT1,5.87697856303395,1.80900689834204,36.2120371457102,1.55918429297318e-06,1.05885170148091e-05,True,5.699425589613,1.91296549733659,21.4363303809448,8.76347195594461e-05,0.000440764537332,True,True,True,0.6310034362161492,13.027906326964208,2.748538711583924,0.3414010695187165,2.499665271966527,12.0,2.0,True,True,21955.0,1.01685399569606,1.42204302708739,7.01617781515071,0.0209272196445457,0.0392374316782821,True,True,Conserved Fetal-High Candidate
ENSG00000092621,PHGDH,ENSMUSG00000053398,Phgdh,ortholog_one2one,1.0,PHGDH,5.84747607423816,6.51345849841403,368.309550149853,2.62395075119104e-16,1.19618513860066e-13,True,5.2293042890379,6.57340954678339,147.341895090788,4.46748274607579e-12,3.726911567784e-10,True,True,True,4.1433598467452395,102.46434148834103,84.77972022658194,4.682181818181818,3.0260251046025104,12.0,2.0,True,True,236539.0,1.99156418321616,3.18286238898864,63.5258588365709,3.37247424985131e-06,2.21733936605039e-05,True,True,Conserved Fetal-High Candidate
ENSG00000165821,SALL2,ENSMUSG00000049532,Sall2,ortholog_one2one,1.0,SALL2,5.81766214680803,1.59045619664391,62.6790581936406,8.147737520134961e-09,1.4032991848981e-07,True,5.82064396638189,1.69235307102874,40.440623955051,1.03840520223894e-06,1.14840070549714e-05,True,True,True,2.912003508520804,10.045812684205233,9.25938494492044,0.5788770053475936,0.1472803347280334,12.0,2.0,True,True,50524.0,2.58611680110403,2.88714314604903,102.843095958498,2.55896284198615e-07,2.68691098408545e-06,True,True,Conserved Fetal-High Candidate
ENSG00000154277,UCHL1,ENSMUSG00000029223,Uchl1,ortholog_one2one,1.0,UCHL1,5.8153632790153,2.94001854921264,22.2844866315725,7.4570921439957e-05,0.0002799992422979,True,5.38589592917606,3.00021106264731,16.8044469249091,0.0003345237352766,0.0013557383093862,True,True,True,3.3163022910918527,75.24323375611017,43.3365168128655,4.980631016042781,1.921317991631799,12.0,2.0,True,True,22223.0,3.65295508297715,0.380368344465139,20.3218879861471,0.0003665386093623,0.0011839143728893,True,True,Conserved Fetal-High Candidate
ENSG00000120054,CPN1,ENSMUSG00000025196,Cpn1,ortholog_one2one,1.0,CPN1,5.81039467684192,1.43347595110402,44.7437349926357,1.95281142454829e-07,1.91164678687565e-06,True,5.2551486680415,1.5438641830849,22.9859046744174,5.68822514706101e-05,0.0003080589349307,True,True,True,0.5929239384668566,1.961434601515325,1.0016530926700418,0.4856791443850267,0.1685041841004184,12.0,2.0,True,True,93721.0,2.66168218100836,4.12213468362895,144.413835538808,3.74635484655096e-08,5.46918513453722e-07,True,True,Conserved Fetal-High Candidate
ENSG00000183098,GPC6,ENSMUSG00000058571,Gpc6,ortholog_one2one,1.0,GPC6,5.76889055512073,3.89451439274167,152.816110423184,4.47749371665841e-12,3.01260712054037e-10,True,5.76470609032981,3.95432344482248,197.567218585541,4.21300718097106e-14,8.70286911954879e-12,True,True,True,5.60896862142433,100.15204019666903,102.78103900255756,2.119807486631016,0.1330439330543933,12.0,2.0,True,True,23888.0,6.47480199072786,2.04974522942596,73.1286379418645,6.75917980576177e-07,5.91272798514535e-06,True,True,Conserved Fetal-High Candidate
ENSG00000116157,GPX7,ENSMUSG00000028597,Gpx7,ortholog_one2one,1.0,GPX7,5.75685982747061,4.31881992604595,141.865442943864,1.0582844581020198e-11,6.121548450196531e-10,True,5.15219228455517,4.38546136443865,142.971634937616,1.29598609684304e-12,1.37121650929393e-10,True,True,True,4.418659311951941,56.64270023007918,54.1095440636475,1.3928021390374332,1.76076359832636,12.0,2.0,True,True,67305.0,2.43380024507907,1.12734806039214,20.6139228919628,0.0006151064582474,0.0018566146871697,True,True,Conserved Fetal-High Candidate
ENSG00000196632,WNK3,ENSMUSG00000041245,Wnk3,ortholog_one2one,1.0,WNK3,5.68684684849972,2.04442835408805,59.0225840586116,2.46432961474519e-08,3.46898782427195e-07,True,6.37428021664625,2.12717140538528,60.9802099803681,3.08984988432366e-08,6.33185749527544e-07,True,True,True,1.8980883499056809,20.252244836481324,15.962842041679254,6.435593582887699,0.6666213389121338,12.0,2.0,True,True,279561.0,3.17037968154565,1.9759791857782,79.6531056154386,9.92002645366506e-07,8.14776262826012e-06,True,True,Conserved Fetal-High Candidate
ENSG00000146250,PRSS35,ENSMUSG00000033491,Prss35,ortholog_one2one,1.0,PRSS35,5.66388412650051,2.72371159833836,43.5535834890035,5.91183339081304e-07,4.78409129973896e-06,True,6.3031213647901,2.79362047888068,39.8365373735176,9.96896824649971e-07,1.11313730381765e-05,True,True,True,3.7840672381364793,15.126081800707814,13.70625,0.1350802139037433,0.0,12.0,2.0,True,True,244954.0,5.04154175801764,0.804264277563175,33.6637197565851,4.79086851551004e-05,0.000208313597046,True,True,Conserved Fetal-High Candidate
ENSG00000113361,CDH6,ENSMUSG00000039385,Cdh6,ortholog_one2one,1.0,CDH6,5.65687355738241,2.94237611988968,57.368744804098,5.85939895084888e-08,7.16466670888186e-07,True,5.11678761638293,3.01541494430975,40.70564982858,7.356166984946e-07,8.57823988728381e-06,True,True,True,0.7403209561735015,10.140957240898162,3.94077012383901,2.9892513368983957,0.925899581589958,12.0,2.0,True,True,12563.0,8.72626981795192,2.14814218862646,116.482186341916,6.19551754369128e-07,5.51016169517072e-06,True,True,Conserved Fetal-High Candidate
ENSG00000151617,EDNRA,ENSMUSG00000031616,Ednra,ortholog_one2one,1.0,EDNRA,5.62109582950185,2.2772584233958,57.1248326025243,4.32603280256574e-08,5.54524421029678e-07,True,5.06380287651463,2.37279480771708,46.7592201492672,2.28802518546064e-07,3.30023383359211e-06,True,True,True,4.149112482443455,36.32180837195891,27.72731964483907,1.102374331550802,0.1359309623430962,12.0,2.0,True,True,13617.0,6.82482165078811,0.497956159250583,39.271350988676,8.25732883344243e-05,0.0003316382385775,True,True,Conserved Fetal-High Candidate
ENSG00000196104,SPOCK3,ENSMUSG00000054162,Spock3,ortholog_one2one,1.0,SPOCK3,5.60579157649483,-1.60001268047202,36.2873044082714,2.40651898161631e-06,1.53483321739468e-05,True,5.49742012605762,-1.37296681463595,20.037273455729,0.0001673780839424,0.0007571283922233,True,True,True,1.5608671827945102,17.308620354918983,7.260302879841111,2.6334010695187167,0.9662133891213388,12.0,2.0,True,True,72902.0,4.56022039746099,1.1070769180527,39.5980750102359,1.12185497423274e-05,6.06184136645079e-05,True,True,Conserved Fetal-High Candidate
ENSG00000114115,RBP1,ENSMUSG00000046402,Rbp1,ortholog_one2one,1.0,RBP1,5.53695547214666,7.13760473123838,60.6092972527742,4.80126005785103e-08,6.03688844190477e-07,True,4.99934024511788,7.19912082082371,45.6617365609949,4.47585828676593e-07,5.6565981785843e-06,True,True,True,4.948515130757201,374.8205145784222,352.41224925521345,12.684342245989306,8.206412133891213,12.0,2.0,True,True,19659.0,2.88190523363686,2.37248957152337,79.8166440768707,1.04939957631298e-06,8.5089561260847e-06,True,True,Conserved Fetal-High Candidate
ENSG00000101746,NOL4,ENSMUSG00000041923,Nol4,ortholog_one2one,1.0,NOL4,5.45870421222624,2.71643154332217,157.396538135014,2.12778026003388e-12,1.62359679155117e-10,True,5.4761213657392,2.79679737094258,111.179444390411,4.0247097055296896e-11,2.4081642348397e-09,True,True,True,1.5080400525348732,8.780314420846814,6.837371162280702,1.2820534759358286,2.2290062761506273,12.0,2.0,True,True,319211.0,4.1630252034232,1.22760530591942,44.1218274961396,7.74076156569338e-06,4.44034896534432e-05,True,True,Conserved Fetal-High Candidate
ENSG00000140931,CMTM3,ENSMUSG00000031875,Cmtm3,ortholog_one2one,1.0,CMTM3,5.45068549267464,3.51782175331442,34.8966296483371,4.05190291589831e-06,2.39172582807955e-05,True,5.68955087316398,3.57909656117576,30.0261544006057,8.04715607601145e-06,6.11358372289626e-05,True,True,True,3.1353752602580354,42.7741724761637,34.12262330354187,2.784951871657755,3.2092468619246866,12.0,2.0,True,True,68119.0,2.32515129222396,1.49990863678375,29.4908878863157,0.0001418761792574,0.0005238323490386,True,True,Conserved Fetal-High Candidate
ENSG00000109072,VTN,ENSMUSG00000017344,Vtn,ortholog_one2one,1.0,VTN,5.44716616937456,6.19226961103469,19.6101839330716,0.0001749737744512,0.000581468922611,True,12.8081081721077,6.22735893484115,80.8512408656498,5.9898984297487e-09,1.60644076588871e-07,True,True,True,4.0113121863906365,34.033560458558604,15.125949301219151,0.0,0.0,12.0,2.0,True,True,22370.0,8.73258965125453,2.15436710960316,42.1141099180068,9.81083077170816e-05,0.0003815991846173,True,True,Conserved Fetal-High Candidate
ENSG00000138336,TET1,ENSMUSG00000047146,Tet1,ortholog_one2one,1.0,TET1,5.39214790899547,3.4829617310157,79.5215701730565,3.47284442253622e-09,7.07258888754542e-08,True,4.78918039232921,3.55182624468077,66.1460138017596,7.090966251785871e-09,1.86994599393599e-07,True,True,True,4.27520072389506,88.55966684138144,79.4862097103223,4.959411764705884,1.3541631799163178,12.0,2.0,True,True,52463.0,1.10495735928736,4.11791814343022,36.8192950715427,5.07516298658821e-05,0.0002191009079229,True,True,Conserved Fetal-High Candidate
ENSG00000165716,DIPK1B,ENSMUSG00000036186,Dipk1b,ortholog_one2one,1.0,FAM69B,5.32387392071317,2.26171477170941,73.0792896957655,4.9091395487034905e-09,9.31479103910345e-08,True,5.05823754516003,2.35080374766224,50.8646181277961,1.08436438895048e-07,1.76675031709565e-06,True,True,False,1.8477882980658349,17.857574906344002,14.822578060237635,5.382010695187166,1.409581589958159,12.0,2.0,True,True,56279.0,0.779175100757336,2.92249436397413,8.89205236269976,0.011190455552747,0.0227577401837043,True,True,Conserved Fetal-High Candidate
ENSG00000164294,GPX8,ENSMUSG00000021760,Gpx8,ortholog_one2one,1.0,GPX8,5.31383637731419,3.85196998992064,59.0129204838775,6.07948860825279e-08,7.39816755414964e-07,True,5.28428299616129,3.91198635739788,57.9334057090051,2.68080428241637e-08,5.60449589258902e-07,True,True,True,3.225229058799846,59.86350672287239,62.995909090909095,11.11130481283422,0.5751673640167364,12.0,2.0,True,True,69590.0,8.71710176776904,2.1400041256966,127.104887232598,4.08486527315926e-07,3.92269843549751e-06,True,True,Conserved Fetal-High Candidate
ENSG00000163017,ACTG2,ENSMUSG00000059430,Actg2,ortholog_one2one,1.0,ACTG2,5.30956728699203,4.10034455260473,44.5173843326043,6.4790788367474e-07,5.16715810778076e-06,True,5.48530421761217,4.16018776857864,48.1738278754096,1.47543789464097e-07,2.30613974378732e-06,True,True,True,7.395609545550588,1279.600090420984,433.32387896825384,1.0848877005347597,2.0738493723849376,12.0,2.0,True,True,11468.0,9.35403745443172,2.72404973455316,76.6299361747648,4.386741503337e-06,2.75235986689109e-05,True,True,Conserved Fetal-High Candidate
ENSG00000038427,VCAN,ENSMUSG00000021614,Vcan,ortholog_one2one,1.0,VCAN,5.25993539005409,4.69279679107095,42.9368250236062,8.65261545115095e-07,6.52672253313588e-06,True,5.21059913312183,4.73521594343002,46.1502518392,2.11460162241916e-07,3.08859994547284e-06,True,True,True,5.76712600807085,260.84638587093576,329.52819412662086,6.098930481283423,4.03944560669456,12.0,2.0,True,True,13003.0,2.03146794241156,3.74275573336737,78.4009936848499,1.10605609929481e-06,8.87645021459375e-06,True,True,Conserved Fetal-High Candidate
ENSG00000178531,CTXN1,ENSMUSG00000048644,Ctxn1,ortholog_one2one,1.0,CTXN1,5.25549160778326,2.44685310975157,19.4412645279716,0.000168758931623,0.0005636605382916,True,5.75903697575689,2.51103091179553,16.0428571249682,0.0004395982595785,0.0017041798481249,True,True,True,1.992639020864195,4.287186616654435,3.71782340116279,0.0511978609625668,0.3197803347280335,12.0,2.0,True,True,330695.0,1.06784633849292,1.12698896023449,6.66080578532862,0.0237787562858643,0.0439037020884195,True,True,Conserved Fetal-High Candidate
ENSG00000135333,EPHA7,ENSMUSG00000028289,Epha7,ortholog_one2one,1.0,EPHA7,5.20364780920472,1.6803554308042,21.4953245415516,8.04590007219268e-05,0.0002995143580056,True,5.10518056477434,1.77908612952952,13.9326980520258,0.0009044141218078,0.0031033011353787,True,True,True,1.2706996277278044,19.109190053349003,9.693619374523264,5.751251336898396,1.112876569037657,12.0,2.0,True,True,13841.0,3.58743237148849,4.17835642928409,280.68246706097,7.96543360891728e-10,2.56163727220108e-08,True,True,Conserved Fetal-High Candidate
ENSG00000177511,ST8SIA3,ENSMUSG00000056812,St8sia3,ortholog_one2one,1.0,ST8SIA3,5.12737505917167,-0.660501959044043,37.4761722744735,7.08091864516101e-07,5.53856808589167e-06,True,7.98973187843492,-0.493852308222448,35.3961109856604,7.844542642682e-06,5.99376943794884e-05,True,True,True,1.0796049221291697,2.3995151708243285,1.9935747809762203,0.8106524064171122,0.0222175732217573,12.0,2.0,True,True,20451.0,3.32067407296375,4.11817151050246,234.3089058561,2.29483955103976e-09,5.86864654986455e-08,True,True,Conserved Fetal-High Candidate
ENSG00000117643,MAN1C1,ENSMUSG00000037306,Man1c1,ortholog_one2one,1.0,MAN1C1,5.12055864262214,2.37361176594553,88.3842210494872,9.14562884005131e-10,2.40177452211628e-08,True,5.14890226338779,2.45670712184368,60.3680655361778,2.20861705802902e-08,4.79049039886494e-07,True,True,True,2.1573798689750916,15.351322810442833,9.486114688316537,1.6659679144385025,1.0352301255230123,12.0,2.0,True,True,230815.0,1.68476818467848,1.55839970809184,22.9607545356933,0.0004185608330919,0.0013306396685257,True,True,Conserved Fetal-High Candidate
ENSG00000172638,EFEMP2,ENSMUSG00000024909,Efemp2,ortholog_one2one,1.0,EFEMP2,5.11050313223626,3.25524167219014,51.5369963658165,1.79321857229505e-07,1.77712558510779e-06,True,5.17495365762751,3.31947909076959,43.1128472597195,4.4006812647189e-07,5.57783939411266e-06,True,True,True,4.034150919506534,77.18530523376232,76.99587044716915,3.3998074866310164,4.1216004184100425,12.0,2.0,True,True,58859.0,1.57389946128711,1.47593994838763,16.3131524850057,0.0015866435186937,0.0042257595134804,True,True,Conserved Fetal-High Candidate
ENSG00000126603,GLIS2,ENSMUSG00000014303,Glis2,ortholog_one2one,1.0,GLIS2,5.02024899113998,1.39773514895318,42.558106399194,4.78062067912134e-07,4.00540315994808e-06,True,4.55218039831729,1.50685974177,25.5116797248402,2.63618111903767e-05,0.0001636631846017,True,True,True,3.643809835036596,23.711410559546973,21.654973045822103,1.4140962566844917,0.2108158995815899,12.0,2.0,True,True,83396.0,4.19988068648171,3.79094504159929,233.591660906551,2.46953639484783e-09,6.21538895293082e-08,True,True,Conserved Fetal-High Candidate
ENSG00000167994,RAB3IL1,ENSMUSG00000024663,Rab3il1,ortholog_one2one,1.0,RAB3IL1,5.01261645523655,1.52064684220138,57.689384954863,3.5107616200339e-08,4.65457351547969e-07,True,4.42727478087568,1.66374048981125,31.2609527024152,6.07672526393306e-06,4.84225214943871e-05,True,True,True,2.4211210333840607,4.862709391895536,5.231696601271069,0.2972620320855615,0.0297907949790794,12.0,2.0,True,True,74760.0,5.35536647937366,2.62123487801673,144.951294785492,8.16871691219256e-09,1.60174222340106e-07,True,True,Conserved Fetal-High Candidate
ENSG00000138759,FRAS1,ENSMUSG00000034687,Fras1,ortholog_one2one,1.0,FRAS1,4.98454896161351,4.18675940835063,95.9376500531967,5.89641472047864e-10,1.67035308561219e-08,True,4.72859190488216,4.24516963082473,91.6144421903959,2.24694408731648e-10,1.02065376447947e-08,True,True,True,2.3193790608892817,39.68704085164955,34.09257726819541,8.373935828877006,3.6879184100418407,12.0,2.0,True,True,231470.0,3.05446214443389,7.14301327327973,516.530585052447,2.07849558442198e-11,1.7082154451231e-09,True,True,Conserved Fetal-High Candidate
ENSG00000197977,ELOVL2,ENSMUSG00000021364,Elovl2,ortholog_one2one,1.0,ELOVL2,4.97179429294143,0.128120111484234,34.4495889611385,1.59462699908627e-06,1.0796219884522e-05,True,6.68886959049011,0.266752693963689,37.7564657384028,2.83145536556259e-06,2.61755000017273e-05,True,True,True,1.906337216599865,3.0591580535440386,3.034565120428189,0.1075935828877005,0.045,12.0,2.0,True,True,54326.0,4.84949587593306,1.81854248873066,121.885682663213,1.30250014620036e-08,2.29993195577077e-07,True,True,Conserved Fetal-High Candidate
ENSG00000117114,ADGRL2,ENSMUSG00000028184,Adgrl2,ortholog_one2one,1.0,ADGRL2,4.90691472113011,3.78831550671047,74.1629734271112,7.23447440790247e-09,1.27600913192558e-07,True,4.33547997256426,3.85401382162166,91.7800419460773,2.2206593622858701e-10,1.0113617127135e-08,True,True,True,2.6478734225430105,61.697294490728126,44.82785672169811,10.202096256684491,2.422039748953975,12.0,2.0,True,True,99633.0,0.574330426588953,6.50950395219806,18.9139932666796,0.0008972220082759,0.0025783755273441,True,True,Conserved Fetal-High Candidate
ENSG00000136383,ALPK3,ENSMUSG00000038763,Alpk3,ortholog_one2one,1.0,ALPK3,4.86195496171072,3.05044422491644,95.1685023642832,6.01230469993909e-10,1.69412530861602e-08,True,4.9115367614379,3.12332908275071,68.0009801548857,6.3724595457045206e-09,1.69593432572185e-07,True,True,True,2.5291119633312293,13.322275480676668,13.017601425438595,0.9923957219251336,1.864571129707113,12.0,2.0,True,True,116904.0,5.81340234369256,3.75246860931564,322.021186403217,1.8897337254327201e-10,8.766520843348851e-09,True,True,Conserved Fetal-High Candidate
ENSG00000218336,TENM3,ENSMUSG00000031561,Tenm3,ortholog_one2one,1.0,TENM3,4.83056993507099,2.88301754769915,61.3254206725924,3.72132588394013e-08,4.90793691054684e-07,True,5.17300307279888,2.95880526653848,55.4990258450804,4.78752706199146e-08,8.99375427006483e-07,True,True,True,1.9260607974130497,23.919050625011774,12.113374710360809,1.9098716577540105,2.991610878661088,12.0,2.0,True,True,23965.0,6.00351141098784,5.02719219085307,663.960461907626,5.118768874949919e-12,5.978183228165201e-10,True,True,Conserved Fetal-High Candidate
ENSG00000128656,CHN1,ENSMUSG00000056486,Chn1,ortholog_one2one,1.0,CHN1,4.78656067438237,1.88361568697544,23.1868259882844,5.755550181917e-05,0.0002257428823443,True,4.31352239884554,1.97611167836674,15.2813119179665,0.0005547609632614,0.002074614705714,True,True,True,2.093045263073108,21.721305984876626,17.423866279069767,3.878673796791444,2.757897489539749,12.0,2.0,True,True,108699.0,4.36930867906873,1.4008563352399,52.0698848069076,2.94904853643052e-06,1.99105640030608e-05,True,True,Conserved Fetal-High Candidate
ENSG00000066629,EML1,ENSMUSG00000058070,Eml1,ortholog_one2one,1.0,EML1,4.76228464074616,2.04542947194869,97.9706147556921,3.28297992288553e-10,1.02533057646194e-08,True,4.46154359343405,2.13715962399727,75.7373342765437,2.34061004869696e-09,7.41136232937766e-08,True,True,True,3.7747082317891,17.89944719703303,16.894885620915034,0.3887700534759358,0.2261506276150627,12.0,2.0,True,True,68519.0,0.967205710643902,2.6826514447767,14.4212122847076,0.0024429212933986,0.0061263993408004,True,True,Conserved Fetal-High Candidate
ENSG00000166025,AMOTL1,ENSMUSG00000013076,Amotl1,ortholog_one2one,1.0,AMOTL1,4.7594590661923,2.76462707599671,80.9041739275897,2.83567810304375e-09,6.01881685746145e-08,True,4.19734719208065,2.84449164752885,68.482791673756,5.2235484850788704e-09,1.42514171875925e-07,True,True,True,2.790832174664566,46.98593193972527,43.899767287234056,10.425454545454546,0.5508158995815898,12.0,2.0,True,True,75723.0,2.88419611284373,5.15361407206326,378.872832971475,1.3302134318462002e-10,6.838016073976951e-09,True,True,Conserved Fetal-High Candidate
ENSG00000124194,GDAP1L1,ENSMUSG00000017943,Gdap1l1,ortholog_one2one,1.0,GDAP1L1,4.75387098074532,-1.15690875812293,45.5832530836979,1.05508668981805e-07,1.15507304546029e-06,True,5.37098332030121,-0.96701006589722,27.5033546588535,2.05910747904773e-05,0.0001337013547587,True,True,True,1.951325258200892,7.027684256032727,2.9276425438596494,0.0312085561497326,0.0,12.0,2.0,True,True,228858.0,3.08850649647554,1.78616207423157,45.3339081476384,1.78790325644649e-05,8.98269583257682e-05,True,True,Conserved Fetal-High Candidate
ENSG00000133026,MYH10,ENSMUSG00000020900,Myh10,ortholog_one2one,1.0,MYH10,4.75321077282328,4.80464496527898,165.99860545888,2.0097258403501996e-12,1.55941156211296e-10,True,4.39669475772485,4.86183532273196,160.482370798006,8.696065389559599e-13,1.01271225932643e-10,True,True,True,2.957831774721793,156.20253146161176,123.38296875,18.872962566844908,11.14508368200837,12.0,2.0,True,True,77579.0,4.47464731382104,4.74382094049672,379.308657256934,1.34643872176198e-10,6.8501746942536205e-09,True,True,Conserved Fetal-High Candidate
ENSG00000150893,FREM2,ENSMUSG00000037016,Frem2,ortholog_one2one,1.0,FREM2,4.74529136036873,3.01496803684286,66.2910056091791,1.89361370872024e-08,2.78927573548775e-07,True,4.15311237877221,3.1007041602407,50.2426506869326,9.70437309663579e-08,1.61293373537188e-06,True,True,True,3.097836244382229,20.66115095095529,17.23002258610954,1.2811122994652409,0.977573221757322,12.0,2.0,True,True,242022.0,5.44853920471304,5.95212913676949,689.948738190749,3.67966618436115e-12,4.717554321305511e-10,True,True,Conserved Fetal-High Candidate
ENSG00000167693,NXN,ENSMUSG00000020844,Nxn,ortholog_one2one,1.0,NXN,4.71784077662991,1.87161189598712,29.1169712014948,1.25679824503588e-05,6.24325677521458e-05,True,4.36311770031412,1.96483812395107,20.5835170537453,0.0001035357660703,0.0005066420228008,True,True,True,3.6406442839583617,63.34060625025904,53.56296889157355,4.994438502673797,1.7550941422594135,12.0,2.0,True,True,18230.0,3.65616146086887,3.30505762056827,174.237623363222,1.34686642224554e-08,2.36884802454124e-07,True,True,Conserved Fetal-High Candidate
ENSG00000116017,ARID3A,ENSMUSG00000019564,Arid3a,ortholog_one2one,1.0,ARID3A,4.71470509884386,6.62588377342435,170.463223972547,1.46688608587226e-12,1.1908569735489901e-10,True,4.72567634392998,6.67400530773204,161.567247656284,2.04537392917927e-12,1.97174046772881e-10,True,True,True,4.28092927145324,269.33545080891537,172.08642971064023,12.0436256684492,3.763953974895398,12.0,2.0,True,True,13496.0,5.05795681393512,7.23185113131155,1385.32432848395,5.28824466411967e-14,2.6354657321073698e-11,True,True,Conserved Fetal-High Candidate
ENSG00000113140,SPARC,ENSMUSG00000018593,Sparc,ortholog_one2one,1.0,SPARC,4.68613755593528,5.52661075173125,40.2852579368853,1.40805265509953e-06,9.69925151298509e-06,True,5.17757033433154,5.5644723343048,58.8817320139091,3.15500206707361e-08,6.41049131942169e-07,True,True,True,4.450193178555671,941.6471062525978,612.6799590626765,20.78690909090909,33.36057531380752,12.0,2.0,True,True,20692.0,10.3519730876357,3.65119011420385,377.217502491798,1.93440217272998e-09,5.14064481591355e-08,True,True,Conserved Fetal-High Candidate
ENSG00000105967,TFEC,ENSMUSG00000029553,Tfec,ortholog_one2one,1.0,TFEC,4.68472023184346,4.84038822959054,23.5138262487783,5.99201169379648e-05,0.0002333668694501,True,7.00262085209308,4.87832518910347,47.6364387693793,1.8850691694692e-07,2.80048974560184e-06,True,True,True,1.262069612620726,11.439595864052263,7.023204787234042,3.4397967914438508,1.2506799163179916,12.0,2.0,True,True,21426.0,12.3645820982559,5.55969023294627,945.031425569415,1.8568922578046e-11,1.6053677610656102e-09,True,True,Conserved Fetal-High Candidate
ENSG00000100321,SYNGR1,ENSMUSG00000022415,Syngr1,ortholog_one2one,1.0,SYNGR1,4.67087899240857,2.22396357097075,61.2823045280635,3.36884573260042e-08,4.5135424476189e-07,True,4.48282151566791,2.31310443474051,48.5937712328102,1.60640421921237e-07,2.45805344019163e-06,True,True,True,2.533235475623895,29.380083378226384,23.55903275475924,3.0661069518716584,3.419079497907949,12.0,2.0,True,True,20972.0,0.930167346492443,3.78308391428533,23.5570435577198,0.0003704319556465,0.0011944613847126,True,True,Conserved Fetal-High Candidate
ENSG00000182263,FIGN,ENSMUSG00000075324,Fign,ortholog_one2one,1.0,FIGN,4.64493964723134,1.76119578723373,22.4155057553477,7.06734667228568e-05,0.0002675119363137,True,4.02475481598178,1.85505842644796,15.7596384920238,0.0004718404853977,0.0018101649574664,True,True,True,3.4409323480299694,22.80954585760472,19.460058479532165,1.6312192513368984,0.1367991631799163,12.0,2.0,True,True,60344.0,8.16700056028958,1.64390449466344,98.6315032052137,1.36060252924947e-06,1.05442736172453e-05,True,True,Conserved Fetal-High Candidate
ENSG00000138829,FBN2,ENSMUSG00000024598,Fbn2,ortholog_one2one,1.0,FBN2,4.58099291136795,0.347791918466636,46.6953732046211,1.28247243050526e-07,1.35317966421086e-06,True,4.48601531015397,0.505445052720351,26.7497613490266,2.1318904785681e-05,0.0001376211442861,True,True,True,2.462833176866973,91.98519566017964,68.83561056998556,6.001636363636364,17.33332635983264,12.0,2.0,True,True,14119.0,6.45328796779489,2.02994988154798,85.7466849706961,2.61899992688548e-07,2.74130228196173e-06,True,True,Conserved Fetal-High Candidate
ENSG00000105278,ZFR2,ENSMUSG00000034949,Zfr2,ortholog_one2one,1.0,ZFR2,4.56753879688837,-0.232912022342831,17.3975136215268,0.0002092109272302,0.0006797443485428,True,4.36257951079221,-0.069812843359403,8.60122740362951,0.0068577426617138,0.0167646591527274,True,True,True,1.1156136230860367,3.5760198736326245,2.3018695258230144,0.1732085561497326,0.8743828451882845,12.0,2.0,True,True,103406.0,1.47280408968969,3.21318001107125,35.4113465550985,6.09698815397774e-05,0.0002558313907408,True,True,Conserved Fetal-High Candidate
ENSG00000119938,PPP1R3C,ENSMUSG00000067279,Ppp1r3c,ortholog_one2one,1.0,PPP1R3C,4.55846026660959,3.98141762032269,29.4276471394717,1.3984217647066e-05,6.85484989101702e-05,True,6.33643613066147,4.02288478612404,56.1210749230403,4.30303968147933e-08,8.2870526695926e-07,True,True,True,3.9674873323267543,19.56021017592302,18.85618443839684,0.2426203208556149,0.2959728033472803,12.0,2.0,True,True,53412.0,4.49123636114942,1.04951851330043,28.3096815084865,7.1298416371893e-05,0.0002928029350941,True,True,Conserved Fetal-High Candidate
ENSG00000157502,PWWP3B,ENSMUSG00000042515,Pwwp3b,ortholog_one2one,1.0,MUM1L1,4.55460397785613,2.43504972514491,44.1979849497057,6.06140936462733e-07,4.88733773667616e-06,True,4.02619288412124,2.52899895543996,34.7101258952712,2.49782769493225e-06,2.36326642107221e-05,True,True,False,3.3857685482394824,11.140576816393116,10.95450980392157,0.1196791443850267,0.1677301255230125,12.0,2.0,True,True,245631.0,3.14089748674448,2.66371021504575,53.8746325105449,8.12228358562824e-06,4.61545384801769e-05,True,True,Conserved Fetal-High Candidate
ENSG00000157570,TSPAN18,ENSMUSG00000027217,Tspan18,ortholog_one2one,1.0,TSPAN18,4.54825542809525,2.00511367824617,119.084966445074,4.8342813734660597e-11,2.10658550340326e-09,True,4.47627556813469,2.10707552901021,104.195788048955,8.133511330853369e-11,4.315984361252831e-09,True,True,True,3.3843353040421116,21.323347728171104,14.671929824561404,0.8641390374331551,0.1375523012552301,12.0,2.0,True,True,241556.0,4.20702174802253,1.87482248283051,49.4422823637352,7.29282212812245e-06,4.24403075898976e-05,True,True,Conserved Fetal-High Candidate
ENSG00000185008,ROBO2,ENSMUSG00000052516,Robo2,ortholog_one2one,1.0,ROBO2,4.53874670256409,2.88265403809976,45.5312253492212,5.05574685751117e-07,4.20618265698133e-06,True,5.37002841746329,2.93864348188247,56.9500476332271,3.79445575764566e-08,7.4626782219627e-07,True,True,True,3.403840246785459,28.373139936390302,31.42618055555555,2.8076363636363646,1.3196443514644352,12.0,2.0,True,True,268902.0,8.60081252856108,2.03415059536525,117.832694926452,5.86510658088462e-07,5.26513650875034e-06,True,True,Conserved Fetal-High Candidate
ENSG00000159409,CELF3,ENSMUSG00000028137,Celf3,ortholog_one2one,1.0,CELF3,4.53796894508226,2.4632519520918,53.7838965808405,1.16244596223239e-07,1.25027990093948e-06,True,5.98222312087063,2.52603279718298,79.001533947869,1.8268028339385402e-09,6.01545726477912e-08,True,True,True,1.3941337384962795,3.5853683831610508,1.8846713852376136,0.1793368983957219,0.0157426778242677,12.0,2.0,True,True,78784.0,1.83663266969435,4.09221457445525,128.531765899559,7.24184699223501e-08,9.38831069665209e-07,True,True,Conserved Fetal-High Candidate
ENSG00000103742,IGDCC4,ENSMUSG00000032816,Igdcc4,ortholog_one2one,1.0,IGDCC4,4.51620720406475,0.181032880175627,42.554326556332,2.88720704356581e-07,2.65279865775486e-06,True,4.35405671177581,0.330069925438882,27.1575768737596,1.90298205297297e-05,0.000125792550793,True,True,True,3.588783601570989,16.98834731901514,20.21719070403281,1.5268449197860965,0.0,12.0,2.0,True,True,56741.0,3.41531082941045,4.92745608365371,529.490125000992,1.7958624868980297e-11,1.58345120202386e-09,True,True,Conserved Fetal-High Candidate
ENSG00000077942,FBLN1,ENSMUSG00000006369,Fbln1,ortholog_one2one,1.0,FBLN1,4.50868621292691,5.75546154447627,32.5926445231595,6.78843425079632e-06,3.70674362852911e-05,True,4.65354520336748,5.80299187588563,38.8432775578903,1.44797560606856e-06,1.51357064557239e-05,True,True,True,4.5507092819652035,350.092760311137,238.13468663274745,13.594096256684498,4.812594142259414,12.0,2.0,True,True,14114.0,1.36229208871982,6.11560601494778,156.680595481041,2.34705217580735e-08,3.76943940515066e-07,True,True,Conserved Fetal-High Candidate
ENSG00000142156,COL6A1,ENSMUSG00000001119,Col6a1,ortholog_one2one,1.0,COL6A1,4.43013295381748,5.05757635751485,97.5572050669367,4.89041346418591e-10,1.42669849874064e-08,True,4.61236989484334,5.10243076655371,99.06599620185,1.8507320204205201e-10,8.679432977928891e-09,True,True,True,4.502960757100115,425.7879226363305,389.47843220338984,23.447818181818175,8.995167364016739,12.0,2.0,True,True,12833.0,9.10424914797125,2.49400546769683,134.734289696719,3.08797875018642e-07,3.14082116730191e-06,True,True,Conserved Fetal-High Candidate
ENSG00000086991,NOX4,ENSMUSG00000030562,Nox4,ortholog_one2one,1.0,NOX4,4.40534566927231,-0.134507925370085,30.5635563827757,4.40721573340939e-06,2.56988811165253e-05,True,3.71324723078094,0.0248339004821173,15.556177283806,0.000519435788118,0.0019632432575527,True,True,True,1.072233845023086,6.673858505541456,5.733720275344179,3.1523101604278088,1.2525627615062762,12.0,2.0,True,True,50490.0,8.08042984620398,1.5663538411931,84.2210905386518,2.84122931194067e-06,1.93099168244911e-05,True,True,Conserved Fetal-High Candidate
ENSG00000092096,SLC22A17,ENSMUSG00000022199,Slc22a17,ortholog_one2one,1.0,SLC22A17,4.38906080979994,2.7789099927921,118.584133893667,6.77052554508295e-11,2.77325580943433e-09,True,4.78233889564734,2.84111978032956,173.549036476171,2.18247059709328e-13,3.26467498282437e-11,True,True,True,2.7416087566421936,21.66133037572401,20.0263996948894,1.6183101604278074,2.669341004184101,12.0,2.0,True,True,59049.0,1.70370743963096,2.05370227506516,29.3393862223809,0.0001449634204797,0.0005337508241888,True,True,Conserved Fetal-High Candidate
ENSG00000235169,SMIM1,ENSMUSG00000078350,Smim1,ortholog_one2one,1.0,SMIM1,4.36468345601864,4.92329707091615,62.8573035379056,3.29856161456308e-08,4.44955439645805e-07,True,3.87423603380832,4.99447777081127,44.0914670154924,5.13491160660318e-07,6.34170720268885e-06,True,True,True,1.046427549291335,17.90627167157725,14.4585471301336,7.387497326203209,5.581495815899582,12.0,2.0,True,True,68859.0,1.57761799221039,5.59376473648811,157.900183762186,2.24520267873151e-08,3.61896228385368e-07,True,True,Conserved Fetal-High Candidate
ENSG00000130208,APOC1,ENSMUSG00000040564,Apoc1,ortholog_one2one,1.0,APOC1,4.3639059701499,5.15423960214148,51.0516575514464,2.09085019429622e-07,2.02028400023873e-06,True,3.93863489652756,5.20903803988492,45.9363046032306,3.7760611672773e-07,4.91908508818286e-06,True,True,True,1.8492155856584749,19.00307152727822,22.379278959810872,7.481443850267377,3.496077405857741,12.0,2.0,True,True,11812.0,8.86205688739677,2.2717686964965,148.417709020177,1.9373188009114e-07,2.13169111696978e-06,True,True,Conserved Fetal-High Candidate
ENSG00000167191,GPRC5B,ENSMUSG00000008734,Gprc5b,ortholog_one2one,1.0,GPRC5B,4.35870266132801,3.78717316688283,106.794020593344,2.02910672116946e-10,6.8715215991756e-09,True,4.18301076955571,3.85158365121493,130.858830292482,4.341567446828639e-12,3.69288619300836e-10,True,True,True,1.9985462481635792,5.93168675974997,5.070101425438596,0.8006524064171124,0.2374581589958159,12.0,2.0,True,True,64297.0,4.18564887590635,2.97365807191443,155.178036167286,2.49363919026631e-08,3.92903102712493e-07,True,True,Conserved Fetal-High Candidate
ENSG00000254726,MEX3A,ENSMUSG00000074480,Mex3a,ortholog_one2one,1.0,MEX3A,4.35738896893138,4.2688009863646,42.9504484849831,8.60807703297849e-07,6.49588291890172e-06,True,3.57499279625261,4.34856167586069,29.0689009703727,1.17070342768625e-05,8.34595146968436e-05,True,True,True,3.697116143019796,52.81875860233038,46.27994798041616,1.7441604278074871,3.546453974895397,12.0,2.0,True,True,72640.0,0.896431588186482,4.91842369014547,35.5222971413292,6.0038659867975e-05,0.0002528003534099,True,True,Conserved Fetal-High Candidate
ENSG00000100285,NEFH,ENSMUSG00000020396,Nefh,ortholog_one2one,1.0,NEFH,4.35092057780991,2.18563005883761,94.1461978012158,6.22337236262912e-10,1.73697546680036e-08,True,4.28893919629551,2.28685176416434,64.6684213457442,1.09645530450104e-08,2.69094698420556e-07,True,True,True,1.6096206505417328,8.694841358522666,6.504044117647059,0.5309304812834225,2.3869874476987447,12.0,2.0,True,True,380684.0,3.08944479654726,1.34266877468322,44.4940590060625,1.66657468193381e-05,8.47546803486123e-05,True,True,Conserved Fetal-High Candidate
ENSG00000114923,SLC4A3,ENSMUSG00000006576,Slc4a3,ortholog_one2one,1.0,SLC4A3,4.33661417430726,-1.5031875602522,97.9458306576813,1.6984696680047198e-11,8.88149771395761e-10,True,4.44823894014821,-1.28817051618299,59.6369668392272,2.75515005461326e-08,5.73917932144649e-07,True,True,True,2.045322103837542,4.260168967940099,3.4677541371158394,0.0295294117647058,0.1352615062761506,12.0,2.0,True,True,20536.0,4.79776264083024,2.11958893748584,78.0532140580019,3.97134593080185e-07,3.83704642399825e-06,True,True,Conserved Fetal-High Candidate
ENSG00000198046,ZNF667,ENSMUSG00000054893,Zfp667,ortholog_one2one,1.0,ZNF667,4.33616184632282,2.1053170179548,72.5445088116666,7.56587644407326e-09,1.32525829851407e-07,True,3.58147167116188,2.2164774410428,61.0527465193525,1.65696450175166e-08,3.76823696387875e-07,True,True,True,3.54828924679223,14.958905062122136,16.364625917560698,0.5702994652406416,0.3983158995815899,12.0,2.0,True,True,384763.0,2.87130240449571,3.24754543179852,112.551500307834,1.54521419004217e-07,1.77325406533899e-06,True,True,Conserved Fetal-High Candidate
ENSG00000155970,MICU3,ENSMUSG00000039478,Micu3,ortholog_one2one,1.0,MICU3,4.32993488121715,0.464030645708987,29.4351648383582,7.76165854525865e-06,4.14817814879011e-05,True,3.90465960726803,0.603250084648138,18.347759553832,0.0002090570903176,0.0009146643043851,True,True,True,2.829998706419341,12.465534626046642,12.596300533943554,0.6718395721925133,1.1523221757322175,12.0,2.0,True,True,78506.0,2.50124858719874,1.98282479008126,29.9883903810217,0.0001331369484552,0.0004963834589003,True,True,Conserved Fetal-High Candidate
ENSG00000182963,GJC1,ENSMUSG00000034520,Gjc1,ortholog_one2one,1.0,GJC1,4.32621455387711,1.81571671112915,19.5714949719239,0.0001677154627205,0.0005608074500109,True,3.70738251222844,1.93451799104847,10.8903450463842,0.0026811649628871,0.0076456161768311,True,True,True,2.544321769753475,31.37013236186377,26.757426502852137,5.5044491978609615,2.0123744769874476,12.0,2.0,True,True,14615.0,5.08398002192051,0.839104247243059,32.9594612905756,5.32622743956745e-05,0.0002284580932036,True,True,Conserved Fetal-High Candidate
ENSG00000176171,BNIP3,ENSMUSG00000078566,Bnip3,ortholog_one2one,1.0,BNIP3,4.31347272453333,6.94176491220466,186.909204795873,5.37601715889546e-13,5.493115463678289e-11,True,4.89689399753068,6.98126722363748,196.965592348322,2.38910388528827e-13,3.5432248391044496e-11,True,True,True,3.231381268574261,108.98561380360486,94.4598968008256,7.865582887700534,10.463054393305438,12.0,2.0,True,True,12176.0,5.12879994625003,3.12414905439854,224.669402096648,1.7148690336950902e-09,4.6804008078586e-08,True,True,Conserved Fetal-High Candidate
ENSG00000154358,OBSCN,ENSMUSG00000061462,Obscn,ortholog_one2one,1.0,OBSCN,4.30234468007641,3.93935855877,132.358329275046,2.2427661239521098e-11,1.12532104245633e-09,True,4.15582654620025,4.00195226135228,109.583647608474,3.7268408827453695e-11,2.2532454006061902e-09,True,True,True,2.496858621675735,22.455137241666467,23.05142971064024,4.232973262032085,2.28902719665272,12.0,2.0,True,True,380698.0,3.5274427335759,2.68595326212405,93.9294810758324,4.33238685297632e-07,4.12304492927281e-06,True,True,Conserved Fetal-High Candidate
ENSG00000136378,ADAMTS7,ENSMUSG00000032363,Adamts7,ortholog_one2one,1.0,ADAMTS7,4.28678227968578,-0.346600155664417,24.9625467181517,1.91474839732114e-05,8.91860407544472e-05,True,4.43875168464382,-0.185935222902203,12.7309274014787,0.0013925594981027,0.004423154386066,True,True,True,3.930163181644685,22.52123062596286,19.694216207759705,0.5834545454545454,0.1316213389121339,12.0,2.0,True,True,108153.0,1.84680651908983,1.31495863525302,18.5906862941648,0.0009711602918111,0.0027622363010412,True,True,Conserved Fetal-High Candidate
ENSG00000169902,TPST1,ENSMUSG00000034118,Tpst1,ortholog_one2one,1.0,TPST1,4.25248480256824,3.21892622041186,63.8217425305625,2.76870454413657e-08,3.81292006895462e-07,True,4.17142203501935,3.30287873195162,43.6250156662708,3.39432030688764e-07,4.50636923987102e-06,True,True,True,2.683400330743369,28.89902881014122,27.92671160130719,4.871251336898395,2.135020920502092,12.0,2.0,True,True,22021.0,1.53754715490911,2.68339397055479,32.4433407221002,9.14543400752663e-05,0.0003601369665075,True,True,Conserved Fetal-High Candidate
ENSG00000104723,TUSC3,ENSMUSG00000118664,Tusc3,ortholog_one2one,1.0,TUSC3,4.24691535396325,5.73128612912641,102.12183718142,3.07580871683804e-10,9.69588708806092e-09,True,4.27903648218477,5.78482630250927,115.09730084526,6.64926312986012e-11,3.6512029692826803e-09,True,True,True,2.125991321557658,90.90161490084417,82.03611746758199,22.173272727272725,13.87280334728034,12.0,2.0,True,True,80286.0,0.941676639897411,4.17223548982179,40.4768100255522,3.23365879708829e-05,0.0001494374634655,True,True,Conserved Fetal-High Candidate
ENSG00000167992,VWCE,ENSMUSG00000043789,Vwce,ortholog_one2one,1.0,VWCE,4.22862878264717,2.41683092110052,49.4815665809414,2.43432563599763e-07,2.30334622045779e-06,True,4.70894335891045,2.49601963109834,40.0245269609267,8.53280955460824e-07,9.73447149188443e-06,True,True,True,0.7371364570206169,3.5326732359796043,1.339342105263158,0.4654973262032085,0.3413807531380752,12.0,2.0,True,True,71768.0,0.563768160695238,3.56064289187552,8.02521448489962,0.0147987766130064,0.0291940897652345,True,True,Conserved Fetal-High Candidate
ENSG00000126733,DACH2,ENSMUSG00000025592,Dach2,ortholog_one2one,1.0,DACH2,4.22397837116044,-1.83826594641125,18.3411950272137,0.0001509815844563,0.000512271295811,True,3.90983670567324,-1.60833348935507,8.72507409530031,0.0063516841500259,0.0157090113128921,True,True,True,2.113461524856591,4.408741740736309,3.3272831505483547,0.0,0.0,12.0,2.0,True,True,93837.0,2.4491645083914,2.01532908106819,49.8817205337719,1.19715651882731e-05,6.41406112340717e-05,True,True,Conserved Fetal-High Candidate
ENSG00000188153,COL4A5,ENSMUSG00000031274,Col4a5,ortholog_one2one,1.0,COL4A5,4.21793578713803,2.41171961693565,54.2759926213161,1.10880848165863e-07,1.20354923161437e-06,True,3.87297942981341,2.50827068288282,44.1897661886441,3.27974186495734e-07,4.41163417370076e-06,True,True,True,2.3485916589310203,41.209812999474885,35.458315746753236,9.818085561497329,2.4981903765690374,12.0,2.0,True,True,12830.0,6.08656893062409,2.45203334636616,124.732431517591,6.4253053936018905e-09,1.32836204985117e-07,True,True,Conserved Fetal-High Candidate
ENSG00000060656,PTPRU,ENSMUSG00000028909,Ptpru,ortholog_one2one,1.0,PTPRU,4.21756887988138,1.73507992636308,94.3058128517615,5.35321270470745e-10,1.5400448005986e-08,True,3.72834403727755,1.84969041580936,69.2221839548648,5.535621303363831e-09,1.49384293710683e-07,True,True,True,2.1824909261135734,9.271906030541402,6.907701873385012,0.8922352941176472,0.5918200836820082,12.0,2.0,True,True,19273.0,3.41207535103628,2.05870930761939,76.6378553535308,1.17578296539767e-06,9.32362978040773e-06,True,True,Conserved Fetal-High Candidate
ENSG00000106633,GCK,ENSMUSG00000041798,Gck,ortholog_one2one,1.0,GCK,4.2173638239197,-0.881424064615905,74.7897134951257,4.84410540701318e-10,1.41650246761986e-08,True,4.58856550699201,-0.705636201808846,44.5407868317368,3.72121042064013e-07,4.87146028095766e-06,True,True,True,1.3588012564164245,2.6387857868706837,2.016443228454172,0.0,0.3522594142259414,12.0,2.0,True,True,103988.0,3.34921657443022,2.97392061596716,63.523356108852,3.47837097343737e-06,2.27349195583432e-05,True,True,Conserved Fetal-High Candidate
ENSG00000126878,AIF1L,ENSMUSG00000001864,Aif1l,ortholog_one2one,1.0,AIF1L,4.19684735759953,2.93811420494263,22.8446588833844,7.17135426362962e-05,0.0002711025036212,True,3.58937043516217,3.01706836267818,18.073970012773,0.000208625860948,0.000913238127944,True,True,True,2.714480391587488,12.108158596286676,11.936750730994152,0.9799786096256684,0.9620083682008368,12.0,2.0,True,True,108897.0,2.52104789321223,2.14383202793233,56.2207273521426,6.54381874268362e-06,3.88428010432856e-05,True,True,Conserved Fetal-High Candidate
ENSG00000110195,FOLR1,ENSMUSG00000001827,Folr1,ortholog_one2one,1.0,FOLR1,4.19629777017251,2.89644289621399,71.7126456570238,9.5111148865864e-09,1.58479954609765e-07,True,5.13016995349208,2.9561593714984,112.623063344927,3.36513425327742e-11,2.09289640010286e-09,True,True,True,2.5077102392937505,13.952334076492567,8.25201754385965,1.2536470588235291,0.0,12.0,2.0,True,True,14275.0,12.3300568835545,5.52605018658471,943.085659995881,1.87647762864015e-11,1.61108820026091e-09,True,True,Conserved Fetal-High Candidate
ENSG00000134323,MYCN,ENSMUSG00000037169,Mycn,ortholog_one2one,1.0,MYCN,4.1809896010599,2.77931473749749,51.7691785969532,1.70434566299251e-07,1.7109859707704e-06,True,4.46573964137165,2.83808735257089,57.7645189387409,3.03143799370615e-08,6.23979977067487e-07,True,True,True,3.1278876138506093,9.66259316699039,8.089266304347827,0.0622139037433155,0.0173430962343096,12.0,2.0,True,True,18109.0,3.94552600807901,5.98581339768372,576.948433930546,1.06969132108516e-11,1.07081731194946e-09,True,True,Conserved Fetal-High Candidate
ENSG00000146555,SDK1,ENSMUSG00000039683,Sdk1,ortholog_one2one,1.0,SDK1,4.17906065652478,1.70059487333439,55.8413366380048,7.55453360345834e-08,8.77856555136508e-07,True,4.55858560359164,1.79442450800881,40.0415376115286,8.64455530703886e-07,9.83608679919596e-06,True,True,True,1.286903650293396,10.396890453574423,8.751613123718387,4.64660962566845,1.3463912133891214,12.0,2.0,True,True,330222.0,4.76257378010967,2.08926400908826,75.6869602315376,4.78113867435907e-07,4.48598169911323e-06,True,True,Conserved Fetal-High Candidate
ENSG00000175287,PHYHD1,ENSMUSG00000079484,Phyhd1,ortholog_one2one,1.0,PHYHD1,4.1616844315491,3.16977587491278,107.977392165718,1.82249214243278e-10,6.353350549080871e-09,True,4.30261113517168,3.2421504422217,93.2288831717503,1.83870713485061e-10,8.64640818534628e-09,True,True,True,1.5957609774861756,24.190176958613545,25.594522432932468,11.131561497326205,4.465910041841004,12.0,2.0,True,True,227696.0,1.30867227498838,2.15552143981086,16.3273668287624,0.0015676614904774,0.0041844116046945,True,True,Conserved Fetal-High Candidate
ENSG00000152284,TCF7L1,ENSMUSG00000055799,Tcf7l1,ortholog_one2one,1.0,TCF7L1,4.14514368659818,4.19870694509309,121.22134522217,5.5194445047781797e-11,2.34200963843559e-09,True,4.11437464760819,4.25324651613358,97.9158567021013,1.58144251906926e-10,7.6651370365614e-09,True,True,True,4.085984963451673,56.561164552386295,50.609730297157626,2.0245668449197862,2.053389121338912,12.0,2.0,True,True,21415.0,3.97213784104361,2.08939794864634,68.6435246979118,1.69579541985032e-06,1.26092428485733e-05,True,True,Conserved Fetal-High Candidate
ENSG00000151892,GFRA1,ENSMUSG00000025089,Gfra1,ortholog_one2one,1.0,GFRA1,4.12768987623449,1.35802070700031,26.7554743048638,2.21739973510977e-05,0.0001003899920817,True,4.11336098756314,1.46222362353594,20.0532011139644,0.00012136646064,0.0005763412219557,True,True,True,3.748145177858756,63.4450861606897,49.904619331347234,4.306417112299465,1.2703347280334727,12.0,2.0,True,True,14585.0,6.22922878020342,2.58235553369544,154.754946038746,1.37321421506832e-09,3.92338499129177e-08,True,True,Conserved Fetal-High Candidate
ENSG00000164114,MAP9,ENSMUSG00000033900,Map9,ortholog_one2one,1.0,MAP9,4.11942890643193,3.2466940292673,60.579810002179,4.41529773827565e-08,5.64745168984192e-07,True,3.65848420003187,3.32470379503376,55.4188572685922,4.02512385733147e-08,7.8125222787937e-07,True,True,True,2.0514296231092444,33.06978089168968,30.61095726970034,9.001347593582883,4.2506171548117155,12.0,2.0,True,True,213582.0,2.67185508567852,3.00023550121545,96.1575282705062,3.69911589555807e-07,3.61895997158129e-06,True,True,Conserved Fetal-High Candidate
ENSG00000146197,SCUBE3,ENSMUSG00000038677,Scube3,ortholog_one2one,1.0,SCUBE3,4.11703090229524,-0.0951527497765363,14.0514097784426,0.0007156706353518,0.001969035627657,True,3.71074685723497,0.0697961194576596,6.70094085539555,0.015403862211372,0.0330188779606828,True,True,True,1.1307300515317134,22.18474206511505,21.48915313549832,16.608994652406416,1.9319037656903768,12.0,2.0,True,True,268935.0,3.77631703643726,0.907626538571667,39.0496676445501,1.54069011600199e-05,7.93837004816195e-05,True,True,Conserved Fetal-High Candidate
ENSG00000013619,MAMLD1,ENSMUSG00000059401,Mamld1,ortholog_one2one,1.0,MAMLD1,4.0633926046695,-0.123940840899488,56.5656215435529,2.03039451467525e-08,2.95404125011549e-07,True,4.55953366986731,0.0304031799409125,33.4953595731277,4.24660834501725e-06,3.60328352091635e-05,True,True,True,0.6887877381860535,4.336965520845111,4.139895510835913,3.7220106951871657,0.6553138075313808,12.0,2.0,True,True,333639.0,1.61008114779037,2.11496765447772,31.079110480203,0.0001117552749983,0.0004270693832745,True,True,Conserved Fetal-High Candidate
ENSG00000107186,MPDZ,ENSMUSG00000028402,Mpdz,ortholog_one2one,1.0,MPDZ,4.05949964522719,2.46917907386858,81.4142374382399,2.83319551076575e-09,6.01881685746145e-08,True,3.97452317002218,2.54355097657354,70.0115024935124,4.290223635347141e-09,1.20459483042951e-07,True,True,True,3.284890059478889,55.75104644884608,45.393319951826584,3.699967914438502,3.8199895397489536,12.0,2.0,True,True,17475.0,5.04257884912533,1.98922947976263,99.6132920471675,5.0007490611184e-08,6.93541385413858e-07,True,True,Conserved Fetal-High Candidate
ENSG00000102038,SMARCA1,ENSMUSG00000031099,Smarca1,ortholog_one2one,1.0,SMARCA1,4.04664908776407,4.65450835341256,73.3531471113848,7.61009411389699e-09,1.33038213619444e-07,True,3.43452796180675,4.73028517731225,92.9322811844726,5.49329952183587e-10,2.19125823684818e-08,True,True,True,4.022927680151884,89.93570294937807,85.00945547831843,5.667540106951872,2.914131799163179,12.0,2.0,True,True,93761.0,6.04291371920223,3.9652881745096,370.350800453026,7.959214630286689e-11,4.68889307909898e-09,True,True,Conserved Fetal-High Candidate
ENSG00000145362,ANK2,ENSMUSG00000032826,Ank2,ortholog_one2one,1.0,ANK2,4.04598765264609,3.08145921571304,84.2211573740471,2.10501288679914e-09,4.73135576667533e-08,True,4.60504955077836,3.14763597393921,86.4828326443281,4.76093642488102e-10,1.93018151505924e-08,True,True,True,2.027251471297963,32.945989133803145,29.312338267543858,9.893048128342247,2.979518828451883,12.0,2.0,True,True,109676.0,6.87769282696006,2.41491987676139,140.662819356657,1.22098506757467e-08,2.18791321530136e-07,True,True,Conserved Fetal-High Candidate
ENSG00000181104,F2R,ENSMUSG00000048376,F2r,ortholog_one2one,1.0,F2R,4.03721016954322,3.95981735709823,84.94693973686,1.91699533658648e-09,4.35834527994515e-08,True,3.87367734473792,4.01969658820385,67.8015890836771,7.08454953324717e-09,1.86994599393599e-07,True,True,True,1.913822490501924,55.96344997809195,47.5762072554267,15.567208556149742,8.215920502092057,12.0,2.0,True,True,14062.0,5.85830347299286,1.50010655662155,77.1414171094265,4.9304942243803e-07,4.57772664598322e-06,True,True,Conserved Fetal-High Candidate
ENSG00000126218,F10,ENSMUSG00000031444,F10,ortholog_one2one,1.0,F10,4.01698945085553,5.2769385918465,41.4091471565249,1.13553633272809e-06,8.1496561569146e-06,True,5.79687709809842,5.30008539066711,162.702421528981,2.98646184684264e-13,4.24859519762566e-11,True,True,True,2.244062956466432,23.868571597765648,13.175633194755356,0.8814652406417111,3.1032322175732214,12.0,2.0,True,True,14058.0,7.20006080484303,3.96645707094105,239.491364424863,1.20020698943481e-10,6.39182234293403e-09,True,True,Conserved Fetal-High Candidate
ENSG00000074181,NOTCH3,ENSMUSG00000038146,Notch3,ortholog_one2one,1.0,NOTCH3,3.99969171833996,2.57786686167905,35.500855529612,3.51517022141188e-06,2.11851563954176e-05,True,3.58252378032987,2.65413618430662,28.6382277966102,1.0210709446379e-05,7.4551585487887e-05,True,True,True,3.033307922368909,46.55251787326824,36.27942478970807,2.871721925133689,4.235428870292887,12.0,2.0,True,True,18131.0,3.44443631700319,2.5221546886957,95.5865487619176,3.90771275592793e-07,3.79001121413657e-06,True,True,Conserved Fetal-High Candidate
ENSG00000134986,NREP,ENSMUSG00000042834,Nrep,ortholog_one2one,1.0,NREP,3.98938946517911,6.00474889135382,66.5335685585848,1.8530883408863e-08,2.73411266494751e-07,True,3.36886881540618,6.07332651158185,53.82319482462,1.14269266715241e-07,1.8530844075167e-06,True,True,True,3.597036171689979,142.84446057152658,113.6957456140351,7.782117647058826,9.17452928870293,12.0,2.0,True,True,27528.0,5.78164305775439,3.72345800374237,386.95293283345,6.064243223321139e-11,3.95781050369106e-09,True,True,Conserved Fetal-High Candidate
ENSG00000185909,KLHDC8B,ENSMUSG00000032609,Klhdc8b,ortholog_one2one,1.0,KLHDC8B,3.97375373725732,4.32993996085605,143.689075313547,9.31053255048061e-12,5.51773194049983e-10,True,3.64523450428293,4.40506400181563,123.24715428267,2.11751320791002e-11,1.4077811947760401e-09,True,True,True,3.0334699081352374,20.594559195999096,22.030163853028796,2.9497005347593577,0.6758054393305442,12.0,2.0,True,True,78267.0,1.65606383409375,3.03665746905258,56.8301899160906,5.99472319451544e-06,3.6180301274605e-05,True,True,Conserved Fetal-High Candidate
ENSG00000179431,FJX1,ENSMUSG00000075012,Fjx1,ortholog_one2one,1.0,FJX1,3.96918516422221,-0.496353224190884,36.6338574822795,9.31154659286192e-07,6.93839006179766e-06,True,3.76066461614128,-0.321152574509444,20.2903691984337,0.0001180499584013,0.0005636771816678,True,True,True,1.6807741901136857,3.5398536009311186,2.232984734563682,0.0168342245989304,0.0,12.0,2.0,True,True,14221.0,5.7103555625495,2.11254363385811,96.620284084205,3.81655703908423e-08,5.55947925802708e-07,True,True,Conserved Fetal-High Candidate
ENSG00000162687,KCNT2,ENSMUSG00000052726,Kcnt2,ortholog_one2one,1.0,KCNT2,3.95816637339861,-1.12274003134087,17.5595368696256,0.0001855558593111,0.0006122861215093,True,3.53506444160213,-0.918542650344541,8.54404312153297,0.0068238445355563,0.0166982584093884,True,True,True,3.1410269399669213,9.60325465552698,10.105215428276573,0.3197540106951872,0.1980020920502092,12.0,2.0,True,True,240776.0,7.76734633077986,1.2916022818205,51.3506767357285,2.6300688812178e-05,0.0001247837895538,True,True,Conserved Fetal-High Candidate
ENSG00000164694,FNDC1,ENSMUSG00000071984,Fndc1,ortholog_one2one,1.0,FNDC1,3.95720834005806,-0.294548781826435,21.5649566749351,5.98997028025606e-05,0.0002333384785553,True,4.57613627988309,-0.135035809865536,15.173981371951,0.0006060234994927,0.002228851157948,True,True,True,5.853866911936296,101.90250223406336,83.71452640910789,0.1387272727272727,0.7908054393305439,12.0,2.0,True,True,68655.0,3.99310160291152,1.0829438007359,23.5502355089999,0.0002093759288576,0.0007293644994272,True,True,Conserved Fetal-High Candidate
ENSG00000158163,DZIP1L,ENSMUSG00000037784,Dzip1l,ortholog_one2one,1.0,DZIP1L,3.95041921760758,-0.343872337522043,23.7138382906265,3.03723819180127e-05,0.0001312887376903,True,4.21248589641266,-0.180946981906809,12.2567081703726,0.0016680640903552,0.0051455514272108,True,True,True,2.587971588336947,7.35675456876135,6.410395047169812,0.2064598930481283,0.2585251046025105,12.0,2.0,True,True,72507.0,8.01184956818899,1.50575058591996,90.0363904923701,2.08423700148533e-06,1.495620424617e-05,True,True,Conserved Fetal-High Candidate
ENSG00000187601,MAGEH1,ENSMUSG00000047238,Mageh1,ortholog_one2one,1.0,MAGEH1,3.94893265817723,4.81596948652584,131.449985620777,2.3453966184080698e-11,1.16068775010228e-09,True,3.63467694328391,4.88188529493556,137.171443988353,9.10060292446263e-12,6.77741038391741e-10,True,True,True,2.7604640418987527,64.63331860947194,65.07380765199161,8.59063101604278,8.91126569037657,12.0,2.0,True,True,75625.0,2.17555387176395,3.00972717716316,77.8168716986008,1.15608710405464e-06,9.20582757379397e-06,True,True,Conserved Fetal-High Candidate
ENSG00000090932,DLL3,ENSMUSG00000003436,Dll3,ortholog_one2one,1.0,DLL3,3.94757579945765,-0.148795900474734,45.0152109043648,1.9190945096267e-07,1.88206442087212e-06,True,3.90195706804942,0.0290410606183625,29.1749317764198,1.09874715908106e-05,7.91097954538364e-05,True,True,True,3.2424071152088634,18.772067330919963,9.617852386237514,0.2354866310160427,0.0084205020920502,12.0,2.0,True,True,13389.0,6.28026507023248,3.11245794747721,251.907165245239,8.376470014666309e-11,4.91296571697213e-09,True,True,Conserved Fetal-High Candidate
ENSG00000072832,CRMP1,ENSMUSG00000029121,Crmp1,ortholog_one2one,1.0,CRMP1,3.91839868773665,-0.644963877704648,54.0651650574461,2.1989767888466e-08,3.15659690782088e-07,True,4.17125634408641,-0.473347434399231,39.0390904298346,1.16504864618908e-06,1.25877485110043e-05,True,True,True,3.87069106572283,33.06290498394987,20.08377635960045,0.7883315508021391,0.0942677824267782,12.0,2.0,True,True,12933.0,2.97828584168725,1.8146392855175,29.0818087624103,0.000147834154736,0.0005428196183553,True,True,Conserved Fetal-High Candidate
ENSG00000130224,LRCH2,ENSMUSG00000031290,Lrch2,ortholog_one2one,1.0,LRCH2,3.91810735775512,-0.083496059761918,24.3976975631937,2.76376948506932e-05,0.0001210868843643,True,3.24413138710831,0.0840451936351806,13.4635856558457,0.0010353266963409,0.0034641320545521,True,True,True,4.127735269235251,16.574796297555835,21.85539909341742,0.366951871657754,0.2478974895397489,12.0,2.0,True,True,210297.0,7.0834115252946,0.709068173270318,42.4463215638478,5.95654808357046e-05,0.0002512402726257,True,True,Conserved Fetal-High Candidate
ENSG00000049192,ADAMTS6,ENSMUSG00000046169,Adamts6,ortholog_one2one,1.0,ADAMTS6,3.90848843349669,2.61899659373126,34.4104435382634,4.4375920478909e-06,2.58505730732151e-05,True,3.5598928630453,2.69812313651104,28.840872282651,9.67356642752909e-06,7.11253070552901e-05,True,True,True,2.6144186815487105,28.35912139594065,14.920954422935557,2.748106951871658,0.4516213389121339,12.0,2.0,True,True,108154.0,7.11976333682938,0.73769695869469,44.0979680275667,5.06757883823056e-05,0.0002188444523263,True,True,Conserved Fetal-High Candidate
ENSG00000157110,RBPMS,ENSMUSG00000031586,Rbpms,ortholog_one2one,1.0,RBPMS,3.89773929593227,3.91910830355656,42.7997481686744,8.47978649320095e-07,6.42440275949134e-06,True,4.13971831163597,3.96464816121863,40.3796256994459,7.22092927312009e-07,8.47177584497497e-06,True,True,True,3.277925844013169,98.55469195884336,63.99156599214737,6.915796791443852,4.485073221757322,12.0,2.0,True,True,19663.0,5.10271382632539,4.18777465501606,344.10407665338,2.57639113379412e-10,1.12835761695181e-08,True,True,Conserved Fetal-High Candidate
ENSG00000055732,MCOLN3,ENSMUSG00000036853,Mcoln3,ortholog_one2one,1.0,MCOLN3,3.89281361554389,4.72073622601564,70.6489256587473,1.07573217781037e-08,1.74502211581118e-07,True,4.19797235443807,4.76915467142292,82.6792590104484,1.26013671706755e-09,4.41426918037453e-08,True,True,True,0.8355316196793864,6.316040457084669,4.471898084815322,1.45427807486631,2.6783682008368204,12.0,2.0,True,True,171166.0,7.7672432470242,5.149893143757,1202.53319140443,1.40155568126543e-14,1.1662695212730001e-11,True,True,Conserved Fetal-High Candidate
ENSG00000101489,CELF4,ENSMUSG00000024268,Celf4,ortholog_one2one,1.0,CELF4,3.89157562277721,3.53012052028353,79.3022632576991,3.7191483284356903e-09,7.42952113834361e-08,True,3.44444874445236,3.60244658138583,81.7819767562034,1.06712943854612e-09,3.83371221897563e-08,True,True,True,1.644989835156353,6.683146547724388,5.483997183979975,0.8372727272727273,1.3092259414225935,12.0,2.0,True,True,108013.0,3.64753953760743,0.804013881431889,20.6487609246116,0.0003854108721822,0.0012379638967996,True,True,Conserved Fetal-High Candidate
ENSG00000126947,ARMCX1,ENSMUSG00000033460,Armcx1,ortholog_one2one,1.0,ARMCX1,3.88861310932877,4.11655773081774,126.23715998633,3.61975546372179e-11,1.6847024185735502e-09,True,3.53559470264024,4.1840869570283,153.225990769445,1.72263489148495e-12,1.7792357522051701e-10,True,True,True,3.3382647267938377,45.057392742280854,45.2441382868937,3.0557754010695195,4.088912133891214,12.0,2.0,True,True,78248.0,1.9359267043454,3.71601820452694,121.357774964145,1.00132546537428e-07,1.22421003177164e-06,True,True,Conserved Fetal-High Candidate
ENSG00000075461,CACNG4,ENSMUSG00000020723,Cacng4,ortholog_one2one,1.0,CACNG4,3.88626748711303,-1.51046204539444,18.7294341432075,0.0001229284561513,0.0004290429960569,True,5.43166179554853,-1.33320457717452,12.6998910047015,0.0016200975263855,0.0050190916403932,True,True,True,1.0967979669362118,2.7580707173353605,1.5601074191765685,0.0022566844919786,0.3917154811715481,12.0,2.0,True,True,54377.0,2.44835155372822,0.837894224119159,23.5175051832765,0.000332318579841,0.001089775756651,True,True,Conserved Fetal-High Candidate
ENSG00000100979,PLTP,ENSMUSG00000017754,Pltp,ortholog_one2one,1.0,PLTP,3.85091613085591,4.0991917235442,88.2410950779848,1.31938945293202e-09,3.18715014723891e-08,True,3.18477271487539,4.19994399820011,47.935474970827,2.45051147511672e-07,3.48820960756566e-06,True,True,True,1.253467207203205,16.538869374241113,11.818220424671386,3.808267379679144,4.944654811715482,12.0,2.0,True,True,18830.0,2.02073445960828,3.38340527120575,40.9491497278346,3.06171195299998e-05,0.0001424803668026,True,True,Conserved Fetal-High Candidate
ENSG00000171703,TCEA2,ENSMUSG00000059540,Tcea2,ortholog_one2one,1.0,TCEA2,3.8403945307069,4.30442543893385,70.4130381898406,1.11476800674515e-08,1.79686857587688e-07,True,3.50980082246532,4.36576940521311,56.329607081224,5.66212526005586e-08,1.03202938563539e-06,True,True,True,2.9655975391999085,31.229590387760325,22.72509658454648,2.8779465240641704,1.1964644351464435,12.0,2.0,True,True,21400.0,1.32770174556251,0.77324990752125,9.92957683019434,0.0081754681124952,0.0173740115642077,True,True,Conserved Fetal-High Candidate
ENSG00000205795,CYS1,ENSMUSG00000062563,Cys1,ortholog_one2one,1.0,CYS1,3.83881744400166,0.378919408584967,31.6592534149309,5.45474018928078e-06,3.07677112389667e-05,True,3.41281188524243,0.528298275266086,19.2617004196533,0.0001527611142733,0.0007027335246214,True,True,True,1.3153889980603704,3.7991957711639537,3.622754093732355,0.1006417112299465,1.6143619246861924,12.0,2.0,True,True,12879.0,3.25336771245145,1.79083797467419,57.108063287086,5.3183114399424e-06,3.26906733662941e-05,True,True,Conserved Fetal-High Candidate
ENSG00000171649,ZIK1,ENSMUSG00000030393,Zik1,ortholog_one2one,1.0,ZIK1,3.82003059597637,1.57933695026382,59.266271346517,4.74047717520053e-08,5.98586247854334e-07,True,3.26496569306769,1.68900432649382,39.4040032818812,9.11863342713668e-07,1.02753208752266e-05,True,True,True,2.2631807426548094,8.3178145459673,8.577576574369028,1.776716577540107,0.2135355648535564,12.0,2.0,True,True,22775.0,3.44234725254806,1.63555113285867,53.122359913759,6.68552633760859e-06,3.94377924939835e-05,True,True,Conserved Fetal-High Candidate
ENSG00000187672,ERC2,ENSMUSG00000040640,Erc2,ortholog_one2one,1.0,ERC2,3.80313113927969,-1.49205573632621,13.3821195828552,0.0008388532722712,0.0022603777398773,True,3.58955809127049,-1.27515026426109,6.67802112245953,0.0152002616860447,0.0326546690340226,True,True,True,1.771074316693156,6.685944871834355,5.60386002886003,0.2541818181818182,1.615554393305439,12.0,2.0,True,True,238988.0,7.60608985218512,1.15091411993409,70.0447322555831,6.61519987752017e-06,3.9179168669619e-05,True,True,Conserved Fetal-High Candidate
ENSG00000186310,NAP1L3,ENSMUSG00000055733,Nap1l3,ortholog_one2one,1.0,NAP1L3,3.79428471421761,-1.12260985474754,28.8853022687099,5.57703217836288e-06,3.13679389747275e-05,True,3.59389960492033,-0.922523257672116,14.0388857110933,0.0008364784302723,0.0029046575389406,True,True,True,2.189854391289382,17.033882513306114,14.96142362505018,4.842449197860963,0.154194560669456,12.0,2.0,True,True,54561.0,1.57455363186789,1.47671080462601,12.1975301142608,0.0043330635342421,0.0100174349530996,True,True,Conserved Fetal-High Candidate
ENSG00000100767,PAPLN,ENSMUSG00000021223,Papln,ortholog_one2one,1.0,PAPLN,3.7900215346586,2.19085271371526,58.1219652508378,6.23582793684277e-08,7.54195815572297e-07,True,3.57550252505117,2.28427882007947,45.5317737793863,2.47034669226241e-07,3.50207972256024e-06,True,True,True,1.370900896676797,17.033168047456602,18.826631920710863,5.895668449197862,7.436255230125521,12.0,2.0,True,True,170721.0,2.0928702061726,4.90651189732265,171.971835740997,1.37530039583222e-08,2.40930914080397e-07,True,True,Conserved Fetal-High Candidate
ENSG00000183386,FHL3,ENSMUSG00000032643,Fhl3,ortholog_one2one,1.0,FHL3,3.77934706231093,1.92568140690436,68.6796441628699,1.35149608076606e-08,2.11144541475745e-07,True,3.10902944207658,2.03538158366948,44.3677738411163,3.00374751243282e-07,4.10401786108144e-06,True,True,True,4.716106876786588,34.36587198958222,32.801515469824295,0.4149304812834224,0.157102510460251,12.0,2.0,True,True,14201.0,2.23627704795198,1.61001512378178,36.9575821113647,5.10328244602901e-05,0.0002198870630628,True,True,Conserved Fetal-High Candidate
ENSG00000172889,EGFL7,ENSMUSG00000026921,Egfl7,ortholog_one2one,1.0,EGFL7,3.74170440045675,4.31685062831319,77.6110608831286,4.488052716328671e-09,8.65434807414397e-08,True,3.76526381290324,4.36512884997059,52.2123662584598,1.02760844190827e-07,1.69218648096594e-06,True,True,True,2.3386231156147197,38.626622731248254,34.529433811802235,7.987037433155081,4.061223849372385,12.0,2.0,True,True,353156.0,0.648151390921723,2.56976630657415,7.91693070856743,0.0153425241003138,0.0301017338449127,True,True,Conserved Fetal-High Candidate
ENSG00000181195,PENK,ENSMUSG00000045573,Penk,ortholog_one2one,1.0,PENK,3.73943014239483,-1.35958299883787,31.2755350694727,2.84388894891543e-06,1.76603219080571e-05,True,3.21207933450897,-1.14944547413247,15.1101527824332,0.000573647644982,0.002130095000156,True,True,True,2.2127284734711994,15.793265212772846,3.635511285909713,0.0,0.0,12.0,2.0,True,True,18619.0,5.57854242875842,1.99342654114338,75.9313365838256,1.94182606497358e-07,2.13488622865881e-06,True,True,Conserved Fetal-High Candidate
ENSG00000105894,PTN,ENSMUSG00000029838,Ptn,ortholog_one2one,1.0,PTN,3.7370662556785,2.36384866332317,22.1079413803379,8.7258423659413e-05,0.0003207292772877,True,3.34563544799224,2.44793011883663,20.8149652639764,8.91588580660155e-05,0.0004473928586354,True,True,True,5.4018458672124146,199.80316971680065,186.92942048853445,1.1250053475935828,5.765104602510461,12.0,2.0,True,True,19242.0,6.503212723185,2.83307456730916,152.266853349221,1.54364562641162e-09,4.28168705625924e-08,True,True,Conserved Fetal-High Candidate
ENSG00000101335,MYL9,ENSMUSG00000067818,Myl9,ortholog_one2one,1.0,MYL9,3.72181467994719,5.79420930287293,16.3664555155608,0.0004632611806072,0.0013513241230544,True,3.9424579057271,5.82559881747116,17.428644248343,0.0003147712126582,0.0012884902293102,True,True,True,3.097168263677528,360.05341504466986,133.52254300776917,16.826994652406412,12.613148535564848,12.0,2.0,True,True,98932.0,4.11578495508679,1.18818585163799,34.8496235789024,2.86807883519309e-05,0.000134693480112,True,True,Conserved Fetal-High Candidate
ENSG00000175084,DES,ENSMUSG00000026208,Des,ortholog_one2one,1.0,DES,3.71165569666594,2.03298933802271,34.9470271443419,3.83126317059194e-06,2.27889019437785e-05,True,4.02173277383067,2.10852868315079,33.0786924577341,3.84496468900753e-06,3.31764432042062e-05,True,True,True,4.047020420006724,284.20938208001246,46.68318101415095,1.0637967914438504,2.705470711297071,12.0,2.0,True,True,13346.0,7.95209615116963,1.45417173018891,40.6230646816174,7.15247956979994e-05,0.0002935420438865,True,True,Conserved Fetal-High Candidate
ENSG00000178498,DTX3,ENSMUSG00000040415,Dtx3,ortholog_one2one,1.0,DTX3,3.70804187355018,2.14865473169728,73.7510098558649,7.197041251170061e-09,1.2741341147838e-07,True,3.40320984513634,2.23770297288598,48.7800736305971,1.31655294294092e-07,2.10163998766429e-06,True,True,True,1.9842285051737505,11.48473634933044,9.898905460060668,3.0876791443850267,0.421673640167364,12.0,2.0,True,True,80904.0,2.56387615376793,2.9097369649984,84.0797231366327,7.68284664864603e-07,6.58506711673634e-06,True,True,Conserved Fetal-High Candidate
ENSG00000158186,MRAS,ENSMUSG00000032470,Mras,ortholog_one2one,1.0,MRAS,3.6829489378003,0.665824867912384,12.0114014197506,0.0018334861780446,0.0044152174941697,True,3.07717357572083,0.794917738175863,7.01212030815789,0.0132488671096393,0.0291189793649728,True,True,True,2.433813961591194,11.841756034178404,6.6688596491228065,0.7741176470588235,0.0645188284518828,12.0,2.0,True,True,17532.0,1.15941013980443,1.74999404070097,8.29398077088832,0.013575885472912,0.0270259179405429,True,True,Conserved Fetal-High Candidate
ENSG00000182871,COL18A1,ENSMUSG00000001435,Col18a1,ortholog_one2one,1.0,COL18A1,3.63508820787706,2.62779996492678,47.0394681407736,3.83436335026924e-07,3.31894576457823e-06,True,3.41125054373281,2.69672215303061,42.477745004038,4.28196016299731e-07,5.43928058186891e-06,True,True,True,2.636746476215728,46.61673273321323,42.024172732362814,6.684673796791442,5.15107740585774,12.0,2.0,True,True,12822.0,4.31689546855898,4.17177283739549,363.756416259297,1.77729502950344e-10,8.420962997440871e-09,True,True,Conserved Fetal-High Candidate
ENSG00000129474,AJUBA,ENSMUSG00000022178,Ajuba,ortholog_one2one,1.0,AJUBA,3.6302052576305,2.7791441088845,59.1513286478753,5.46582301807428e-08,6.73903380293638e-07,True,3.60737423120726,2.84523275957285,54.3979587539025,4.51016702129313e-08,8.60004595093169e-07,True,True,True,3.142787916984764,19.48835487335515,15.302122425629287,0.9660213903743314,0.7254602510460251,12.0,2.0,True,True,16475.0,1.93347329368715,3.06389576690012,73.6674291358743,1.54607167995962e-06,1.17290019071125e-05,True,True,Conserved Fetal-High Candidate
ENSG00000101144,BMP7,ENSMUSG00000008999,Bmp7,ortholog_one2one,1.0,BMP7,3.62000914607142,2.2219340722378,27.5468750398126,2.09132637166948e-05,9.55140595579564e-05,True,3.41845335698291,2.29115488268421,25.0206666188506,2.71414939168551e-05,0.0001675105065219,True,True,True,2.336354416367451,17.399443170534422,11.563393962848297,1.0281390374331552,1.9472175732217576,12.0,2.0,True,True,12162.0,1.36842429739654,4.93607248277887,97.2486924454408,3.42557328393275e-07,3.4086758372407e-06,True,True,Conserved Fetal-High Candidate
ENSG00000124440,HIF3A,ENSMUSG00000004328,Hif3a,ortholog_one2one,1.0,HIF3A,3.58980026250991,5.06544483055779,53.9491114516207,1.21682026390971e-07,1.29621614571903e-06,True,3.31207359777979,5.12837232302557,45.1830602933635,4.70635530915161e-07,5.88786426275406e-06,True,True,True,3.7748829181280272,116.96356295159872,102.0404385964912,4.071465240641712,8.983671548117158,12.0,2.0,True,True,53417.0,9.68440953693161,8.0830759283135,3318.56592487804,2.32967024102399e-16,1.5508614794496698e-12,True,True,Conserved Fetal-High Candidate
ENSG00000134802,SLC43A3,ENSMUSG00000027074,Slc43a3,ortholog_one2one,1.0,SLC43A3,3.58261627456346,2.57976502090505,42.3497407110254,8.95254298525757e-07,6.7046024319669e-06,True,3.17365360527854,2.67206873192783,31.9238687563828,4.52405836620947e-06,3.79784522353492e-05,True,True,True,1.7329547307096065,11.22035232827962,11.163801524562396,3.5028983957219273,1.8157008368200835,12.0,2.0,True,True,58207.0,7.26461054512146,2.76957021274513,167.575013525765,3.9902933309197306e-09,8.95898236220326e-08,True,True,Conserved Fetal-High Candidate
ENSG00000204262,COL5A2,ENSMUSG00000026042,Col5a2,ortholog_one2one,1.0,COL5A2,3.57938074766033,2.74781710454308,61.3135964655336,3.98036043003288e-08,5.17679795797765e-07,True,3.43781968954426,2.82986837888893,50.4773261139877,9.16309046623641e-08,1.53769773472083e-06,True,True,True,5.139171717480706,220.4212084376556,220.25088084795317,6.168438502673799,4.388106694560669,12.0,2.0,True,True,12832.0,7.39361864903623,0.968532095829118,63.271139838992,1.04672686453737e-05,5.72325317225894e-05,True,True,Conserved Fetal-High Candidate
ENSG00000074657,ZNF532,ENSMUSG00000042439,Zfp532,ortholog_one2one,1.0,ZNF532,3.54766569987094,2.38648798461112,45.1552219542157,5.34168966564778e-07,4.39268735270823e-06,True,3.05594821500202,2.48868366630297,39.1617427550586,8.62974387267959e-07,9.82567688180684e-06,True,True,True,2.481166828986674,51.894696098116434,36.73565770348837,8.854855614973259,2.662018828451883,12.0,2.0,True,True,328977.0,2.56313833515818,4.50986630021395,242.652378356276,1.85854669335446e-09,4.97881100107068e-08,True,True,Conserved Fetal-High Candidate
ENSG00000166482,MFAP4,ENSMUSG00000042436,Mfap4,ortholog_one2one,1.0,MFAP4,3.54708621686889,3.51110342256097,24.1634601808449,5.06980161878625e-05,0.0002033754579882,True,3.75735438219823,3.56484432154344,26.6011057281333,1.81950242467658e-05,0.0001210583054945,True,True,True,5.137915657608497,214.45754509652105,210.822463474026,2.32212834224599,7.709801255230128,12.0,2.0,True,True,76293.0,2.73900821066224,0.880361901974369,17.3959714289886,0.0010855197411918,0.0030420142778843,True,True,Conserved Fetal-High Candidate
ENSG00000168077,SCARA3,ENSMUSG00000034463,Scara3,ortholog_one2one,1.0,SCARA3,3.52458323811499,0.893828475620258,68.7615433232649,1.01766621409347e-08,1.66877301939487e-07,True,3.06973751757761,1.02712068174178,49.5959414213094,1.30464754666527e-07,2.08839891418227e-06,True,True,True,3.4938699943230627,15.029213441361517,15.47719298245614,0.3751550802139037,0.5500313807531381,12.0,2.0,True,True,219151.0,6.23828592459667,1.83605361913592,89.8388452654514,1.97627022859363e-07,2.16738565267674e-06,True,True,Conserved Fetal-High Candidate
ENSG00000152932,RAB3C,ENSMUSG00000021700,Rab3c,ortholog_one2one,1.0,RAB3C,3.50590008320462,1.54474521486609,38.6812750232387,1.73187193901556e-06,1.15973450861611e-05,True,3.70368604008947,1.62792742016782,41.4252235718496,6.34723445519848e-07,7.59043502871151e-06,True,True,True,1.5936443001644287,10.069061905839826,7.458543419099456,2.8513262032085565,0.7538702928870292,12.0,2.0,True,True,67295.0,0.504264549181684,3.95581633933001,7.8838010458587,0.0155098722731811,0.0303763517865744,True,True,Conserved Fetal-High Candidate
ENSG00000153250,RBMS1,ENSMUSG00000026970,Rbms1,ortholog_one2one,1.0,RBMS1,3.50529941659492,4.28232179426168,60.0258350229988,4.70522412301623e-08,5.96252171654352e-07,True,3.68732960036165,4.32178938410119,55.2594833979192,6.20637450567338e-08,1.11598974531031e-06,True,True,True,3.856217412688991,119.5265067613977,113.52098544232922,6.2631016042780745,7.552217573221756,12.0,2.0,True,True,56878.0,2.08470176595103,4.16894271000999,168.156890956012,1.56599853366861e-08,2.70424182584486e-07,True,True,Conserved Fetal-High Candidate
ENSG00000153822,KCNJ16,ENSMUSG00000051497,Kcnj16,ortholog_one2one,1.0,KCNJ16,3.49089037315843,0.337643356958396,36.6674708776757,1.89410144436638e-06,1.25233282184418e-05,True,4.71887721436416,0.443182951980938,39.4784104253798,1.22332951616809e-06,1.31437856127236e-05,True,True,True,1.6270430357464636,17.07828169789686,7.315442876965773,2.130459893048128,1.2538075313807533,12.0,2.0,True,True,16517.0,8.09665910434748,1.58110020000789,67.2895845155376,7.92734528593644e-06,4.53175934465254e-05,True,True,Conserved Fetal-High Candidate
ENSG00000169184,MN1,ENSMUSG00000070576,Mn1,ortholog_one2one,1.0,MN1,3.48876194897666,-1.0019307510882,28.6870351109011,6.57994736189141e-06,3.60953051981078e-05,True,3.23476716625789,-0.817120576634915,14.4638071326488,0.0007292265638276,0.002601560362111,True,True,True,3.4843185327069968,17.82457459632422,19.250600970511385,1.0944598930481282,0.5244979079497908,12.0,2.0,True,True,433938.0,4.54247647940573,0.404266720941444,30.4874997604493,7.84427796976313e-05,0.0003173464505907,True,True,Conserved Fetal-High Candidate
ENSG00000157657,ZNF618,ENSMUSG00000028358,Zfp618,ortholog_one2one,1.0,ZNF618,3.47871377987726,3.52854554285794,53.0430748890368,1.39194058769561e-07,1.45060443778665e-06,True,2.93922505094372,3.62755605141339,30.1135988412335,8.84374364451847e-06,6.62840541620328e-05,True,True,True,2.657361091197027,43.69230172820332,37.63795853269537,7.868748663101605,2.3801987447698743,12.0,2.0,True,True,72701.0,2.46149402515618,5.45025441776422,330.390719650909,3.00244051641482e-10,1.27714035257339e-08,True,True,Conserved Fetal-High Candidate
ENSG00000134198,TSPAN2,ENSMUSG00000027858,Tspan2,ortholog_one2one,1.0,TSPAN2,3.44734884414733,3.04394430872599,38.3930164166622,1.91949732343972e-06,1.26676848231012e-05,True,2.84188911771714,3.14352184617019,24.1696791766345,3.76957824364223e-05,0.0002176992750001,True,True,True,1.6956702876275322,14.83097344837669,5.899486924859319,0.6920106951871658,1.567887029288703,12.0,2.0,True,True,70747.0,3.33446138844349,1.13609379825914,32.4215883443088,6.39962448258659e-05,0.0002662643761286,True,True,Conserved Fetal-High Candidate
ENSG00000110237,ARHGEF17,ENSMUSG00000032875,Arhgef17,ortholog_one2one,1.0,ARHGEF17,3.4425499936306,2.33255899778492,159.097187667385,3.25546075820561e-12,2.34327274575456e-10,True,3.02457821114659,2.43041955616406,95.7972896163504,1.33591289588859e-10,6.6042052904441e-09,True,True,True,2.3746552254847235,33.70398912674343,23.980387288977163,3.531967914438502,4.101589958158995,12.0,2.0,True,True,207212.0,3.24793093946742,4.4730259135097,242.793167857282,1.85618376440957e-09,4.97881100107068e-08,True,True,Conserved Fetal-High Candidate
ENSG00000185070,FLRT2,ENSMUSG00000047414,Flrt2,ortholog_one2one,1.0,FLRT2,3.42884457987048,0.577329580566273,26.9823890998467,2.00271193828737e-05,9.22440817378528e-05,True,3.35963574264818,0.702395676296952,20.3442071391296,0.0001098806545475,0.0005319891511465,True,True,True,4.767461105678671,53.52235085530189,49.51763157894736,1.3325668449197858,0.3770083682008368,12.0,2.0,True,True,399558.0,6.92824845331787,3.7122039904214,280.181700488093,3.9175460917749e-11,2.80722901989896e-09,True,True,Conserved Fetal-High Candidate
ENSG00000100311,PDGFB,ENSMUSG00000000489,Pdgfb,ortholog_one2one,1.0,PDGFB,3.37489137094322,0.513393328786757,35.7826563571193,2.54474695244311e-06,1.60892802515953e-05,True,3.94128146804229,0.620938011532048,40.8141978543909,7.68163183964992e-07,8.8866082292088e-06,True,True,True,1.508450794395813,14.128336922393297,10.52197197539303,2.976395721925134,3.123284518828452,12.0,2.0,True,True,18591.0,2.76020895684365,3.07457301009648,134.70975034319,5.64959259937009e-08,7.6715521614452e-07,True,True,Conserved Fetal-High Candidate
ENSG00000196739,COL27A1,ENSMUSG00000045672,Col27a1,ortholog_one2one,1.0,COL27A1,3.34748101417143,4.77435073409694,145.853189213072,7.8211186996962e-12,4.745790763204741e-10,True,3.87313489301745,4.80715945604762,273.666978291298,2.73651831181874e-15,8.04814673672522e-13,True,True,True,4.210349313782098,88.94491649278552,87.76154750082755,6.685743315508021,0.904142259414226,12.0,2.0,True,True,373864.0,4.51843546595145,4.54260331975897,323.569987042205,3.50590229605739e-10,1.43623332829871e-08,True,True,Conserved Fetal-High Candidate
ENSG00000125848,FLRT3,ENSMUSG00000051379,Flrt3,ortholog_one2one,1.0,FLRT3,3.34237485953662,5.35436829893697,49.136072081682,2.66334725727814e-07,2.4713805264691e-06,True,4.82156195997859,5.37314400202868,207.684306008727,4.7591121395119604e-14,9.57839152293334e-12,True,True,True,2.8127949048095724,35.52170615214304,23.972964228753703,4.067358288770054,1.0409205020920502,12.0,2.0,True,True,71436.0,1.21584746966342,6.3836050115145,110.299874048903,1.70597307091537e-07,1.91673632625883e-06,True,True,Conserved Fetal-High Candidate
ENSG00000134901,POGLUT2,ENSMUSG00000026047,Poglut2,ortholog_one2one,1.0,KDELC1,3.28481531629428,1.83006056411773,235.746650802843,4.23193703369262e-14,6.8399644110928196e-12,True,3.19448641750051,1.91915694033703,129.893659964557,4.86141377512028e-12,3.97902131254184e-10,True,True,False,3.844749973314799,18.15409760045457,19.103513844645924,0.4268663101604277,0.3715794979079497,12.0,2.0,True,True,72050.0,0.639493304928869,4.35745287623974,15.4550302271143,0.0019099766415068,0.0049570037046827,True,True,Conserved Fetal-High Candidate
ENSG00000118257,NRP2,ENSMUSG00000025969,Nrp2,ortholog_one2one,1.0,NRP2,3.28173836504286,2.38223665830338,17.0050284041657,0.0003824864048265,0.0011432793865856,True,2.98669365528361,2.46322315058684,13.1624103652025,0.0011124262150838,0.0036684814628744,True,True,True,3.9878647334275703,37.52262391631041,36.5227685421995,1.7812834224598928,0.948682008368201,12.0,2.0,True,True,18187.0,6.78578109820057,5.37913360796864,631.52103288039,6.25400415134262e-12,7.011699508882131e-10,True,True,Conserved Fetal-High Candidate
ENSG00000149256,TENM4,ENSMUSG00000048078,Tenm4,ortholog_one2one,1.0,TENM4,3.27109684806062,-1.01486969955109,23.4878316056142,2.94650211556326e-05,0.0001278327503967,True,3.28493817193211,-0.831626119173591,14.3752784236375,0.0007490286366547,0.0026595344594297,True,True,True,1.049648903977474,20.54375519929372,7.913924967090829,4.002139037433156,2.6102405857740583,12.0,2.0,True,True,23966.0,3.79788340750136,3.97597678310293,165.663494316267,1.7386658786331e-08,2.96017870947841e-07,True,True,Conserved Fetal-High Candidate
ENSG00000130635,COL5A1,ENSMUSG00000026837,Col5a1,ortholog_one2one,1.0,COL5A1,3.27025426353093,1.12164765363723,29.1506063358133,1.33419107172824e-05,6.58173780917215e-05,True,3.32952766289085,1.21962278669238,25.3082441936189,2.7011610455955e-05,0.0001669179005098,True,True,True,5.124127491353199,319.42316420143067,310.3147684923772,11.521133689839573,4.331966527196653,12.0,2.0,True,True,12831.0,9.22475858727738,2.60491014664046,95.452083234006,1.58568463388215e-06,1.19681435462057e-05,True,True,Conserved Fetal-High Candidate
ENSG00000169604,ANTXR1,ENSMUSG00000033420,Antxr1,ortholog_one2one,1.0,ANTXR1,3.26672898230999,0.968803223645606,13.9688023901146,0.000960518195723,0.0025453946939572,True,3.21141871205401,1.06364265674383,11.3677018039751,0.0022375883814156,0.0065731560722797,True,True,True,2.7773540093109492,45.07916422858063,39.84451388888888,5.858278074866312,4.056799163179916,12.0,2.0,True,True,69538.0,7.14505928041177,0.759118326087264,48.7330259859834,3.30348669174567e-05,0.0001517230488132,True,True,Conserved Fetal-High Candidate
ENSG00000113758,DBN1,ENSMUSG00000034675,Dbn1,ortholog_one2one,1.0,DBN1,3.24570978222343,4.05487028348342,25.8216783449039,3.31145352186368e-05,0.0001412193143804,True,2.47675912547864,4.16689588102188,14.3536191210867,0.0008410112145507,0.0029180085173732,True,True,True,2.699923706211216,66.84327719095525,47.31686830713147,10.53652406417112,2.3355230125523017,12.0,2.0,True,True,56320.0,3.78575560004465,3.41995204132334,198.755344035132,6.308155858410031e-09,1.31229354841986e-07,True,True,Conserved Fetal-High Candidate
ENSG00000135414,GDF11,ENSMUSG00000025352,Gdf11,ortholog_one2one,1.0,GDF11,3.24030020391059,3.12597365559163,23.4033060229446,6.18294745725965e-05,0.0002393964733313,True,2.88915854844886,3.19508453462074,18.6486266036287,0.0001885349411205,0.0008360486323343,True,True,True,2.936971673217017,10.38656823450094,10.966487090367426,0.073187165775401,1.0520292887029288,12.0,2.0,True,True,14561.0,2.75934322052834,2.34141537471709,48.0071006476393,1.44651235154826e-05,7.50540352631081e-05,True,True,Conserved Fetal-High Candidate
ENSG00000151746,BICD1,ENSMUSG00000003452,Bicd1,ortholog_one2one,1.0,BICD1,3.23843412655929,3.7566587603855,38.6356916215108,1.85616758729054e-06,1.23275321383782e-05,True,2.75074162490372,3.83746509527894,29.6993241434351,1.0552535196934e-05,7.64860445852958e-05,True,True,True,2.084633554389916,16.758924475820034,12.976854219948851,1.0268342245989304,3.563420502092051,12.0,2.0,True,True,12121.0,1.78384301423839,5.67303302619542,305.767357366313,4.75107831038184e-10,1.74258558194005e-08,True,True,Conserved Fetal-High Candidate
ENSG00000189184,PCDH18,ENSMUSG00000037892,Pcdh18,ortholog_one2one,1.0,PCDH18,3.23514491786859,0.59298258252123,16.1103030520983,0.0004532054774096,0.0013245997341553,True,2.8073013597311,0.716745484430396,10.3466434683272,0.0033046386984754,0.0090975869738135,True,True,True,4.798130354778261,128.21876569794347,80.82683388157893,1.5678716577540108,2.31439330543933,12.0,2.0,True,True,73173.0,2.03772423959226,1.07176359520594,20.0648881813782,0.0007068271720159,0.0020983229645178,True,True,Conserved Fetal-High Candidate
ENSG00000180190,TDRP,ENSMUSG00000050052,Tdrp,ortholog_one2one,1.0,TDRP,3.22847562207393,2.84160568769685,34.6184735835822,4.17720604878422e-06,2.45347031190402e-05,True,2.78938847654675,2.92630744154279,31.3868147709985,5.76703068486823e-06,4.64359705075793e-05,True,True,True,1.8300206059301205,21.411086684752107,21.66182332041344,5.089283422459894,5.658472803347283,12.0,2.0,True,True,72148.0,9.24909064193062,5.91388409860148,813.059637776118,1.65254137694093e-14,1.2223297718106398e-11,True,True,Conserved Fetal-High Candidate
ENSG00000151718,WWC2,ENSMUSG00000031563,Wwc2,ortholog_one2one,1.0,WWC2,3.22796507367099,2.34057891713073,78.5686929129875,4.1005517043121504e-09,8.029042813983e-08,True,3.58241373173364,2.39809810158432,60.2910842295142,1.77416173081232e-08,3.98256848034352e-07,True,True,True,2.572018356307409,9.735796877162493,10.14045183714002,1.3783850267379676,0.3685669456066945,12.0,2.0,True,True,52357.0,2.42905830276148,4.03227960594419,177.124958266987,1.16197154384952e-08,2.11057150543144e-07,True,True,Conserved Fetal-High Candidate
ENSG00000108830,RND2,ENSMUSG00000001313,Rnd2,ortholog_one2one,1.0,RND2,3.2000636098406,0.426846001592712,20.0998504755213,0.0001297348772847,0.0004496211273384,True,2.66307133073831,0.581564058000937,11.5158245715367,0.0021022051616249,0.0062514229324159,True,True,True,0.6939572370849888,10.598138968395464,4.174230072463768,1.5045668449197864,2.89239539748954,12.0,2.0,True,True,11858.0,1.16277667233744,4.16020187383661,38.9726628331556,3.87673414326109e-05,0.0001736119689989,True,True,Conserved Fetal-High Candidate
ENSG00000162373,BEND5,ENSMUSG00000028545,Bend5,ortholog_one2one,1.0,BEND5,3.19148609932506,2.85907780737561,42.6914837249785,8.38972236600741e-07,6.37712158808233e-06,True,3.57770904681698,2.91956301162249,54.2365221755947,4.64974873423885e-08,8.79852126897628e-07,True,True,True,2.845649226339848,33.648828182314645,16.88956140350877,0.4814010695187166,2.496014644351465,12.0,2.0,True,True,67621.0,4.74961366065282,2.95254402286525,169.084316083105,1.1287326807429e-08,2.0699651393128e-07,True,True,Conserved Fetal-High Candidate
ENSG00000125378,BMP4,ENSMUSG00000021835,Bmp4,ortholog_one2one,1.0,BMP4,3.17921044871666,3.74577901596945,54.8093036688428,1.0450395517693e-07,1.14579525593629e-06,True,2.85982175848369,3.83434704049522,31.3432367067804,7.01093051099177e-06,5.45776878540732e-05,True,True,True,3.695171714178903,104.17433475406322,89.25307017543861,6.350620320855615,5.585261506276149,12.0,2.0,True,True,12159.0,7.05861526880654,0.688435789250179,43.1464625328396,5.55943262102459e-05,0.000236782744454,True,True,Conserved Fetal-High Candidate
ENSG00000187955,COL14A1,ENSMUSG00000022371,Col14a1,ortholog_one2one,1.0,COL14A1,3.17564398251046,3.77626995910418,19.3172923557687,0.0001907282664258,0.0006264470439286,True,4.06956963508172,3.80432362224078,51.2673392142305,8.58854715850311e-08,1.4525192036486e-06,True,True,True,3.97443850857763,149.56210476700997,99.51821359491572,7.774235294117648,3.015146443514643,12.0,2.0,True,True,12818.0,4.21805045799345,2.1113187304894,99.8272271786285,1.7307643584123e-07,1.93804850024401e-06,True,True,Conserved Fetal-High Candidate
ENSG00000171033,PKIA,ENSMUSG00000027499,Pkia,ortholog_one2one,1.0,PKIA,3.17024934900478,1.88531361878279,32.4616412094621,6.63122095316223e-06,3.63317341529341e-05,True,2.7039837520894,1.99495058256899,23.6680210152348,3.87243449438794e-05,0.0002225719885611,True,True,True,2.322399412103591,12.628217459897686,11.104910935180603,2.269807486631016,0.5705753138075312,12.0,2.0,True,True,18767.0,2.53214336126884,1.75763667925009,39.0265960046697,3.9289736425852e-05,0.0001755381042865,True,True,Conserved Fetal-High Candidate
ENSG00000182985,CADM1,ENSMUSG00000032076,Cadm1,ortholog_one2one,1.0,CADM1,3.16949384287224,3.69170162786631,16.1642722265506,0.000495028193473,0.0014296793781282,True,2.84156986653689,3.76477076008272,12.6006577537057,0.0014927265047408,0.0046872584709125,True,True,True,0.9775867596106778,37.487159271392706,23.768246904024764,17.799379679144383,5.356663179916318,12.0,2.0,True,True,54725.0,3.25143925122987,2.35653605140541,83.2175425688357,8.29053507680468e-07,7.00381878252395e-06,True,True,Conserved Fetal-High Candidate
ENSG00000149948,HMGA2,ENSMUSG00000056758,Hmga2,ortholog_one2one,0.0,HMGA2,3.14254222866846,5.3520161188397,47.2881947994743,3.59534271663239e-07,3.17085360064333e-06,True,2.82911117658581,5.41223222402759,40.3277409498524,1.23277232960392e-06,1.32154093718616e-05,True,True,True,3.41501366863383,287.8282645005631,99.30060876623378,15.011957219251345,1.7947175732217573,12.0,2.0,True,True,15364.0,2.72233854207826,5.95264477361268,372.777844040404,1.46420561114207e-10,7.247001303622861e-09,True,True,Conserved Fetal-High Candidate
ENSG00000167123,CERCAM,ENSMUSG00000039787,Cercam,ortholog_one2one,1.0,CERCAM,3.1382231383907,0.923558067664425,63.8530083982855,2.34979444259877e-08,3.33682071844757e-07,True,2.86959834854109,1.03645565133723,49.75732212363,1.23906520223553e-07,1.99631006399174e-06,True,True,True,2.6500501556594007,22.43408484710569,20.17649313501144,1.8908983957219252,2.8565481171548117,12.0,2.0,True,True,99151.0,5.68643113171108,2.09041496642315,89.3670869241357,6.50400596642244e-08,8.56521616587026e-07,True,True,Conserved Fetal-High Candidate
ENSG00000130702,LAMA5,ENSMUSG00000015647,Lama5,ortholog_one2one,1.0,LAMA5,3.12372862562722,2.86861705239601,68.0961482988218,1.54126937178799e-08,2.34504483612607e-07,True,2.90725221968315,2.94050357145235,65.302785166045,9.46292534319991e-09,2.37627612959775e-07,True,True,True,3.1741162046032536,53.63140157425601,57.338231489741304,7.141925133689839,3.784518828451883,12.0,2.0,True,True,16776.0,4.36141781743698,5.83408088982705,788.199252383897,1.62839482637705e-12,2.70575532231044e-10,True,True,Conserved Fetal-High Candidate
ENSG00000204882,GPR20,ENSMUSG00000045281,Gpr20,ortholog_one2one,1.0,GPR20,3.11950321957492,-0.210959637717736,25.7393208328845,2.31921919645751e-05,0.0001043883496046,True,2.42440148184547,-0.0396992095583945,15.0848976904739,0.0005733676416937,0.0021295109843042,True,True,True,4.60062486171226,32.50673538628255,23.517824675324675,0.021090909090909,0.0,12.0,2.0,True,True,239530.0,1.20649395357747,1.21724449912372,7.8329396100438,0.015850030741911,0.030946958395337,True,True,Conserved Fetal-High Candidate
ENSG00000169071,ROR2,ENSMUSG00000021464,Ror2,ortholog_one2one,1.0,ROR2,3.11024071565593,2.79186138843919,34.1999577123161,4.56757328735596e-06,2.64862640169281e-05,True,3.97290282292579,2.83134042780851,51.9842616686,7.21630593826853e-08,1.25217340640836e-06,True,True,True,1.9523687133648835,36.572836968874824,31.493394571334,12.31347593582888,2.478566945606694,12.0,2.0,True,True,26564.0,1.84305101809008,5.25281860445592,95.2522576031769,3.83910203163197e-07,3.73912249079357e-06,True,True,Conserved Fetal-High Candidate
ENSG00000164125,GASK1B,ENSMUSG00000027955,Gask1b,ortholog_one2one,1.0,FAM198B,3.10483142559166,3.82149568476902,61.4980638477698,3.80216666533449e-08,4.99620998839481e-07,True,3.18670279574133,3.86829413972039,55.6824769607281,5.86495364112499e-08,1.06230350293112e-06,True,True,False,3.0266878512833046,45.10936196300676,40.37454092419209,5.359668449197862,2.794382845188285,12.0,2.0,True,True,68659.0,3.73340957694762,0.873053743273392,22.4452792698093,0.000262655626147,0.0008872676744509,True,True,Conserved Fetal-High Candidate
ENSG00000196132,MYT1,ENSMUSG00000010505,Myt1,ortholog_one2one,1.0,MYT1,3.09672080476235,-1.14674513786209,30.1208094474621,4.62782134759759e-06,2.68006631071458e-05,True,3.21900590299166,-0.959684696909802,26.5774048495611,1.89605297682416e-05,0.0001254300848412,True,True,True,1.1070607872647906,6.245452256174578,2.2659778121775025,1.0277433155080211,0.0046443514644351,12.0,2.0,True,True,17932.0,2.55590844501521,4.35503298712883,105.887176334565,2.14292290238197e-07,2.32147075039167e-06,True,True,Conserved Fetal-High Candidate
ENSG00000168772,CXXC4,ENSMUSG00000044365,Cxxc4,ortholog_one2one,1.0,CXXC4,3.09593026505842,3.35530232632062,72.6797722360384,8.373543579418841e-09,1.43700030210895e-07,True,3.48788410032908,3.4200564125655,90.4219975034307,3.14875985318797e-10,1.35559052974583e-08,True,True,True,2.4074598919579984,38.69325174684371,29.411502567200237,2.8551764705882343,6.609194560669455,12.0,2.0,True,True,319478.0,4.33465703950809,3.56764966834272,249.334576129502,1.7155141912535701e-09,4.6804008078586e-08,True,True,Conserved Fetal-High Candidate
ENSG00000144868,TMEM108,ENSMUSG00000042757,Tmem108,ortholog_one2one,1.0,TMEM108,3.08846587600189,-1.52612109597702,14.7828160805834,0.000498477428093,0.0014391734644472,True,2.71581107119424,-1.30976330830125,6.93612438852069,0.0135461041049901,0.0296520749879889,True,True,True,0.5427096968556421,3.120452800625794,1.0210049019607843,0.5386096256684493,0.2361506276150627,12.0,2.0,True,True,81907.0,2.48354318238402,1.02399718007481,21.2823525846764,0.0005260524821313,0.0016241309514513,True,True,Conserved Fetal-High Candidate
ENSG00000075618,FSCN1,ENSMUSG00000029581,Fscn1,ortholog_one2one,1.0,FSCN1,3.08692607817391,4.36919984640277,16.3450488330189,0.0004668343715022,0.0013601849051031,True,3.29592444198347,4.44842222229263,13.7322891508189,0.0010159196450501,0.0034156631817303,True,True,True,4.023854832213473,91.43325257001756,71.56422376696457,3.0458288770053485,3.875951882845187,12.0,2.0,True,True,14086.0,9.07477220581412,2.46706332661917,91.5369003100809,1.92854766652422e-06,1.40156570044233e-05,True,True,Conserved Fetal-High Candidate
ENSG00000137710,RDX,ENSMUSG00000032050,Rdx,ortholog_one2one,1.0,RDX,3.06143718662255,5.49897589613788,33.8737074136421,4.97072447094934e-06,2.84345271457555e-05,True,2.90601264872992,5.5555935645736,38.708631658089,1.70044775969441e-06,1.72449851117577e-05,True,True,True,1.5617333557341369,131.44294367699868,116.9586122144985,34.932652406417134,42.98285564853556,12.0,2.0,True,True,19684.0,5.85105183924918,3.3545513574995,242.642649847521,5.20895414356672e-10,1.87437879641749e-08,True,True,Conserved Fetal-High Candidate
ENSG00000186889,TMEM17,ENSMUSG00000049904,Tmem17,ortholog_one2one,1.0,TMEM17,3.05128574191807,1.56596567092036,79.596160281513,3.49834210788384e-09,7.10011693334096e-08,True,2.68470852356572,1.67583938604169,55.5928382711605,3.77041100452554e-08,7.4261261918873e-07,True,True,True,1.1697828216014938,6.778134810030828,5.81202474560592,3.358941176470589,0.6967887029288704,12.0,2.0,True,True,103765.0,1.40066633388856,1.47587617440117,12.623846078324,0.0038685274427777,0.0090854779278784,True,True,Conserved Fetal-High Candidate
ENSG00000167601,AXL,ENSMUSG00000002602,Axl,ortholog_one2one,1.0,AXL,3.0483737491838,2.29541497640335,19.2986139115596,0.0001896015526457,0.0006234373967982,True,2.80733049813497,2.36643591680618,15.8662948311139,0.0004328132628039,0.0016831411331631,True,True,True,2.1786012923184184,31.702150741021836,26.86241228070175,5.404160427807488,4.904884937238494,12.0,2.0,True,True,26362.0,10.17286655618,3.48390350859066,339.149390906803,3.2960103887666704e-09,7.71231675150078e-08,True,True,Conserved Fetal-High Candidate
ENSG00000144649,GASK1A,ENSMUSG00000038233,Gask1a,ortholog_one2one,0.0,FAM198A,3.02930019333253,-0.282006018463593,49.9240242750352,1.11987600990429e-07,1.21182444188e-06,True,3.12516649222572,-0.124530529421726,37.0842526187155,1.54089686752347e-06,1.5943734314411e-05,True,True,False,0.795385343959882,3.279403260359645,1.0962042818911688,0.3134973262032086,0.1021234309623431,12.0,2.0,True,True,245050.0,2.99344632099834,2.13776081222234,55.9973753516703,6.62464628534913e-06,3.92002402858393e-05,True,True,Conserved Fetal-High Candidate
ENSG00000171160,MORN4,ENSMUSG00000049670,Morn4,ortholog_one2one,1.0,MORN4,2.99809192922854,2.12537545754935,126.086038820409,3.7736848132683796e-11,1.7381435827745701e-09,True,2.61256395960809,2.23816167506305,63.0949255342262,1.11083357689208e-08,2.70663339675813e-07,True,True,True,1.7804285799402375,14.836495186743242,14.521870291902069,2.628117647058823,4.408619246861926,12.0,2.0,True,True,226123.0,2.48920087339112,1.17092163761545,22.9372533079028,0.0003965320652308,0.0012690932491545,True,True,Conserved Fetal-High Candidate
ENSG00000184867,ARMCX2,ENSMUSG00000033436,Armcx2,ortholog_one2one,1.0,ARMCX2,2.98619638657738,3.0220219515823,87.8073920588846,1.3993153537684701e-09,3.35288782677219e-08,True,2.72273861463507,3.09837928325484,93.5409576471825,2.96607787036796e-10,1.28990935354949e-08,True,True,True,3.033436752500332,39.313150791962286,34.959168632075475,4.0945989304812835,2.68923640167364,12.0,2.0,True,True,67416.0,10.0665399449871,3.38465728059048,178.368582751221,7.92668530997652e-08,1.00894730609013e-06,True,True,Conserved Fetal-High Candidate
ENSG00000130226,DPP6,ENSMUSG00000061576,Dpp6,ortholog_one2one,1.0,DPP6,2.98555717979849,-1.00471464190992,19.977541983459,9.28202383348473e-05,0.0003383048416062,True,2.82686852417395,-0.830671484675691,12.5478827983098,0.0014156659470962,0.0044809623338223,True,True,True,1.040819156153703,6.323868054034928,2.8421929824561403,1.6807807486631012,0.0542259414225941,12.0,2.0,True,True,13483.0,4.93880391499247,0.718300466096543,33.3132405770436,5.05040987937739e-05,0.0002181737739585,True,True,Conserved Fetal-High Candidate
ENSG00000163629,PTPN13,ENSMUSG00000034573,Ptpn13,ortholog_one2one,1.0,PTPN13,2.98215155300836,2.74066088593003,57.5440068698656,6.94318243813931e-08,8.16420903225389e-07,True,2.96173691937994,2.82836825533826,45.702388662837,2.46482382876499e-07,3.49955609926705e-06,True,True,True,2.713916398174516,29.149080294633908,23.759891304347825,4.165197860962567,1.3823953974895398,12.0,2.0,True,True,19249.0,2.55190425417372,4.41941857280139,137.56032937023,4.93389032538622e-08,6.86810858474938e-07,True,True,Conserved Fetal-High Candidate
ENSG00000136732,GYPC,ENSMUSG00000090523,Gypc,ortholog_one2one,1.0,GYPC,2.97454902110108,3.91981814779409,14.2063055537402,0.0009330899278767,0.0024830722687802,True,0.963247956808251,4.2337875478557,1.01414537998749,0.323634798389279,0.417462906753699,True,True,True,2.2036177983048657,51.8009632618866,59.90421716003701,16.678192513368984,7.765512552301254,12.0,2.0,True,True,71683.0,3.83504423743975,0.519607315882471,34.6633807310902,2.39107525423951e-05,0.0001152670739383,True,True,Conserved Fetal-High Candidate
ENSG00000181541,MAB21L2,ENSMUSG00000057777,Mab21l2,ortholog_one2one,1.0,MAB21L2,2.94012904384657,0.286213339049223,23.0576323512782,5.69748733122659e-05,0.000223808279412,True,2.38340700951243,0.432147098745296,14.4827945700646,0.0007148913808001,0.0025582172075982,True,True,True,4.135591445573952,44.29455467181095,34.34396760154739,0.8896363636363636,1.1320502092050209,12.0,2.0,True,True,23937.0,1.23106101648389,1.17408331758147,7.13507872114147,0.0201107459924407,0.0379201914945979,True,True,Conserved Fetal-High Candidate
ENSG00000187109,NAP1L1,ENSMUSG00000058799,Nap1l1,ortholog_one2one,1.0,NAP1L1,2.92399772798494,8.5905626962565,31.8998686564344,7.51154111929577e-06,4.04077729379605e-05,True,2.42790152261841,8.66613964614554,27.4540498584552,2.04355668241731e-05,0.0001329576136231,True,True,True,2.608694175978929,577.386278825661,478.6772049144362,90.88873796791452,64.39502092050205,12.0,2.0,True,True,53605.0,1.16606025410336,6.51497737766317,129.774134646735,6.85358918458927e-08,8.95472879328965e-07,True,True,Conserved Fetal-High Candidate
ENSG00000182247,UBE2E2,ENSMUSG00000058317,Ube2e2,ortholog_one2one,1.0,UBE2E2,2.9230738810732,3.25290884033828,51.2254801622167,1.8688302053293e-07,1.8407718681745e-06,True,3.03592222957406,3.31003183350166,52.3978879936994,8.49712351886335e-08,1.43986413378239e-06,True,True,True,3.4962909531634043,23.913966629517244,24.025287033319955,1.9596898395721924,0.4755857740585774,12.0,2.0,True,True,218793.0,0.579606410325214,3.28014886769557,8.37855894735758,0.0131830608356584,0.0263423791034002,True,True,Conserved Fetal-High Candidate
ENSG00000139174,PRICKLE1,ENSMUSG00000036158,Prickle1,ortholog_one2one,1.0,PRICKLE1,2.91719644289818,0.372275395162189,15.898749753434,0.0004849308021627,0.0014043956233346,True,2.34320472881419,0.521326509696612,9.25406206360801,0.0050918801367038,0.0130450766472886,True,True,True,4.016564411323478,25.21851558189715,23.9998163377193,0.3496791443850268,0.7396234309623432,12.0,2.0,True,True,106042.0,2.57786997890595,2.5515831920994,75.7609505402344,1.36348503122916e-06,1.05604652156981e-05,True,True,Conserved Fetal-High Candidate
ENSG00000003096,KLHL13,ENSMUSG00000036782,Klhl13,ortholog_one2one,1.0,KLHL13,2.89555012832008,4.06685042686974,90.75655247681,9.93425820997476e-10,2.54131189518189e-08,True,2.98722564334861,4.11852314208591,78.7395156878909,2.6665982092372803e-09,8.26264502262238e-08,True,True,True,2.3488182574956413,18.2416900989373,16.081842105263156,4.052064171122995,0.6544979079497907,12.0,2.0,True,True,67455.0,6.74672227217556,3.5435048444331,259.919111570106,6.69897162180152e-11,4.167762064143241e-09,True,True,Conserved Fetal-High Candidate
ENSG00000006118,TMEM132A,ENSMUSG00000024736,Tmem132a,ortholog_one2one,1.0,TMEM132A,2.87938233114921,3.01702635499149,21.8312957098697,9.24496458762767e-05,0.0003372306635277,True,2.18806146766926,3.13164952626936,13.0647008737808,0.0012633459812432,0.0040807109952593,True,True,True,1.9295094667764991,13.179440265359148,6.065374509211718,0.3090588235294118,1.4005230125523014,12.0,2.0,True,True,98170.0,0.772303132146083,4.21993981124068,28.4072360878601,0.0001657458504623,0.0005975397567517,True,True,Conserved Fetal-High Candidate
ENSG00000187498,COL4A1,ENSMUSG00000031502,Col4a1,ortholog_one2one,1.0,COL4A1,2.87860131240416,2.76103206138163,26.623859577787,2.60714120610311e-05,0.0001154479788376,True,2.55516027373238,2.83224794798873,26.754828335839,1.8864314875471e-05,0.0001248411867731,True,True,True,4.068124253606878,183.29826915511055,163.35223011363635,12.06377540106952,5.532709205020921,12.0,2.0,True,True,12826.0,6.37601340997178,4.07477649980637,278.484107113991,3.39037397101866e-10,1.4052370643168e-08,True,True,Conserved Fetal-High Candidate
ENSG00000176788,BASP1,ENSMUSG00000045763,Basp1,ortholog_one2one,1.0,BASP1,2.87682040654868,3.58350405228343,10.5827004593282,0.0033559787208588,0.0074619741968672,True,2.32510540149593,3.6662883529547,7.33214013385821,0.0119150025674735,0.0266223441347927,True,True,True,2.5637164415993543,70.65206684002413,55.885019173676405,9.449048128342252,7.793933054393306,12.0,2.0,True,True,70350.0,6.29061139755916,1.8836953677142,96.015869091336,1.31881928574065e-07,1.5511272058614e-06,True,True,Conserved Fetal-High Candidate
ENSG00000121064,SCPEP1,ENSMUSG00000000278,Scpep1,ortholog_one2one,1.0,SCPEP1,2.870355697584,5.62881290172929,14.4547834208932,0.0008577645769712,0.0023046994731709,True,3.5795619031227,5.64572631826646,21.5013110707394,9.56255233364615e-05,0.0004735428313168,True,True,True,1.3336709574832015,22.08552570456728,23.51047101449275,11.623668449197854,5.8257531380753145,12.0,2.0,True,True,74617.0,1.02533417609788,6.00764305495491,89.7837394070597,5.30478544083611e-07,4.8508182252261e-06,True,True,Conserved Fetal-High Candidate
ENSG00000133619,KRABD3,ENSMUSG00000042810,Krba1,ortholog_one2one,1.0,KRBA1,2.86934846420789,0.126537430654526,51.3746967535224,1.23824647943235e-07,1.31431547210912e-06,True,2.72125008348436,0.261765372671893,30.8915459069668,6.24534767188146e-06,4.94667679444975e-05,True,True,False,1.7683351862087402,5.172081435045411,4.61004625346901,0.4222887700534759,0.8713389121338913,12.0,2.0,True,True,77827.0,2.27191056734615,4.74390140822191,201.754609562962,5.4580656223474905e-09,1.17141713326484e-07,True,True,Conserved Fetal-High Candidate
ENSG00000091656,ZFHX4,ENSMUSG00000025255,Zfhx4,ortholog_one2one,1.0,ZFHX4,2.86680351469638,-0.831087687475437,10.7361338558515,0.0026019932595426,0.0059776247785772,True,2.54525024576013,-0.644875004359164,5.67953925051813,0.0241021584371542,0.0480879214903414,True,True,True,3.5772046104028674,69.87235679245605,40.03945102368526,3.410930481283423,1.4658577405857742,12.0,2.0,True,True,80892.0,4.27491454031103,1.32244636107339,30.2755051188445,6.02213998748399e-05,0.0002534095189423,True,True,Conserved Fetal-High Candidate
ENSG00000144935,TRPC1,ENSMUSG00000032839,Trpc1,ortholog_one2one,1.0,TRPC1,2.8634450313608,-0.0553496046931484,31.0296212214234,6.71341363141695e-06,3.673677468543e-05,True,2.94891643573887,0.0830984619618004,22.1858977766138,6.256798532797e-05,0.0003341581044662,True,True,True,0.8716852069211983,11.227089428264982,11.662482837528604,9.903133689839574,1.937165271966527,12.0,2.0,True,True,22063.0,3.20945149982971,1.44149841235499,50.4248103456885,8.77442500686127e-06,4.92507143934869e-05,True,True,Conserved Fetal-High Candidate
ENSG00000145882,PCYOX1L,ENSMUSG00000024579,Pcyox1l,ortholog_one2one,1.0,PCYOX1L,2.86156917822117,2.76950623615869,82.2645658392851,2.6312567096822604e-09,5.71035943303028e-08,True,2.73881910332742,2.86726459977352,59.7955368060558,2.29527732531778e-08,4.95368807822316e-07,True,True,True,0.7424261949223963,8.270313128526167,8.326716646266831,6.020374331550801,3.129403765690378,12.0,2.0,True,True,240334.0,0.97485644115973,4.13164250663273,43.3767111974954,2.31287558065058e-05,0.0001121807849937,True,True,Conserved Fetal-High Candidate
ENSG00000129757,CDKN1C,ENSMUSG00000037664,Cdkn1c,ortholog_one2one,1.0,CDKN1C,2.85584349482809,5.95202670388127,31.1022125737024,9.15314694769899e-06,4.78910534382402e-05,True,2.92992134574541,5.99739828080132,27.4415095551408,2.05953527451853e-05,0.0001337013547587,True,True,True,2.2440728464536135,149.5047552529006,152.33094098883572,26.902631016042783,35.830491631799156,12.0,2.0,True,True,12577.0,6.70114694946459,8.01147586363539,2522.02222683307,1.3695612716896102e-15,2.6049055387536398e-12,True,True,Conserved Fetal-High Candidate
ENSG00000026025,VIM,ENSMUSG00000026728,Vim,ortholog_one2one,1.0,VIM,2.85525118637036,6.44086341970498,34.6943208858139,4.11251320973083e-06,2.42027051823252e-05,True,3.21960010707843,6.46140322168414,36.9664738285995,2.43758778182055e-06,2.32784937755367e-05,True,True,True,3.0767185286700953,1105.805251085227,1073.577585321655,121.58166844919792,131.15015690376563,12.0,2.0,True,True,22352.0,2.19365902602206,4.8473023803311,99.9652427997612,2.94392574392055e-07,3.04076240143973e-06,True,True,Conserved Fetal-High Candidate
ENSG00000164161,HHIP,ENSMUSG00000064325,Hhip,ortholog_one2one,1.0,HHIP,2.85448926670176,-0.46744330918211,31.990993524376,4.56663695841093e-06,2.64862640169281e-05,True,2.45443801305325,-0.301525675628212,16.6997756903986,0.0003296167524078,0.0013404054107761,True,True,True,4.043538818329525,27.012892736654734,23.12654024767801,0.5648663101604278,0.3612970711297071,12.0,2.0,True,True,15245.0,5.07990783635931,0.835247547662648,45.2180511096345,1.02711326767737e-05,5.63220183107763e-05,True,True,Conserved Fetal-High Candidate
ENSG00000099769,IGFALS,ENSMUSG00000046070,Igfals,ortholog_one2one,1.0,IGFALS,2.85039497731032,0.986763331007392,19.2169476110404,0.0001865343600728,0.0006151723961668,True,5.17055968096379,1.04575695973629,29.8276268515709,1.02231751760718e-05,7.45973657086621e-05,True,True,True,0.5648191699793551,4.329367037828242,1.7698431756922324,1.5637219251336898,0.1813284518828452,12.0,2.0,True,True,16005.0,2.05792339519934,2.07694755559301,26.5860582203025,0.0002243444703585,0.0007752199009484,True,True,Conserved Fetal-High Candidate
ENSG00000145431,PDGFC,ENSMUSG00000028019,Pdgfc,ortholog_one2one,1.0,PDGFC,2.84875929169053,3.02066716501581,36.1170421608347,3.03847758835084e-06,1.87053646271779e-05,True,2.63212061771457,3.0948708116382,30.651330349778,7.35713106378836e-06,5.67634229519144e-05,True,True,True,2.3111449063110747,21.086946676693326,14.834032014497131,2.8090481283422455,1.5720815899581588,12.0,2.0,True,True,54635.0,3.85639769813511,2.97383015251324,125.995070866445,8.52964474966103e-08,1.06933794912417e-06,True,True,Conserved Fetal-High Candidate
ENSG00000091428,RAPGEF4,ENSMUSG00000049044,Rapgef4,ortholog_one2one,1.0,RAPGEF4,2.84833243748991,0.612444044427795,53.4730341573416,1.09347785294123e-07,1.19123423697563e-06,True,3.17302191469005,0.699212403965323,50.9594274402435,1.01445859682751e-07,1.67646529258581e-06,True,True,True,1.1053019893517302,3.731629364329306,3.2872690217391307,1.534192513368984,0.4512970711297071,12.0,2.0,True,True,56508.0,1.1275515677534,2.24718075970473,18.5224982752014,0.0009744140905014,0.0027691246960376,True,True,Conserved Fetal-High Candidate
ENSG00000102678,FGF9,ENSMUSG00000021974,Fgf9,ortholog_one2one,1.0,FGF9,2.83754157319284,3.86167710563379,41.2182820713162,1.0932880668287e-06,7.89747895367152e-06,True,2.37170807599574,3.94982685694376,30.3087102144149,9.7287096546478e-06,7.15004531670685e-05,True,True,True,0.7348607323382389,10.699373687969794,8.54689941046426,5.1906524064171125,4.282353556485357,12.0,2.0,True,True,14180.0,1.9894944343362,3.60857574905259,102.653317430992,2.54608950951553e-07,2.67550400392185e-06,True,True,Conserved Fetal-High Candidate
ENSG00000124006,OBSL1,ENSMUSG00000026211,Obsl1,ortholog_one2one,1.0,OBSL1,2.83368547302047,3.53501364344858,122.103503166648,5.08772427502013e-11,2.1901852272538202e-09,True,3.08304367474654,3.58190526936113,185.085787022222,1.62153401570975e-13,2.6052646519070002e-11,True,True,True,3.014814623913705,50.40486223046002,43.21182387787651,2.805497326203209,6.134539748953976,12.0,2.0,True,True,98733.0,12.4513489705417,5.64272802568409,998.912581985345,1.4001210716107298e-11,1.31276140474826e-09,True,True,Conserved Fetal-High Candidate
ENSG00000166313,APBB1,ENSMUSG00000037032,Apbb1,ortholog_one2one,1.0,APBB1,2.79772625777683,2.36505805746934,116.595790316921,8.428406674791259e-11,3.32258630312891e-09,True,2.7713190394879,2.47622871707286,53.2517854351099,5.7900872410092e-08,1.05314039628922e-06,True,True,True,1.7786507553435285,25.620839459636745,16.01705834353325,5.7936577540106935,2.125784518828452,12.0,2.0,True,True,11785.0,2.28077943991049,1.25675448531754,24.2132694416374,0.0003272985220972,0.0010751671658531,True,True,Conserved Fetal-High Candidate
ENSG00000179241,LDLRAD3,ENSMUSG00000048058,Ldlrad3,ortholog_one2one,1.0,LDLRAD3,2.79537123673867,1.59712769684651,119.111162036749,6.61258405366479e-11,2.74044596480434e-09,True,2.14143875266241,1.73543565347573,74.6825909668755,1.9655366600287e-09,6.33940374067248e-08,True,True,True,2.578297883743497,14.010018714325684,9.720195838433291,1.176513368983957,0.4134309623430962,12.0,2.0,True,True,241576.0,3.98104991776203,3.86939925128858,254.957027797153,1.4473935940768202e-09,4.06552706994489e-08,True,True,Conserved Fetal-High Candidate
ENSG00000105426,PTPRS,ENSMUSG00000013236,Ptprs,ortholog_one2one,1.0,PTPRS,2.78795221098291,-0.328612932299937,28.5075754741437,1.16804421457669e-05,5.87126324313229e-05,True,2.61797791778654,-0.166424469258001,16.4269892779413,0.0003640244582381,0.0014550915455768,True,True,True,2.042968486453348,38.11036999941107,24.211464708282335,6.803775401069519,3.4320502092050216,12.0,2.0,True,True,19280.0,0.619008220058165,5.35641674489898,13.4890596233026,0.0030748702357562,0.0074474845040675,True,True,Conserved Fetal-High Candidate
ENSG00000251322,SHANK3,ENSMUSG00000022623,Shank3,ortholog_one2one,1.0,SHANK3,2.78535491849062,0.136291291636416,17.9133791222804,0.0002565913113327,0.0008110110087438,True,2.12189724029919,0.315345629080898,9.15874119786221,0.0052804039139413,0.0134506119663403,True,True,True,0.7924693749771426,5.241403568984327,2.6668465045592704,1.9205775401069516,0.3135669456066946,12.0,2.0,True,True,58234.0,3.86018341890818,0.975893087339958,27.085584450866,0.0001059811745813,0.0004088766613666,True,True,Conserved Fetal-High Candidate
ENSG00000204856,FAM216A,ENSMUSG00000029463,Fam216a,ortholog_one2one,1.0,FAM216A,2.78275712859323,1.58526420480153,26.6514413912831,2.57742689485915e-05,0.0001143030001588,True,2.24746080497638,1.72213542312463,16.0676646481447,0.00040223018223,0.0015833707173449,True,True,True,2.1702042180903383,18.095427674734683,17.139824172576834,3.189914438502673,2.870669456066946,12.0,2.0,True,True,68948.0,0.921982413149969,2.98716675336742,17.7264052811204,0.0011511172745514,0.0031902529961235,True,True,Conserved Fetal-High Candidate
ENSG00000167711,SERPINF2,ENSMUSG00000038224,Serpinf2,ortholog_one2one,1.0,SERPINF2,2.78125505241779,3.06002040628228,72.5711841435769,8.5051634022728e-09,1.44701722611491e-07,True,3.06244850162779,3.10751808765394,74.7731529133505,2.4812270746548e-09,7.79968336945834e-08,True,True,True,1.8050955300389528,8.43956777236757,5.436132075471697,1.3294117647058823,0.3541422594142259,12.0,2.0,True,True,18816.0,2.67942178714988,4.64543764924557,238.707681034826,2.0458706900844904e-09,5.36195322200491e-08,True,True,Conserved Fetal-High Candidate
ENSG00000182636,NDN,ENSMUSG00000033585,Ndn,ortholog_one2one,1.0,NDN,2.77093941993589,5.06414939978143,62.3342711014322,3.3392642058302e-08,4.4874360026799e-07,True,3.18126037117881,5.095974079201,80.3982763271937,2.7077728158844102e-09,8.37527164014728e-08,True,True,True,3.775560654023516,79.85600272832522,83.73926595143986,6.846663101604277,3.5286924686192473,12.0,2.0,True,True,17984.0,8.50904024035987,1.95110127219309,118.194578816163,5.78039071324828e-07,5.21057020691859e-06,True,True,Conserved Fetal-High Candidate
ENSG00000115290,GRB14,ENSMUSG00000026888,Grb14,ortholog_one2one,1.0,GRB14,2.76782817855807,2.76003412576919,36.0238300487871,3.1043414937094e-06,1.90580412350344e-05,True,2.45386498310189,2.86380355877025,24.5389141497631,3.4513125768093e-05,0.0002039753945258,True,True,True,2.173780978337452,21.41160177634416,12.632403100775193,1.8388556149732624,2.2038179916317993,12.0,2.0,True,True,50915.0,2.04021550907133,3.0443322330152,74.8795219843217,1.41828739471267e-06,1.09213871447105e-05,True,True,Conserved Fetal-High Candidate
ENSG00000168268,NT5DC2,ENSMUSG00000071547,Nt5dc2,ortholog_one2one,1.0,NT5DC2,2.7663878150851,4.11571379972363,34.7276504430259,4.07982323382218e-06,2.40501250908901e-05,True,2.04628017891766,4.22207792551005,24.6395134086941,4.10266222511858e-05,0.0002344841730245,True,True,True,2.648712401488861,31.53583479393664,30.18069805194805,6.176898395721925,1.76739539748954,12.0,2.0,True,True,70021.0,3.97626717176267,5.14265431024796,285.945882049328,7.08644095559605e-10,2.34698693738323e-08,True,True,Conserved Fetal-High Candidate
ENSG00000161642,ZNF385A,ENSMUSG00000000552,Zfp385a,ortholog_one2one,1.0,ZNF385A,2.75193146875178,0.568803828778484,24.3025459821516,4.34541606829789e-05,0.000177766112007,True,2.56031097408319,0.705759510719689,16.1548014098946,0.000406985624465,0.0015966571457648,True,True,True,1.1766435779515831,3.141486241450389,2.1966360294117644,0.5671122994652407,0.2611401673640167,12.0,2.0,True,True,29813.0,1.67767311115062,1.10511304743967,15.6543062063556,0.0018397725088722,0.0048028884672793,True,True,Conserved Fetal-High Candidate
ENSG00000168542,COL3A1,ENSMUSG00000026043,Col3a1,ortholog_one2one,1.0,COL3A1,2.74892542833033,3.89737947409956,8.87259985802678,0.0064941669539531,0.0132428201787147,True,3.30602641729246,3.9183648862376,16.0496380904418,0.000448961462801,0.001736598150362,True,True,True,6.7513361120102315,2391.811733471007,2388.258099415205,23.729989304812833,18.624581589958165,12.0,2.0,True,True,12825.0,8.74705636431093,4.1487179804776,254.072355285082,2.65094073474727e-10,1.15341911576553e-08,True,True,Conserved Fetal-High Candidate
ENSG00000134874,DZIP1,ENSMUSG00000042156,Dzip1,ortholog_one2one,1.0,DZIP1,2.74210059448691,-0.737560677437097,42.4399473933918,3.79489833671806e-07,3.29601844301467e-06,True,2.51039356623544,-0.561841550121044,22.4800134152918,5.48497694013397e-05,0.0002986360836686,True,True,True,3.0358244491863564,27.79207040803925,22.768204139610383,2.017582887700535,1.7787343096234307,12.0,2.0,True,True,66573.0,2.17028964522894,0.789146373539977,18.9448552532235,0.0008408090806179,0.0024373028737964,True,True,Conserved Fetal-High Candidate
ENSG00000166086,JAM3,ENSMUSG00000031990,Jam3,ortholog_one2one,1.0,JAM3,2.73044963232346,0.341544182054342,17.4188702344556,0.0003028941149612,0.0009337878394131,True,2.2411554448643,0.480788924962448,10.6498954741222,0.0029169506731844,0.0081940955287513,True,True,True,3.1483642451894855,36.74466730474948,35.11022700471698,4.88170053475936,1.2636192468619247,12.0,2.0,True,True,83964.0,1.23108582174092,1.23559049989898,7.3327623456232,0.0187764618760682,0.0357281425493744,True,True,Conserved Fetal-High Candidate
ENSG00000144824,PHLDB2,ENSMUSG00000033149,Phldb2,ortholog_one2one,1.0,PHLDB2,2.71370464705313,2.58881387112406,50.6158745083401,2.08375891719986e-07,2.01562294825334e-06,True,2.47155258756959,2.68627465353848,34.630360069027,2.72578611341269e-06,2.53743780257173e-05,True,True,True,2.306969343100142,57.155522087207025,34.20501856684062,7.706748663101603,4.522029288702929,12.0,2.0,True,True,208177.0,1.93616920279799,4.9674446867996,156.37067044486,2.37441468907291e-08,3.79963427527845e-07,True,True,Conserved Fetal-High Candidate
ENSG00000102316,MAGED2,ENSMUSG00000025268,Maged2,ortholog_one2one,1.0,MAGED2,2.69798114876835,6.62883981139121,140.356913733078,1.16443374250065e-11,6.510209908150651e-10,True,2.62760598990049,6.68313285487363,125.219065237522,3.46156532615402e-11,2.12996743047605e-09,True,True,True,2.421390432888406,380.24302655618976,309.1907119543043,72.33051336898392,41.479905857740555,12.0,2.0,True,True,80884.0,2.62360697115889,4.3830462545243,149.354087907095,3.0904185204505e-08,4.68631346028223e-07,True,True,Conserved Fetal-High Candidate
ENSG00000135862,LAMC1,ENSMUSG00000026478,Lamc1,ortholog_one2one,1.0,LAMC1,2.69071302128049,3.77632846881087,57.6316293574667,6.7313153501884e-08,7.97840370739997e-07,True,2.33982365651284,3.8485913025567,48.0199086980304,2.68796141269739e-07,3.7583808568191e-06,True,True,True,3.2655393160832964,96.23751552058016,96.63940185258178,7.262812834224598,11.043441422594142,12.0,2.0,True,True,226519.0,2.64991792693719,7.01486887166802,629.335091463023,6.32767963642598e-12,7.011699508882131e-10,True,True,Conserved Fetal-High Candidate
ENSG00000155465,SLC7A7,ENSMUSG00000000958,Slc7a7,ortholog_one2one,1.0,SLC7A7,2.66846075415666,6.25300782822274,10.332797823441,0.0036814149982445,0.0080984752850519,True,5.96355567328204,6.21259832430879,39.2305906790754,1.05797769554487e-06,1.16632966792214e-05,True,True,True,1.89758013470866,17.069479093492117,11.592980887037491,2.861026737967916,1.8987133891213392,12.0,2.0,True,True,20540.0,0.949300163394898,6.18302398401235,90.770540900292,4.99760536494268e-07,4.62391367816865e-06,True,True,Conserved Fetal-High Candidate
ENSG00000164061,BSN,ENSMUSG00000032589,Bsn,ortholog_one2one,1.0,BSN,2.66431453059888,-1.9484678119694,30.7606893491009,3.02329379960347e-06,1.86247887952703e-05,True,2.67493209969054,-1.73212321942998,15.227714255419,0.0005227384261778,0.0019729176579828,True,True,True,1.3144466468010367,3.55084507021645,3.6328715874620823,1.558673796791444,0.1668933054393305,12.0,2.0,True,True,12217.0,1.72742334123658,5.75512138076539,319.484517251667,3.66315772199096e-10,1.46083529000368e-08,True,True,Conserved Fetal-High Candidate
ENSG00000099284,MACROH2A2,ENSMUSG00000020086,Macroh2a2,ortholog_one2one,1.0,H2AFY2,2.66236426614203,5.55858885080713,79.4237240823372,3.5631036501093605e-09,7.2150819812408e-08,True,2.17850766379517,5.64481177490942,62.054893050369,3.28572716524674e-08,6.64498109223328e-07,True,True,False,2.0624800188264736,30.47844172305598,23.026842105263157,5.129700534759361,4.374550209205021,12.0,2.0,True,True,404634.0,3.23798246664069,3.05687977271905,98.6459234039674,3.27797407009611e-07,3.29629507320692e-06,True,True,Conserved Fetal-High Candidate
ENSG00000165424,ZCCHC24,ENSMUSG00000055538,Zcchc24,ortholog_one2one,1.0,ZCCHC24,2.64783809384623,0.640931701780574,32.0616809924392,6.74344908875083e-06,3.68519172590885e-05,True,2.32343342510667,0.763805395692127,21.0983120405084,8.52661509911102e-05,0.0004316031629086,True,True,True,2.710412254583647,41.68834984911216,26.799569678914267,3.463326203208556,3.0314644351464435,12.0,2.0,True,True,71918.0,1.98438230638956,0.503186459916134,13.9596143146569,0.0025601041105224,0.0063734529034211,True,True,Conserved Fetal-High Candidate
ENSG00000179242,CDH4,ENSMUSG00000000305,Cdh4,ortholog_one2one,1.0,CDH4,2.64767993483149,-0.477986245215795,6.35011430808234,0.017571953119602,0.031630227246472,True,3.29398266584955,-0.363662298101095,5.26330052046721,0.0297083824309153,0.0574482644587405,True,True,True,1.6400839607280782,4.324269598661946,3.6454230328495023,0.384620320855615,0.5962343096234309,12.0,2.0,True,True,12561.0,3.67761952495824,1.4205414064112,70.4238031733768,1.01908207252049e-06,8.31885880658358e-06,True,True,Conserved Fetal-High Candidate
ENSG00000088756,ARHGAP28,ENSMUSG00000024043,Arhgap28,ortholog_one2one,1.0,ARHGAP28,2.64702595736956,-0.162586131011909,49.6739445644754,1.50808635132669e-07,1.54448544010583e-06,True,2.60796781705224,-0.0161730900942558,34.3287739798042,2.69339818902179e-06,2.51267985891968e-05,True,True,True,2.8864719269324555,18.252852953721455,6.544346771183278,0.0352299465240641,0.0052719665271966,12.0,2.0,True,True,268970.0,6.87629930173317,2.41346116209915,132.493801103158,1.78286707216033e-08,3.01614894520237e-07,True,True,Conserved Fetal-High Candidate
ENSG00000071205,ARHGAP10,ENSMUSG00000037148,Arhgap10,ortholog_one2one,1.0,ARHGAP10,2.64417593550809,2.99650094965901,44.3319626348348,6.16638535351814e-07,4.96073145702258e-06,True,2.59268179404908,3.05952457576843,61.9446113638435,1.95710352349279e-08,4.33158932903659e-07,True,True,True,2.4354064853679143,22.03326385947498,17.663440402476777,2.223860962566845,2.676809623430963,12.0,2.0,True,True,78514.0,2.30551378497791,3.84578655254429,154.583756976107,2.54063797811857e-08,3.98892146706022e-07,True,True,Conserved Fetal-High Candidate
ENSG00000118946,PCDH17,ENSMUSG00000035566,Pcdh17,ortholog_one2one,1.0,PCDH17,2.63729327978614,0.0073152077222716,9.57627419388964,0.0046006805793104,0.009817305678481,True,1.94437458439074,0.158574193110067,5.07818242884648,0.0322246777266613,0.061446442494861,True,True,True,2.8120978747806817,44.69271035433186,28.186458333333334,5.421283422459892,0.8903347280334729,12.0,2.0,True,True,219228.0,2.98287545875123,0.856596983317883,22.1735636286727,0.0003706480923173,0.0011948689348941,True,True,Conserved Fetal-High Candidate
ENSG00000204852,TCTN1,ENSMUSG00000038593,Tctn1,ortholog_one2one,1.0,TCTN1,2.631954150049,3.59505778450131,58.5801155224264,5.84129399472417e-08,7.15236679973836e-07,True,2.07033075037696,3.71387763367505,32.511173213224,5.89693150990551e-06,4.7350095122573e-05,True,True,True,0.5716239799647864,19.534785577882676,13.609938226744186,11.501326203208556,6.159529288702929,12.0,2.0,True,True,654470.0,0.526218742152202,3.32815238320651,7.74077669878092,0.0162712770552271,0.0315749573988185,True,True,Conserved Fetal-High Candidate
ENSG00000130294,KIF1A,ENSMUSG00000014602,Kif1a,ortholog_one2one,1.0,KIF1A,2.61756765142175,-0.462756098710965,12.4349260103217,0.0014801525435313,0.0036738282942125,True,4.81449668852819,-0.396407370768974,45.5117731821216,3.31225083836171e-07,4.43816035113918e-06,True,True,True,1.8652054367083777,20.32260916058011,12.00829334365325,1.1342673796791445,4.006872384937238,12.0,2.0,True,True,16560.0,3.76913331850265,2.70917863562771,113.821660358468,1.47041753645117e-07,1.69940443405476e-06,True,True,Conserved Fetal-High Candidate
ENSG00000058091,CDK14,ENSMUSG00000028926,Cdk14,ortholog_one2one,1.0,CDK14,2.61068233861007,2.45806593778535,25.5379357447156,3.42403919216112e-05,0.000145323449027,True,2.41826634725865,2.53602404412004,21.9883042089811,6.75961359039492e-05,0.0003565131155639,True,True,True,2.75366534379398,26.36260675644012,22.342558479532165,2.7885454545454547,2.1336297071129713,12.0,2.0,True,True,18647.0,3.32289570669753,3.63634340288048,200.45320631871,5.76774575888239e-09,1.22474907549857e-07,True,True,Conserved Fetal-High Candidate
ENSG00000198795,ZNF521,ENSMUSG00000024420,Zfp521,ortholog_one2one,1.0,ZNF521,2.60472128690594,0.376949785694271,6.28346186648852,0.0189151019086154,0.0337371184624071,True,2.0442646726723,0.500834318941379,3.54967827983932,0.0700104354197965,0.118196251742003,True,True,True,1.280777200428028,31.078589283663742,11.27401913875598,5.441486631016042,2.6618410041841005,12.0,2.0,True,True,225207.0,7.23960497301864,0.839169275085533,39.1511043506386,8.35052809169991e-05,0.0003347754622489,True,True,Conserved Fetal-High Candidate
ENSG00000153956,CACNA2D1,ENSMUSG00000040118,Cacna2d1,ortholog_one2one,1.0,CACNA2D1,2.60201442314568,2.89863752166389,15.7401892648895,0.0005655865817589,0.0016091476775631,True,4.63693837605469,2.89525071461073,45.4432748963204,2.7502262482393e-07,3.82351128017199e-06,True,True,True,1.7908585731076592,14.333073463749663,15.755087719298244,6.440737967914439,1.243702928870293,12.0,2.0,True,True,12293.0,3.16360776264402,4.25192637794512,296.538534098406,5.72268529769032e-10,2.02637851205981e-08,True,True,Conserved Fetal-High Candidate
ENSG00000006128,TAC1,ENSMUSG00000061762,Tac1,ortholog_one2one,1.0,TAC1,2.59864378263322,0.0072782269961059,10.4829684027002,0.0032830685125685,0.0073264309131362,True,2.71164705433929,0.120777638609098,7.98010074745706,0.008656580437133,0.0203839033444338,True,True,True,2.321544078581196,7.681653928415243,4.686016949152542,0.1567486631016043,0.1182635983263598,12.0,2.0,True,True,21333.0,0.781975694418081,3.10933899598395,14.1851843602624,0.0025868855703562,0.0064269069758766,True,True,Conserved Fetal-High Candidate
ENSG00000127084,FGD3,ENSMUSG00000037946,Fgd3,ortholog_one2one,1.0,FGD3,2.55835691921543,0.826741657669675,79.5262335487781,3.2253798379441203e-09,6.67506805274013e-08,True,2.54675759397223,0.931273999355866,59.3752692122454,2.29879426252467e-08,4.95511528488548e-07,True,True,True,1.1123166106187092,4.071523589908172,3.2695841877420824,1.7360534759358286,0.213744769874477,12.0,2.0,True,True,30938.0,1.2256443620208,2.19555720981344,22.5098949831945,0.0004483567608152,0.0014128809262709,True,True,Conserved Fetal-High Candidate
ENSG00000155755,TMEM237,ENSMUSG00000038079,Tmem237,ortholog_one2one,1.0,TMEM237,2.55443379459523,3.5913688312068,35.399274293161,3.50524767688229e-06,2.11325189716142e-05,True,2.04104250854816,3.69850848868629,24.2778860407509,4.37992656027742e-05,0.0002466747344171,True,True,True,2.091442667659909,19.29371475867605,15.681146470828237,2.503326203208556,3.3249999999999993,12.0,2.0,True,True,381259.0,1.81362313945864,3.66751056419867,67.4568083583007,2.4585638468225e-06,1.71349348008518e-05,True,True,Conserved Fetal-High Candidate
ENSG00000123094,RASSF8,ENSMUSG00000030259,Rassf8,ortholog_one2one,1.0,RASSF8,2.55125271371366,1.35885647638516,20.9226295382583,0.0001165073308278,0.0004098382724007,True,1.92505166935014,1.48327083779388,16.3955694004041,0.0003611871301126,0.0014464156662161,True,True,True,2.0644250346719857,10.984871369853044,10.7965749475891,3.1741711229946534,0.4665167364016735,12.0,2.0,True,True,71323.0,8.0418584359844,1.53275477341074,87.4377031306117,2.38822926579015e-06,1.67528369044942e-05,True,True,Conserved Fetal-High Candidate
ENSG00000066382,MPPED2,ENSMUSG00000016386,Mpped2,ortholog_one2one,1.0,MPPED2,2.53069732238068,-0.1144028137389,12.6877558855523,0.0014112757693742,0.0035314668407746,True,2.04846604471669,0.0598614888056333,7.28158083398537,0.0116495068158804,0.0261435905676613,True,True,True,2.0239597758327506,19.763765806077643,14.891261945601572,4.94394652406417,0.8708158995815899,12.0,2.0,True,True,77015.0,8.79270828747938,2.20891051322209,119.515809706785,5.48133987960099e-07,4.9814716148128e-06,True,True,Conserved Fetal-High Candidate
ENSG00000140937,CDH11,ENSMUSG00000031673,Cdh11,ortholog_one2one,1.0,CDH11,2.53056418957495,0.286874346887534,25.5776528445428,3.04413304390764e-05,0.0001315522370236,True,2.3941292348418,0.409414401561144,17.9153415606697,0.0002283218699827,0.0009850425380262,True,True,True,4.845275902625567,106.71116975274508,92.4507832792208,4.087903743315508,0.4139853556485355,12.0,2.0,True,True,12552.0,1.6736334227323,1.67349491396237,17.26084718269,0.0012853065115967,0.0035095510449956,True,True,Conserved Fetal-High Candidate
ENSG00000099864,PALM,ENSMUSG00000035863,Palm,ortholog_one2one,1.0,PALM,2.52981485538068,2.91335583678692,30.4355316891842,1.04764602013407e-05,5.35150177640602e-05,True,3.58119472718026,2.9344024145774,54.3374032803466,4.57547885847225e-08,8.69906606246289e-07,True,True,True,3.068809274299443,28.487233072357636,26.075158350421507,2.4616684491978607,1.9918619246861928,12.0,2.0,True,True,18483.0,1.78423631321612,2.64066478816295,34.6896346400428,6.72770933663121e-05,0.0002783490432191,True,True,Conserved Fetal-High Candidate
ENSG00000167552,TUBA1A,ENSMUSG00000072235,Tuba1a,ortholog_one2one,1.0,TUBA1A,2.52813130407433,5.77233594502137,13.3261453156779,0.0012545231102544,0.0031990963953404,True,2.55331923237604,5.82318068068501,13.0605718632441,0.0013371089312882,0.0042727675312473,True,True,True,4.443385704933548,541.975717612246,526.0535490543733,18.06801069518717,28.381830543933063,12.0,2.0,True,True,22142.0,1.94961599003336,1.99475719113596,36.527580583029,5.36074071384055e-05,0.0002298644182417,True,True,Conserved Fetal-High Candidate
ENSG00000114739,ACVR2B,ENSMUSG00000061393,Acvr2b,ortholog_one2one,1.0,ACVR2B,2.51282108213731,3.55211722686993,18.2478100745728,0.0002604473763084,0.0008218839019149,True,2.26664115853436,3.61976421421668,13.649392156903,0.0010529390083519,0.0035088530195742,True,True,True,1.6373324419972983,27.199139401807248,27.29453125,9.694545454545452,6.496025104602511,12.0,2.0,True,True,11481.0,1.52486992374971,3.9854498609669,95.9060754824293,3.6993328056075e-07,3.61895997158129e-06,True,True,Conserved Fetal-High Candidate
ENSG00000181690,PLAG1,ENSMUSG00000003282,Plag1,ortholog_one2one,1.0,PLAG1,2.51248708307589,3.61414461476358,57.2503421301158,7.13743188920155e-08,8.37047503681493e-07,True,2.82442909858561,3.65627243856941,105.136074208354,1.1866774996178e-10,6.056243521578831e-09,True,True,True,3.3867635217200363,47.09560824260911,46.97984935163997,5.341005347593584,1.83326359832636,12.0,2.0,True,True,56711.0,3.27714352705155,3.74157035296261,211.092656311929,4.2490533318631e-09,9.46018328769655e-08,True,True,Conserved Fetal-High Candidate
ENSG00000142303,ADAMTS10,ENSMUSG00000024299,Adamts10,ortholog_one2one,1.0,ADAMTS10,2.50601877401143,-0.998943604406188,17.7314080051659,0.0002116158640372,0.0006863039851731,True,2.16918978187218,-0.783196771897611,9.04619235212573,0.0054123156142265,0.0137362147927541,True,True,True,1.3593612507401105,6.531765510295812,5.288542780748664,1.7234545454545454,1.1785251046025105,12.0,2.0,True,True,224697.0,3.92788651282193,2.05049717047705,74.4146915078745,1.08834771681456e-06,8.75544501611424e-06,True,True,Conserved Fetal-High Candidate
ENSG00000116962,NID1,ENSMUSG00000005397,Nid1,ortholog_one2one,1.0,NID1,2.49716956121542,2.00849950066415,16.9688543313455,0.0003764280229798,0.0011283955185565,True,2.24823705374412,2.08177652310236,14.1787657565506,0.000782594579213,0.002754036317783,True,True,True,5.043157632757125,128.36668696794845,109.7564879619261,2.368385026737968,2.3498849372384933,12.0,2.0,True,True,18073.0,8.25611313236632,4.96193042274794,700.057883465864,4.9864453902772604e-14,2.6354657321073698e-11,True,True,Conserved Fetal-High Candidate
ENSG00000016082,ISL1,ENSMUSG00000042258,Isl1,ortholog_one2one,1.0,ISL1,2.49325517299981,1.71537380740041,12.0849142777294,0.0019208438817437,0.0046025179748681,True,3.98348911295918,1.76320418848207,17.6628237341807,0.0002536637993299,0.0010748655057322,True,True,True,1.5479257820031678,14.136953532820984,3.759610745614035,1.0434010695187166,0.2121861924686192,12.0,2.0,True,True,16392.0,4.60661687459118,4.27602578588967,321.828336838387,3.72586573099932e-10,1.47040789198635e-08,True,True,Conserved Fetal-High Candidate
ENSG00000183186,C2CD4C,ENSMUSG00000045912,C2cd4c,ortholog_one2one,1.0,C2CD4C,2.49288066369772,-1.3970309073796,23.9758236324872,2.6774795835121e-05,0.0001179749926028,True,3.04607081674866,-1.25529114983916,19.9040648824296,0.000120736636834,0.0005741816632919,True,True,True,0.684619531994216,2.3422328723549524,1.6734191074882565,1.326641711229947,0.0,12.0,2.0,True,True,237397.0,0.952117245373575,2.23784238341869,13.4485898622366,0.0031093675317987,0.0075241947143528,True,True,Conserved Fetal-High Candidate
ENSG00000177732,SOX12,ENSMUSG00000051817,Sox12,ortholog_one2one,1.0,SOX12,2.49060929158437,2.98999230286382,39.0455902825374,1.6768500442787e-06,1.12884198929311e-05,True,2.13640200830922,3.08276975909769,26.1290433937526,2.4885390266767e-05,0.0001560575684528,True,True,True,2.095383175025832,20.874397216173488,15.587596486887676,4.579550802139037,1.1836401673640164,12.0,2.0,True,True,20667.0,2.33442431298154,4.65172754562376,213.349834173545,3.94300473449061e-09,8.86776436402161e-08,True,True,Conserved Fetal-High Candidate
ENSG00000188921,HACD4,ENSMUSG00000028497,Hacd4,ortholog_one2one,1.0,HACD4,2.48515136905895,0.833795129208977,39.5765549565702,1.43898926138366e-06,9.88172656552337e-06,True,2.12457233460005,0.960647022350491,23.4972693674727,4.1360669219158e-05,0.0002360528682116,True,True,True,1.710511890882097,13.96840081211379,13.734402319357711,3.689754010695187,3.3144874476987445,12.0,2.0,True,True,66775.0,0.859621402875851,2.72675216764697,14.2705802381467,0.002533918540479,0.0063200808257657,True,True,Conserved Fetal-High Candidate
ENSG00000178695,KCTD12,ENSMUSG00000098557,Kctd12,ortholog_one2one,1.0,KCTD12,2.48204299604471,5.35589605423658,17.0516561822922,0.0003743380519554,0.0011232668735385,True,2.3022491200491,5.41597517115668,15.5024767435214,0.0005883176193584,0.0021734058614238,True,True,True,0.6804570846335466,108.85657031034364,87.55208651642474,62.80896256684494,45.69829497907951,12.0,2.0,True,True,239217.0,0.801190598313721,5.22426065458548,40.0285350231614,3.41088019902775e-05,0.0001555127867255,True,True,Conserved Fetal-High Candidate
ENSG00000073712,FERMT2,ENSMUSG00000037712,Fermt2,ortholog_one2one,1.0,FERMT2,2.45269046573886,1.83760100584299,18.2767110867153,0.0002525109484464,0.0007995355569777,True,2.00025521977855,1.94681035869526,13.3945513268023,0.0010413482996747,0.0034782436373351,True,True,True,4.531502258231195,120.39451837621148,98.8589745670996,4.3650802139037435,2.270648535564854,12.0,2.0,True,True,218952.0,5.75533323741871,2.98555896354122,193.617712945111,1.2285643148813701e-09,3.56363949636832e-08,True,True,Conserved Fetal-High Candidate
ENSG00000241839,PLEKHO2,ENSMUSG00000050721,Plekho2,ortholog_one2one,1.0,PLEKHO2,2.45153860379532,0.398631319549208,37.1133656565337,2.20332954482858e-06,1.42188733130698e-05,True,2.42638758366403,0.508830219127462,30.4660538580607,6.97418027969602e-06,5.43892027924878e-05,True,True,True,1.7105991553426465,16.980312856572468,16.79268008474576,6.665572192513367,2.2069351464435143,12.0,2.0,True,True,102595.0,3.79375554691507,1.25246791878121,60.6779782623935,1.76825472483425e-06,1.30285242979763e-05,True,True,Conserved Fetal-High Candidate
ENSG00000109472,CPE,ENSMUSG00000037852,Cpe,ortholog_one2one,1.0,CPE,2.44185848271694,4.60911310036009,33.2565955444989,5.52304144990279e-06,3.11036281082742e-05,True,3.11401488896915,4.61492717583917,35.0127751180685,3.38112386256149e-06,2.99027835184337e-05,True,True,True,2.7142302893906196,82.95293452706662,72.7014937106918,12.692491978609628,7.769152719665272,12.0,2.0,True,True,12876.0,2.4617980227499,6.20814806305325,424.191269027534,6.7695890144374e-11,4.19210735526603e-09,True,True,Conserved Fetal-High Candidate
ENSG00000164692,COL1A2,ENSMUSG00000029661,Col1a2,ortholog_one2one,1.0,COL1A2,2.43857351042474,3.51698631681184,7.3443807047876,0.0121761035068858,0.0229564097824944,True,3.36265969086825,3.5217583545727,15.803089496616,0.0004655400741476,0.0017891586637011,True,True,True,5.048766438068645,1459.765980110825,1011.9796089779788,34.660481283422456,24.546443514644363,12.0,2.0,True,True,12843.0,6.67319870599809,2.98980579420514,166.105354439198,8.22044986896245e-10,2.61835094630062e-08,True,True,Conserved Fetal-High Candidate
ENSG00000111716,LDHB,ENSMUSG00000030246,Ldhb,ortholog_one2one,1.0,LDHB,2.43725427308081,9.09346443703526,47.0159077798413,3.76583173091014e-07,3.27853654411245e-06,True,1.79136446188059,9.1993396476152,36.0284392289465,2.93863008134932e-06,2.69224441243788e-05,True,True,True,1.179675458019093,545.1465274537333,527.81952876377,268.0611871657754,196.8344142259414,12.0,2.0,True,True,16832.0,4.58014338178347,1.58308730589269,92.3090254996804,8.24452414399449e-08,1.03946585656385e-06,True,True,Conserved Fetal-High Candidate
ENSG00000135917,SLC19A3,ENSMUSG00000038496,Slc19a3,ortholog_one2one,1.0,SLC19A3,2.43336297829611,4.59765530483473,39.4390788489381,1.5364307705932e-06,1.04619696171492e-05,True,2.37666973344954,4.65402358739551,39.833442682284,1.3392359978932e-06,1.41352938171794e-05,True,True,True,1.8352740327987904,33.935870233000834,31.18872889771599,9.264909090909091,6.776119246861924,12.0,2.0,True,True,80721.0,1.97976681483846,1.96115828843021,31.4480922622013,0.0001069427628663,0.0004117512853681,True,True,Conserved Fetal-High Candidate
ENSG00000091986,CCDC80,ENSMUSG00000022665,Ccdc80,ortholog_one2one,1.0,CCDC80,2.41509728996359,2.12411171056739,10.8198091553418,0.0030662613632134,0.0069023880446405,True,2.62208208141046,2.1674838933841,14.7984091577677,0.0006227877988522,0.0022793954620721,True,True,True,4.57754264840626,100.18720975476332,100.8314909261577,2.7193475935828877,3.8103661087866105,12.0,2.0,True,True,67896.0,7.27937511214781,0.87234292752262,47.4919824791973,3.69020078469688e-05,0.0001664904549219,True,True,Conserved Fetal-High Candidate
ENSG00000157168,NRG1,ENSMUSG00000062991,Nrg1,ortholog_one2one,1.0,NRG1,2.41463505175935,-0.697561737419729,12.1600592727786,0.0016013284774216,0.0039311445087866,True,2.14284073783968,-0.535854568571857,6.62952604864799,0.0154586589281946,0.0331036220809617,True,True,True,2.007127668412047,10.53793729226461,5.449649122807017,0.2694545454545454,0.9394769874476988,12.0,2.0,True,True,211323.0,4.48979357182104,1.04792163691178,46.8263770749108,4.16855250266423e-06,2.64034766986069e-05,True,True,Conserved Fetal-High Candidate
ENSG00000135299,ANKRD6,ENSMUSG00000040183,Ankrd6,ortholog_one2one,1.0,ANKRD6,2.40480690529479,0.64680803042539,17.9521544944481,0.0002691674832766,0.0008443064017599,True,2.37089111054117,0.743061766139321,12.9204820717404,0.0012436804219054,0.0040276862039758,True,True,True,0.7222949578346742,4.7288389345023285,3.656878337147216,1.097336898395722,2.5480334728033474,12.0,2.0,True,True,140577.0,1.09876601229823,2.44248676379005,21.6485296674713,0.000525295417032,0.0016223111070203,True,True,Conserved Fetal-High Candidate
ENSG00000140905,GCSH,ENSMUSG00000034424,Gcsh,ortholog_one2one,1.0,GCSH,2.40449967381338,6.11935861544242,34.6028593296089,4.12599181148604e-06,2.4265963750053e-05,True,1.91734788029956,6.2144173867422,26.2555268976112,2.75933694583977e-05,0.0001695800801547,True,True,True,0.7104807131356333,64.35282037744442,61.31996710526316,39.92470588235291,34.24481171548117,12.0,2.0,True,True,68133.0,0.534888338964402,5.49833053348815,25.7576603071503,0.0002537685927626,0.0008606532849851,True,True,Conserved Fetal-High Candidate
ENSG00000142694,EVA1B,ENSMUSG00000050212,Eva1b,ortholog_one2one,1.0,EVA1B,2.39030682305803,0.738937850090247,21.8285122988312,8.77949669571365e-05,0.0003222630540845,True,1.89753644746277,0.860434366250647,14.1621670392622,0.0007798654462129,0.0027459872610971,True,True,True,2.362428192848763,35.70582126836444,29.524923012318027,8.355914438502676,1.5160564853556486,12.0,2.0,True,True,230752.0,2.28962167074376,1.88712319323471,48.8382237508094,1.33007417691117e-05,6.99392084968219e-05,True,True,Conserved Fetal-High Candidate
ENSG00000121207,LRAT,ENSMUSG00000028003,Lrat,ortholog_one2one,1.0,LRAT,2.38400063616911,3.41129709553861,9.18580260008316,0.005738111951001,0.0119179780814074,True,4.8271167415115,3.37922929221256,33.7186730807327,3.11632245375432e-06,2.81052116515306e-05,True,True,True,1.5907197173874783,18.857568341294197,7.192123469049983,2.4437860962566855,0.995878661087866,12.0,2.0,True,True,79235.0,0.94941132130129,6.00219218983651,36.7819192187083,5.09863945998706e-05,0.0002197581281005,True,True,Conserved Fetal-High Candidate
ENSG00000135446,CDK4,ENSMUSG00000006728,Cdk4,ortholog_one2one,1.0,CDK4,2.3817498681642,7.20952227618928,103.229149518377,2.7485453157599e-10,8.836598041391551e-09,True,1.72323208329798,7.32013358861075,87.7298960211498,1.2525617927060802e-09,4.41426918037453e-08,True,True,True,1.694481882238202,124.55409026407152,114.23974367737526,44.60155080213902,24.608682008368213,12.0,2.0,True,True,12567.0,0.779590516516871,7.90273881943597,73.4315582436997,1.56750661373092e-06,1.18510977031309e-05,True,True,Conserved Fetal-High Candidate
ENSG00000006468,ETV1,ENSMUSG00000004151,Etv1,ortholog_one2one,1.0,ETV1,2.381008403441,1.55693677247527,28.9892578869096,1.4671578064036e-05,7.11769271774539e-05,True,2.80788450621338,1.6157206450713,33.0384343624447,3.58555131038122e-06,3.13749300745007e-05,True,True,True,2.816393833990485,67.87617096415153,36.33047238372093,5.201294117647059,3.3979393305439327,12.0,2.0,True,True,14009.0,3.72828373924348,3.17407492004842,125.09536182643,8.91565037512539e-08,1.11060692724368e-06,True,True,Conserved Fetal-High Candidate
ENSG00000184489,PTP4A3,ENSMUSG00000059895,Ptp4a3,ortholog_one2one,1.0,PTP4A3,2.38018450888529,2.77569988631556,64.143921428842,2.63298282668842e-08,3.66289527978822e-07,True,1.64306210962747,2.92325995582426,36.5435746157025,2.30949167954339e-06,2.22141350462511e-05,True,True,True,1.6558646691905654,26.89841685330161,24.887139942880456,11.22897326203209,3.201464435146444,12.0,2.0,True,True,19245.0,0.744171149034862,3.79659437125031,17.3655019472696,0.0012437967659324,0.0034116007708333,True,True,Conserved Fetal-High Candidate
ENSG00000167100,SAMD14,ENSMUSG00000047181,Samd14,ortholog_one2one,1.0,SAMD14,2.35951848839489,-0.460939127642572,17.4429251743985,0.0002715403931024,0.0008505490924891,True,2.41651060733568,-0.282454641901152,10.8470646818159,0.0026618480621427,0.0075978934895844,True,True,True,1.9250779666507127,5.502633879128048,3.4792860057119546,0.1013368983957219,0.2576882845188284,12.0,2.0,True,True,217125.0,1.79497562578033,2.58597831542856,36.4106577658341,5.36948620202833e-05,0.0002300171791949,True,True,Conserved Fetal-High Candidate
ENSG00000178573,MAF,ENSMUSG00000055435,Maf,ortholog_one2one,1.0,MAF,2.35824976030155,6.30158514345862,8.43577294585004,0.0077362278209777,0.0154091860216404,True,5.24570741290874,6.25039737228465,33.7825126503219,4.13471521566697e-06,3.52384962781205e-05,True,True,True,2.821038756060268,88.68297216964287,68.17505434782609,8.960235294117648,8.617489539748954,12.0,2.0,True,True,17132.0,0.70500118878523,6.8603318104781,56.715142584427,6.04513373178458e-06,3.63855834109312e-05,True,True,Conserved Fetal-High Candidate
ENSG00000124067,SLC12A4,ENSMUSG00000017765,Slc12a4,ortholog_one2one,1.0,SLC12A4,2.35116013040848,1.22009928127473,45.3509775792645,5.06218192918292e-07,4.20956653503008e-06,True,2.41826096834445,1.29831809148935,43.3382191836164,3.72950864788534e-07,4.87674710309769e-06,True,True,True,1.8821070503853456,16.94227989883102,16.12018452982811,5.5633048128342235,1.7256694560669457,12.0,2.0,True,True,20498.0,6.76531588175677,0.449907955364063,38.2120975831947,9.25168585768478e-05,0.0003634610372063,True,True,Conserved Fetal-High Candidate
ENSG00000106484,MEST,ENSMUSG00000051855,Mest,ortholog_one2one,1.0,MEST,2.34902680046914,6.45599470305525,104.142421389002,2.51674582399048e-10,8.234637227872561e-09,True,1.90337033855984,6.54818491115849,64.7402760917766,2.22203944022573e-08,4.8135865626463e-07,True,True,True,3.631267938480797,223.86561448498568,208.0250922761449,17.957379679144402,13.779728033472804,12.0,2.0,True,True,17294.0,2.81508648176528,3.78591430049436,176.023672474504,1.20835358587356e-08,2.17112275874772e-07,True,True,Conserved Fetal-High Candidate
ENSG00000103202,NME4,ENSMUSG00000024177,Nme4,ortholog_one2one,1.0,NME4,2.34829496735822,7.02730758821164,35.1224252956933,3.69505085241626e-06,2.20821207075996e-05,True,1.67597316617775,7.14035234584102,20.1495601473991,0.0001419758919875,0.0006606504901494,True,True,True,1.5689720770790805,139.47679616894985,103.23863465481888,35.67363636363634,32.59330543933053,12.0,2.0,True,True,56520.0,0.714886288497228,3.36671930228387,14.2579711601953,0.0025410632149175,0.0063343410678546,True,True,Conserved Fetal-High Candidate
ENSG00000121211,MND1,ENSMUSG00000033752,Mnd1,ortholog_one2one,1.0,MND1,2.3427703238263,3.9432237610868,36.6777218588784,2.68111799445474e-06,1.67992090433957e-05,True,1.74714994486136,4.05134112045289,23.4743829763016,5.60198787516258e-05,0.0003039577661345,True,True,True,0.6693187079131668,13.199008646415848,13.893637377341658,10.524727272727272,6.205617154811714,12.0,2.0,True,True,76915.0,1.10781356622187,0.952120589044966,7.95086796920487,0.0152496873879705,0.0299632808303401,True,True,Conserved Fetal-High Candidate
ENSG00000196924,FLNA,ENSMUSG00000031328,Flna,ortholog_one2one,1.0,FLNA,2.33720833619674,3.51380267253299,18.9914215707942,0.0002061627920896,0.0006708214276283,True,2.36575788562519,3.58172056620172,16.269332497705,0.0004362924067834,0.0016943925341329,True,True,True,3.593802421157909,301.81780512119036,187.049322169059,15.11882352941176,14.031276150627615,12.0,2.0,True,True,192176.0,1.15262432596028,5.56471818129407,91.378303093482,4.81884118526095e-07,4.50548114751154e-06,True,True,Conserved Fetal-High Candidate
ENSG00000113594,LIFR,ENSMUSG00000054263,Lifr,ortholog_one2one,1.0,LIFR,2.31632001714216,1.87250682540213,10.8222876578071,0.0030518563161949,0.0068743131186659,True,2.04239095141236,1.95716621090796,8.61975699988307,0.0065928690992272,0.0162321014287138,True,True,True,2.3209222154546434,37.75373025518098,33.03737034574469,7.688502673796789,3.9359414225941425,12.0,2.0,True,True,16880.0,5.78210026134196,3.29118283264287,244.571600394234,4.951602820358801e-10,1.80124699317642e-08,True,True,Conserved Fetal-High Candidate
ENSG00000180611,MB21D2,ENSMUSG00000051065,Mb21d2,ortholog_one2one,1.0,MB21D2,2.31605307752861,3.2673982897079,56.3435728912771,8.22522243774761e-08,9.42243748200481e-07,True,2.81120722702521,3.31249888471859,66.6381246061824,9.869292068432651e-09,2.45166641327336e-07,True,True,True,1.250593720204683,13.714911300633815,10.134542036910457,5.365796791443851,1.993347280334728,12.0,2.0,True,True,239796.0,0.756657945966473,4.0964391912062,22.0986246346158,0.0004824283992251,0.0015056379998319,True,True,Conserved Fetal-High Candidate
ENSG00000243279,PRAF2,ENSMUSG00000031149,Praf2,ortholog_one2one,1.0,PRAF2,2.31407868202921,2.4607214085951,25.0713563488096,3.85155733320408e-05,0.0001605176695429,True,2.44091613056192,2.52315139610513,24.9234033147443,2.93356998854717e-05,0.0001783577660871,True,True,True,3.226371595214547,39.791572627967696,41.8058172147002,1.6192513368983956,5.5281589958158985,12.0,2.0,True,True,54637.0,0.600755671620648,2.99245075084695,9.41535009429438,0.0095129882750196,0.0197899884208767,True,True,Conserved Fetal-High Candidate
ENSG00000144893,MED12L,ENSMUSG00000056476,Med12l,ortholog_one2one,1.0,MED12L,2.31004805894953,0.723667402994088,20.1384504380334,0.0001425157296293,0.0004874496676725,True,4.29698149517433,0.756260671655816,75.1678530240651,3.0723724627389203e-09,9.23948127789353e-08,True,True,True,0.5309321034775013,3.369294029263481,2.1124281503316142,1.165497326203209,1.1427719665271965,12.0,2.0,True,True,329650.0,2.75450106789378,2.02942124621927,33.5507098348,7.9929417564554e-05,0.0003220884580673,True,True,Conserved Fetal-High Candidate
ENSG00000105290,APLP1,ENSMUSG00000006651,Aplp1,ortholog_one2one,1.0,APLP1,2.30215781946458,0.206415632213236,13.5062379451556,0.0011147545471271,0.002891628405803,True,3.5073333154494,0.277146954772873,23.3838377698551,4.6323287289102e-05,0.0002589567271393,True,True,True,2.6699329514097694,12.006336276770812,11.26571002979146,0.5134224598930481,1.3412970711297074,12.0,2.0,True,True,11803.0,1.95730936308467,5.023705038083,139.756711267988,4.50548484996566e-08,6.35445183182657e-07,True,True,Conserved Fetal-High Candidate
ENSG00000108852,MPP2,ENSMUSG00000017314,Mpp2,ortholog_one2one,1.0,MPP2,2.30007581353475,-1.29568186018199,29.119456231329,6.9015875587014e-06,3.75640945343024e-05,True,2.28723569261498,-1.12339265364664,19.9362467982152,0.0001140930052811,0.000549317932197,True,True,True,1.501098575931627,4.893868885362719,3.2206446648426814,0.6737647058823529,0.3084100418410042,12.0,2.0,True,True,50997.0,3.28499540358018,1.31518536880072,46.5695153964382,1.18282221163985e-05,6.33981277205032e-05,True,True,Conserved Fetal-High Candidate
ENSG00000169105,CHST14,ENSMUSG00000074916,Chst14,ortholog_one2one,1.0,CHST14,2.29425902596859,2.13027606463314,35.2939165457648,3.62141789053043e-06,2.17004343362792e-05,True,2.06958752182164,2.22470608301998,22.6960019271582,5.4923513337252e-05,0.0002989437902848,True,True,True,2.832192390063427,14.074421368989029,14.407262311901505,1.4805775401069523,0.8463598326359832,12.0,2.0,True,True,72136.0,1.48296758696976,1.41182634908778,17.5549569430265,0.0012082360705776,0.0033284616270784,True,True,Conserved Fetal-High Candidate
ENSG00000131016,AKAP12,ENSMUSG00000038587,Akap12,ortholog_one2one,1.0,AKAP12,2.28968850932216,3.03851024686532,10.7168955985163,0.0031931286337485,0.0071481533592817,True,2.08084970877965,3.09912818850133,8.68023655209531,0.0067185973165149,0.0164802234430544,True,True,True,4.787327784166171,206.7255761181933,171.10250262054512,7.06620320855615,3.398671548117155,12.0,2.0,True,True,83397.0,4.60241161892992,2.22237947033521,128.793952736195,2.80072680532572e-08,4.3258557640495e-07,True,True,Conserved Fetal-High Candidate
ENSG00000150471,ADGRL3,ENSMUSG00000037605,Adgrl3,ortholog_one2one,1.0,ADGRL3,2.28897624321346,-0.506400149919283,16.8626151365213,0.0003279413065,0.0010004235566686,True,2.2252385676422,-0.370701133618615,12.3335014758891,0.0015055737942935,0.004720765536426,True,True,True,0.9379777814196514,31.84837698760743,20.695921052631583,18.71211764705883,1.936861924686192,12.0,2.0,True,True,319387.0,2.84529958241421,1.14655819925537,37.2988162255674,4.00381588161764e-05,0.0001783432741647,True,True,Conserved Fetal-High Candidate
ENSG00000070404,FSTL3,ENSMUSG00000020325,Fstl3,ortholog_one2one,1.0,FSTL3,2.28677329753607,2.39510160312917,70.9474973480769,1.05566707007748e-08,1.71560373298971e-07,True,2.25051186444512,2.47436754180266,51.3859150507106,9.77248728910411e-08,1.62270047311516e-06,True,True,True,2.164808848598954,11.83579701420419,11.580188787185351,1.5334010695187166,2.077656903765691,12.0,2.0,True,True,83554.0,1.14106072608082,1.77910224400578,8.71716602986959,0.0118476846325999,0.0239471797781137,True,True,Conserved Fetal-High Candidate
ENSG00000128591,FLNC,ENSMUSG00000068699,Flnc,ortholog_one2one,1.0,FLNC,2.28076782002418,0.376134111445516,15.6510165286819,0.0005510164743614,0.0015719707794724,True,2.6668338998312,0.461650012825092,12.8592447315969,0.0012785445550175,0.0041183042730026,True,True,True,4.6904693937119655,61.75220683058247,49.00880612548321,1.1720962566844917,0.7014121338912134,12.0,2.0,True,True,68794.0,7.30160632568574,0.891322049875286,46.0664839753784,4.20501825032461e-05,0.0001861842799628,True,True,Conserved Fetal-High Candidate
ENSG00000198960,ARMCX6,ENSMUSG00000050394,Armcx6,ortholog_one2one,1.0,ARMCX6,2.27481317932026,5.3538522001099,180.262856117944,7.98420966931184e-13,7.27955198516385e-11,True,2.15205215903306,5.41409120248711,185.957295943575,5.014294605670479e-13,6.4931373132533e-11,True,True,True,1.7178679633150806,76.22826396877944,73.88083152958151,22.833614973262023,20.69357740585775,12.0,2.0,True,True,278097.0,8.06131819265879,1.54969331897075,87.8797505578857,2.33289592772422e-06,1.64238262598186e-05,True,True,Conserved Fetal-High Candidate
ENSG00000177614,PGBD5,ENSMUSG00000050751,Pgbd5,ortholog_one2one,1.0,PGBD5,2.27117320696614,1.09177491202086,16.9844719025747,0.0003703971881466,0.001112944331259,True,1.90218192238657,1.19972882330453,11.9450902950938,0.0017388745576554,0.0053243252734141,True,True,True,2.1212794125009538,15.32872347167809,11.183611600264143,2.7489304812834225,0.8517050209205022,12.0,2.0,True,True,209966.0,2.13150415411153,0.900691479424568,12.9704978592792,0.003429681677028,0.0081809369211072,True,True,Conserved Fetal-High Candidate
ENSG00000062038,CDH3,ENSMUSG00000061048,Cdh3,ortholog_one2one,1.0,CDH3,2.24430728923048,1.08770519877815,10.6846779735476,0.0031723358613591,0.0071114562197835,True,2.20031554256555,1.18018027232486,9.62805258366216,0.0043269292654116,0.0114021984912894,True,True,True,2.770628124472688,15.12611379657318,10.323005704256252,0.9220213903743316,0.3965376569037657,12.0,2.0,True,True,12560.0,5.82349187514451,2.21383473658599,86.9719831270718,7.81930894936752e-08,9.99100569595769e-07,True,True,Conserved Fetal-High Candidate
ENSG00000115414,FN1,ENSMUSG00000026193,Fn1,ortholog_one2one,1.0,FN1,2.23844157802665,4.6988461482048,21.2463114916952,0.0001079701843791,0.0003839751755425,True,1.53119582373833,4.81254139167759,14.5888422050458,0.0007945975628862,0.0027901905266187,True,True,True,3.1554852205495725,385.0212232746737,300.72508771929824,31.08944385026737,34.635041841004195,12.0,2.0,True,True,14268.0,5.84286243063154,4.69616453925015,459.304747510618,4.53095032195606e-11,3.08932294981647e-09,True,True,Conserved Fetal-High Candidate
ENSG00000197043,ANXA6,ENSMUSG00000018340,Anxa6,ortholog_one2one,1.0,ANXA6,2.23376629424798,2.69254189320621,38.2085049907329,1.9829599177335e-06,1.29996476317787e-05,True,2.14591019109378,2.7651204074886,34.7328168536496,2.99082035298436e-06,2.72381888533482e-05,True,True,True,3.7286798365982903,57.884694024073106,64.85085561497323,5.564395721925135,2.3701255230125526,12.0,2.0,True,True,11749.0,2.94613516104027,3.34958927278112,140.790060410082,4.38131580064081e-08,6.21749815462695e-07,True,True,Conserved Fetal-High Candidate
ENSG00000113552,GNPDA1,ENSMUSG00000052102,Gnpda1,ortholog_one2one,1.0,GNPDA1,2.22679649007922,5.29356122044581,59.1711084075878,5.29912343394282e-08,6.56080191727503e-07,True,2.15950638854062,5.34828502946579,60.1576664521931,4.33628145955286e-08,8.32335795200899e-07,True,True,True,1.3580846944823546,27.582813646998886,25.650578399122807,11.271935828877004,7.520836820083685,12.0,2.0,True,True,26384.0,2.04241389162972,4.86352233133493,197.903238212348,6.10355222177565e-09,1.27972746898773e-07,True,True,Conserved Fetal-High Candidate
ENSG00000112655,PTK7,ENSMUSG00000023972,Ptk7,ortholog_one2one,1.0,PTK7,2.2192112448115,3.56676743438103,37.2518418486862,2.38811513071896e-06,1.52691487950563e-05,True,1.44315396651654,3.71496297006406,15.7517975513983,0.0005378036143978,0.0020212190420253,True,True,True,1.4198451419229907,32.45865944811664,13.263339345172028,2.617197860962568,6.0447175732217575,12.0,2.0,True,True,71461.0,1.1041122858851,5.10883014663883,43.3524578006337,2.31887492629723e-05,0.0001123898826673,True,True,Conserved Fetal-High Candidate
ENSG00000187325,TAF9B,ENSMUSG00000047242,Taf9b,ortholog_one2one,1.0,TAF9B,2.21625013053747,2.79119271895444,75.8192073560048,5.6488054446797305e-09,1.04397205822205e-07,True,1.94324728532417,2.88651278288991,56.8900698832526,5.14578170825928e-08,9.51914756947922e-07,True,True,True,1.0536901614140777,27.119241700340567,23.37714912280702,11.152427807486635,10.334194560669458,12.0,2.0,True,True,407786.0,1.19906923953701,2.07712791087622,16.7341319474655,0.0014315768306273,0.0038583024135573,True,True,Conserved Fetal-High Candidate
ENSG00000187240,DYNC2H1,ENSMUSG00000047193,Dync2h1,ortholog_one2one,1.0,DYNC2H1,2.21412794655241,2.22450111843389,28.6552304528576,1.59311323741137e-05,7.62421540994257e-05,True,1.86298904352321,2.31856777310627,27.0655660408234,1.77924990417395e-05,0.0001186987479324,True,True,True,1.7197726611445705,38.55934563960098,32.671652476780196,12.679379679144391,5.7658158995815905,12.0,2.0,True,True,110350.0,1.94901738435517,4.73729508679063,202.649002808574,5.31869172239192e-09,1.14767695644833e-07,True,True,Conserved Fetal-High Candidate
ENSG00000276023,DUSP14,ENSMUSG00000018648,Dusp14,ortholog_one2one,1.0,DUSP14,2.20794362607421,2.58031487612364,58.4043929050613,6.06261414610744e-08,7.38268608929069e-07,True,1.79378138458006,2.707950907109,31.0587593990658,7.32038463860243e-06,5.65301799061101e-05,True,True,True,1.0798653163399776,10.917970478553505,9.715048266783676,3.259893048128345,4.878106694560668,12.0,2.0,True,True,56405.0,3.59010955247315,1.75971054803097,68.5863236875747,1.70345313373738e-06,1.26490658240823e-05,True,True,Conserved Fetal-High Candidate
ENSG00000132688,NES,ENSMUSG00000004891,Nes,ortholog_one2one,1.0,NES,2.19120640460413,1.05479928799304,18.9255545788565,0.0002060128868691,0.000670456363838,True,1.64830507187679,1.17811646512728,12.0811652938374,0.0016515497893684,0.0051046832819953,True,True,True,3.9495882346897457,84.97962779065976,59.16975520195839,3.4897860962566853,2.2988912133891217,12.0,2.0,True,True,18008.0,7.27798040085129,4.39911747410449,206.05497270588,8.13586443976409e-10,2.59946443480727e-08,True,True,Conserved Fetal-High Candidate
ENSG00000188338,SLC38A3,ENSMUSG00000010064,Slc38a3,ortholog_one2one,1.0,SLC38A3,2.18876082538959,-1.01263995147361,16.9971938946335,0.0002851740906965,0.0008873136434185,True,3.521338171126,-0.891076299569644,16.1981439077666,0.000405713597477,0.0015934681628388,True,True,True,0.6687734283699865,0.8774156992577167,0.6396989160979527,0.0,0.0628765690376569,12.0,2.0,True,True,76257.0,5.66638847891456,2.90457954061049,89.1350580261882,1.76672901204169e-07,1.96898631905211e-06,True,True,Conserved Fetal-High Candidate
ENSG00000174080,CTSF,ENSMUSG00000083282,Ctsf,ortholog_one2one,1.0,CTSF,2.18797359403665,1.9564662045895,26.6764975708445,2.57442326051507e-05,0.0001141982813091,True,1.76721149349579,2.07292665411169,18.2806596548434,0.0002085488498819,0.000913238127944,True,True,True,1.5948287019694192,17.906107608411236,21.8436964107677,6.5725454545454545,6.552792887029289,12.0,2.0,True,True,56464.0,3.78374116356244,2.09548986438723,69.38285883744,1.77229953343689e-06,1.30442638783609e-05,True,True,Conserved Fetal-High Candidate
ENSG00000104290,FZD3,ENSMUSG00000007989,Fzd3,ortholog_one2one,1.0,FZD3,2.18454259342204,3.52034427351301,31.4968007001404,8.1871133612888e-06,4.35022978034529e-05,True,1.84327274226017,3.60549339132989,23.950149106575,4.80605117686613e-05,0.0002667773513147,True,True,True,2.026907352913752,38.4102504997307,36.68006673881674,10.87547593582888,5.616433054393306,12.0,2.0,True,True,14365.0,5.79587088421414,3.91020506363926,290.932552715133,4.38555830990631e-10,1.63555527557682e-08,True,True,Conserved Fetal-High Candidate
ENSG00000095739,BAMBI,ENSMUSG00000024232,Bambi,ortholog_one2one,1.0,BAMBI,2.17725620393526,4.88856764060941,15.4577630041562,0.0006183296658927,0.0017364212809835,True,2.99542558538799,4.89459673186127,26.6408250271959,2.43410528516678e-05,0.0001533120529763,True,True,True,2.224333342925525,39.35613511078481,35.46254385964911,7.820010695187166,5.78578451882845,12.0,2.0,True,True,68010.0,2.7155836183399,3.1164344840987,107.443185005049,2.00052093573205e-07,2.19037300479741e-06,True,True,Conserved Fetal-High Candidate
ENSG00000182175,RGMA,ENSMUSG00000070509,Rgma,ortholog_one2one,1.0,RGMA,2.17550285676939,-0.122802672968067,11.3452696182936,0.0023557835895529,0.0055001282256941,True,1.74238459656016,0.0484310218725643,5.78134957547214,0.0230060590666204,0.0461824545261449,True,True,True,3.191294599090515,13.34034443689748,10.824258373205742,0.5511336898395722,0.0378451882845188,12.0,2.0,True,True,244058.0,4.39591940343833,1.76583729400623,101.143535661308,8.07139610281978e-08,1.02247923608889e-06,True,True,Conserved Fetal-High Candidate
ENSG00000134871,COL4A2,ENSMUSG00000031503,Col4a2,ortholog_one2one,1.0,COL4A2,2.17531069291711,4.7111575730014,70.2241090325971,1.13029857863467e-08,1.81860438276432e-07,True,2.64229237795037,4.72734692449597,87.734857840726,1.18244221297826e-09,4.20445436057352e-08,True,True,True,3.653216127685928,141.14689372190193,127.43711760461758,12.34267379679144,6.074372384937239,12.0,2.0,True,True,12827.0,9.33215025939185,2.7037466944921,151.328674791037,1.7632778014321e-07,1.96783576263764e-06,True,True,Conserved Fetal-High Candidate
ENSG00000128045,RASL11B,ENSMUSG00000049907,Rasl11b,ortholog_one2one,1.0,RASL11B,2.17406399016118,1.76328902541368,8.14983024820204,0.0086685500339536,0.0170428122363885,True,3.28745922861967,1.79923016138055,14.1243150820988,0.00080842327997,0.002828177571379,True,True,True,1.7644391210248818,20.437130425913185,14.57661931818182,3.2091657754010696,3.960512552301256,12.0,2.0,True,True,68939.0,1.79628357005029,2.79822720743815,55.259312762396,6.92996070449915e-06,4.06635067517416e-05,True,True,Conserved Fetal-High Candidate
ENSG00000164638,SLC29A4,ENSMUSG00000050822,Slc29a4,ortholog_one2one,1.0,SLC29A4,2.16745577376091,2.77276993437463,35.2600507790792,3.62801779300965e-06,2.17301220966336e-05,True,3.0570226635515,2.78962149238105,98.926720869578,1.03486495249848e-10,5.360291539030921e-09,True,True,True,2.040495285559036,18.30425066939658,15.81584990749306,5.301133689839571,0.8740690376569039,12.0,2.0,True,True,243328.0,2.66591403417955,2.03922529689198,44.3167539308118,2.14401220940893e-05,0.000104907675693,True,True,Conserved Fetal-High Candidate
ENSG00000113369,ARRDC3,ENSMUSG00000074794,Arrdc3,ortholog_one2one,1.0,ARRDC3,2.15923945850529,5.66247556153679,20.0471872731871,0.000151383666651,0.000513243747023,True,2.26207987138554,5.70510829204394,21.392257601918,0.0001001506777752,0.0004928572208608,True,True,True,2.547458120528049,163.42387756101795,157.48588768115945,25.610609625668452,26.60936192468619,12.0,2.0,True,True,105171.0,0.770605766252928,5.52315960226119,53.1327769294863,8.42948508436802e-06,4.75224441564244e-05,True,True,Conserved Fetal-High Candidate
ENSG00000131711,MAP1B,ENSMUSG00000052727,Map1b,ortholog_one2one,1.0,MAP1B,2.15885010702099,2.165105747718,11.7410685406268,0.0021725214716381,0.0051145735228091,True,2.32506013571418,2.19836774524475,12.6760823094882,0.0013486975147443,0.0043027393410266,True,True,True,3.7270567423101006,132.87467213471004,92.68750816993465,4.9295401069518725,7.220439330543935,12.0,2.0,True,True,17755.0,2.97947166323503,6.62334370440192,455.802861446607,4.40256084068859e-11,3.0214275790169e-09,True,True,Conserved Fetal-High Candidate
ENSG00000112290,WASF1,ENSMUSG00000019831,Wasf1,ortholog_one2one,1.0,WASF1,2.15129504925353,2.07254033586001,14.3914676030501,0.000861622273394,0.0023143650700517,True,2.10513859380972,2.14541887468064,11.6787023003928,0.0019656634724,0.0059123232055965,True,True,True,2.591052802055796,34.65321316933583,16.74534854423292,2.7680748663101604,1.1221234309623431,12.0,2.0,True,True,83767.0,2.23472236674772,1.76953926850684,44.2799986377765,2.15497368735821e-05,0.0001053278989481,True,True,Conserved Fetal-High Candidate
ENSG00000152104,PTPN14,ENSMUSG00000026604,Ptpn14,ortholog_one2one,1.0,PTPN14,2.14391025966221,3.00570086787249,25.4726253954994,3.46407135291987e-05,0.0001466723614755,True,1.85569131536,3.08645432514048,19.0867097721099,0.0001814889566409,0.0008085228178777,True,True,True,1.1432112241581818,32.204254226932,24.8169041862393,15.45781818181818,5.91942468619247,12.0,2.0,True,True,19250.0,4.05711635996367,3.88602088335147,329.442907721715,3.21236670502494e-10,1.34919401611047e-08,True,True,Conserved Fetal-High Candidate
ENSG00000154734,ADAMTS1,ENSMUSG00000022893,Adamts1,ortholog_one2one,1.0,ADAMTS1,2.13263380190623,3.44228289160834,8.80627678432811,0.0066696858376989,0.0135551376895804,True,1.85839713998943,3.50360330837528,8.01871863704324,0.0089599249839247,0.0209899579210291,True,True,True,3.582927774434114,49.4903715391882,54.42602915951973,6.138,1.1127092050209204,12.0,2.0,True,True,11504.0,4.96704464082737,4.95597470376154,682.038513027349,4.0563372148042595e-12,5.1434355883718e-10,True,True,Conserved Fetal-High Candidate
ENSG00000144668,ITGA9,ENSMUSG00000039115,Itga9,ortholog_one2one,1.0,ITGA9,2.13154710678492,-0.0126499761061652,12.381600639351,0.0016318991671731,0.0039914066987441,True,1.47752865072766,0.169460012103072,7.19304037376622,0.0120656094231518,0.02690249018934,True,True,True,1.9076833541553768,4.448008333764739,5.102108918128655,0.5034652406417113,0.7492050209205021,12.0,2.0,True,True,104099.0,2.65918372004385,1.30431405466438,30.1498627329273,0.0001203353513963,0.00045567260196,True,True,Conserved Fetal-High Candidate
ENSG00000122574,WIPF3,ENSMUSG00000086040,Wipf3,ortholog_one2one,1.0,WIPF3,2.10943708099705,3.35186595623902,67.7309359509567,1.5902125313781e-08,2.41231984602144e-07,True,2.11514470967408,3.41674806907951,84.4158858662793,1.39773212833632e-09,4.7931715199391e-08,True,True,True,1.1874934628184368,5.818013743935109,6.159916888297872,3.8131122994652418,0.4742259414225941,12.0,2.0,True,True,330319.0,1.14258621583231,4.16528762950973,52.0189217441435,9.38482031450705e-06,5.21927726262936e-05,True,True,Conserved Fetal-High Candidate
ENSG00000185761,ADAMTSL5,ENSMUSG00000043822,Adamtsl5,ortholog_one2one,1.0,ADAMTSL5,2.10184186895278,2.75069308508815,21.158571138974,0.0001093508021244,0.0003882084486762,True,3.14912939277514,2.7605397420194,43.83644068328,3.37582558029422e-07,4.48766309861536e-06,True,True,True,1.8408303528001475,5.242933790468628,5.535265436318069,0.8798502673796795,0.7689330543933055,12.0,2.0,True,True,66548.0,1.07885651504163,4.2912796663484,19.6213040858524,0.0007773889947097,0.0022747597968275,True,True,Conserved Fetal-High Candidate
ENSG00000173281,PPP1R3B,ENSMUSG00000046794,Ppp1r3b,ortholog_one2one,1.0,PPP1R3B,2.09537242393966,4.816488900855,40.298932133644,1.29832099497066e-06,9.10566034303088e-06,True,2.96343381849127,4.80884796548683,96.7883856246959,4.27306416296223e-10,1.75701917904551e-08,True,True,True,2.189955015773156,59.6583257988564,55.24535377358491,16.972588235294115,5.6806799163179935,12.0,2.0,True,True,244416.0,5.36476209579817,5.28345140080276,833.167722556106,1.2167054524140299e-12,2.281579773724e-10,True,True,Conserved Fetal-High Candidate
ENSG00000198185,ZNF334,ENSMUSG00000017667,Zfp334,ortholog_one2one,1.0,ZNF334,2.09271917390368,2.55659470360504,40.4401196404883,1.27948526004766e-06,8.9948471484331e-06,True,2.00112905831949,2.63506437856423,41.4570049424627,7.27300669871906e-07,8.50985922024094e-06,True,True,True,1.4702933524117645,20.9980270550894,22.807730978260864,9.221005347593582,5.963838912133893,12.0,2.0,True,True,228876.0,4.36442408318704,3.42841747650463,243.138725765307,1.9693960999789402e-09,5.18192483698017e-08,True,True,Conserved Fetal-High Candidate
ENSG00000136866,ZFP37,ENSMUSG00000028389,Zfp37,ortholog_one2one,1.0,ZFP37,2.08908940767524,-0.353853060220951,18.1952623917072,0.0002242165189966,0.0007203139821758,True,1.64920706113626,-0.174912348846433,9.23301683066579,0.0050581075626867,0.01296812683625,True,True,True,1.9244552142878624,5.49544935989307,5.483896368829049,0.5036898395721926,0.912541841004184,12.0,2.0,True,True,22696.0,1.7274260834893,2.02599578842911,18.4847649342941,0.0009868241836868,0.0027999614326272,True,True,Conserved Fetal-High Candidate
ENSG00000198934,MAGEE1,ENSMUSG00000031227,Magee1,ortholog_one2one,1.0,MAGEE1,2.08386557210279,-0.472235790183502,28.558638020919,1.22420097076053e-05,6.11035066231093e-05,True,1.70871371741716,-0.288128510840259,12.6281880060417,0.0013462659609165,0.0042965618822557,True,True,True,1.0821052540443146,1.5872703375572874,1.2433720930232557,0.1069946524064171,0.0122698744769874,12.0,2.0,True,True,107528.0,0.913720970399388,1.30682857173992,6.35676677847088,0.0265205179281475,0.0483161159955332,True,True,Conserved Fetal-High Candidate
ENSG00000102935,ZNF423,ENSMUSG00000045333,Zfp423,ortholog_one2one,1.0,ZNF423,2.08039450841315,1.81652925710002,41.685526869338,1.01162128500012e-06,7.39094051619866e-06,True,2.17882127515144,1.88396614321803,34.1586340290463,2.68643813105503e-06,2.50888452368498e-05,True,True,True,2.2687567553036185,22.304397362012313,19.98413194444445,4.111465240641713,2.597311715481171,12.0,2.0,True,True,94187.0,6.78956525225045,0.468432194618282,36.7218341819354,0.000108972353097,0.0004183557984815,True,True,Conserved Fetal-High Candidate
ENSG00000108821,COL1A1,ENSMUSG00000001506,Col1a1,ortholog_one2one,1.0,COL1A1,2.0774127932718,3.87596577960569,10.3691281106714,0.0036335544684215,0.0080001194915253,True,2.29697758512817,3.92054836114192,11.6925289019513,0.0021372425628663,0.0063361409449608,True,True,True,5.714541308368282,2077.0309893039125,1010.8920614035088,23.9052513368984,12.635115062761503,12.0,2.0,True,True,12842.0,8.90759037198861,4.29979405361053,342.783293754845,3.6366488000120395e-11,2.6750465261525e-09,True,True,Conserved Fetal-High Candidate
ENSG00000104447,TRPS1,ENSMUSG00000038679,Trps1,ortholog_one2one,1.0,TRPS1,2.07090756959856,-0.0368208964179971,8.33401966029193,0.007755694397557,0.0154444994057086,True,1.55696139586445,0.110172468780489,4.34638484261181,0.0462266635882606,0.0835633989565057,True,True,True,3.1830120397172004,29.918890275871217,21.50359283625731,1.489614973262032,1.4660251046025108,12.0,2.0,True,True,83925.0,5.45756898358204,1.15313516318084,57.1788539108875,2.80241501005636e-06,1.90850912756473e-05,True,True,Conserved Fetal-High Candidate
ENSG00000167771,RCOR2,ENSMUSG00000024968,Rcor2,ortholog_one2one,1.0,RCOR2,2.05345225946082,1.19275884232476,37.6193984840696,2.20980120967454e-06,1.42554628834556e-05,True,2.07694643904722,1.27713664969519,26.1974576469971,1.92229321303908e-05,0.0001268757391884,True,True,True,1.7747683154807543,4.050498300267226,3.4868516399694887,0.6065133689839572,0.0159728033472803,12.0,2.0,True,True,104383.0,2.68318485399885,3.88472753577664,119.245325498201,1.10660204868029e-07,1.33212474467716e-06,True,True,Conserved Fetal-High Candidate
ENSG00000159212,CLIC6,ENSMUSG00000022949,Clic6,ortholog_one2one,1.0,CLIC6,2.04484473836034,2.99847247161722,31.6570701497611,7.91777964402273e-06,4.21973034445684e-05,True,1.53025055662047,3.10712147646518,23.972717856398,4.7097078134168e-05,0.0002626055590565,True,True,True,0.8121073237231764,16.657614011893546,12.623051511758115,8.470352941176472,5.047646443514646,12.0,2.0,True,True,209195.0,1.11141076762939,7.98433728671354,147.191826851999,3.35364448556832e-08,5.00649294650913e-07,True,True,Conserved Fetal-High Candidate
ENSG00000105538,RASIP1,ENSMUSG00000044562,Rasip1,ortholog_one2one,1.0,RASIP1,2.0313224579476,0.939161516374108,21.4782409308742,9.8907121843096e-05,0.0003564706505672,True,2.01152634343701,1.03335555455237,18.613605765139,0.0001757863193214,0.0007883805150854,True,True,True,1.6425956643212576,6.813604724540197,5.464139895192527,1.6931657754010694,0.4474999999999999,12.0,2.0,True,True,69903.0,5.01504827622852,0.781745903007303,42.8631332648845,1.36908767667751e-05,7.16229207358913e-05,True,True,Conserved Fetal-High Candidate
ENSG00000091972,CD200,ENSMUSG00000022661,Cd200,ortholog_one2one,1.0,CD200,2.02679274909517,3.67363257984155,13.2222156040482,0.0012989922024349,0.0032907925857923,True,1.23039568112706,3.84170381438941,4.80832915295052,0.0378919314370782,0.0705624376793497,True,True,True,1.188799396312621,20.79263311903823,14.852154222766218,6.7633903743315535,5.1442677824267795,12.0,2.0,True,True,17470.0,1.09367146631145,2.60382663133092,17.4341149278066,0.001226280291877,0.0033684125863525,True,True,Conserved Fetal-High Candidate
ENSG00000158457,TSPAN33,ENSMUSG00000001763,Tspan33,ortholog_one2one,1.0,TSPAN33,2.02480489934441,0.16293257663347,23.6238188285734,5.13874477959932e-05,0.0002057233583348,True,1.71315196354784,0.32799173084819,13.6714888057209,0.0009335449795313,0.0031862455713667,True,True,True,1.7220891561319076,5.998346927298837,4.776245670460169,1.157433155080214,0.3442364016736402,12.0,2.0,True,True,232670.0,1.15417477375512,1.18530668109461,8.90919734546583,0.0111908461005492,0.0227577401837043,True,True,Conserved Fetal-High Candidate
ENSG00000070087,PFN2,ENSMUSG00000027805,Pfn2,ortholog_one2one,1.0,PFN2,2.02442366724149,6.04614019217248,75.6547704149986,5.637326138084461e-09,1.04397205822205e-07,True,1.98751192509176,6.09835548669636,72.737048586276,7.6118479738864e-09,1.96841707962559e-07,True,True,True,2.0199224480950417,101.06408374220004,84.00387426900583,25.915016042780763,14.004037656903767,12.0,2.0,True,True,18645.0,4.32509497399706,2.860534912974,148.833919665865,2.88651392344077e-08,4.43264664091009e-07,True,True,Conserved Fetal-High Candidate
ENSG00000103241,FOXF1,ENSMUSG00000042812,Foxf1,ortholog_one2one,1.0,FOXF1,2.01992726248845,0.564635542429499,13.9768581670948,0.0009720670657744,0.0025710176082125,True,1.69493019419415,0.674063929004192,9.08684093608655,0.0053674618250905,0.0136383361530196,True,True,True,4.930424349675126,105.3365950665628,95.78013931888545,3.015262032085561,1.332353556485356,12.0,2.0,True,True,15227.0,3.9438366102617,0.604506397784867,34.5118660054208,2.44924281284929e-05,0.0001176378744959,True,True,Conserved Fetal-High Candidate
ENSG00000104427,ZC2HC1A,ENSMUSG00000043542,Zc2hc1a,ortholog_one2one,1.0,ZC2HC1A,2.01264630568796,3.18894145125128,33.8898779632434,4.83836093745155e-06,2.78385822352592e-05,True,1.57404136995873,3.29661350319172,20.5846527844355,0.0001212061040806,0.0005760526754333,True,True,True,2.019507239529034,65.24613507094712,66.13518745405534,17.809058823529416,13.30770920502092,12.0,2.0,True,True,67306.0,1.03386129856542,1.85857083040453,11.2608408270068,0.0055604346426782,0.012444381716695,True,True,Conserved Fetal-High Candidate
ENSG00000152137,HSPB8,ENSMUSG00000041548,Hspb8,ortholog_one2one,1.0,HSPB8,2.00939795577356,-0.362672484368338,5.64751278179565,0.0250131633011146,0.0430961362855428,True,1.78366256044818,-0.2195986400284,3.433076878914,0.074334348065924,0.124239029824688,True,True,True,1.1535553466780013,6.18432470938194,1.9153397264347307,0.179090909090909,0.4418933054393305,12.0,2.0,True,True,80888.0,5.24661217879722,2.17107101320574,69.4046217097035,5.10873780001248e-07,4.70385443079988e-06,True,True,Conserved Fetal-High Candidate
ENSG00000084710,EFR3B,ENSMUSG00000020658,Efr3b,ortholog_one2one,1.0,EFR3B,2.0090493197193,1.35924833515054,31.8634859047323,7.5613972559979e-06,4.06162169669164e-05,True,1.82054949026314,1.4692936270198,19.2331384511972,0.0001451369494119,0.0006733733545978,True,True,True,2.022726013281674,10.167854167862169,7.274780366692132,1.611272727272727,0.4614539748953974,12.0,2.0,True,True,668212.0,0.979249746615033,3.39233394218618,17.7075911993229,0.0011555809789598,0.0031999594745987,True,True,Conserved Fetal-High Candidate
ENSG00000183741,CBX6,ENSMUSG00000089715,Cbx6,ortholog_one2one,1.0,CBX6,2.0071623703234,3.34351622827031,19.6940665820482,0.0001654892838761,0.0005550826101978,True,3.16036512416971,3.316011898731,33.704068065429,3.37623308449285e-06,2.98747559827231e-05,True,True,True,1.9576136674696003,37.58711590623783,35.56458379578247,13.674192513368984,3.1532008368200835,12.0,2.0,True,True,494448.0,0.61465138933633,5.6379530314632,30.7905065869266,0.0001157077539733,0.0004400265742364,True,True,Conserved Fetal-High Candidate
ENSG00000114019,AMOTL2,ENSMUSG00000032531,Amotl2,ortholog_one2one,1.0,AMOTL2,1.99134533497707,3.46641567986802,40.3072306852247,1.30265059816442e-06,9.12882340747545e-06,True,2.32884142221479,3.50872120165965,40.8091192711463,9.56591177524913e-07,1.07227197108607e-05,True,True,True,1.9665658579080445,49.515916257370186,31.29496447028424,9.200930481283423,5.325135983263601,12.0,2.0,True,True,56332.0,2.02190125307382,5.31164818152797,235.74500569038,2.1988715473899e-09,5.67359995774207e-08,True,True,Conserved Fetal-High Candidate
ENSG00000128596,CCDC136,ENSMUSG00000029769,Ccdc136,ortholog_one2one,1.0,CCDC136,1.98923601917864,-0.777400321042988,10.1251412812091,0.0035527745188561,0.0078426593209266,True,1.65823256106528,-0.616081537032293,5.45535960727593,0.0266069229627533,0.052250263382718,True,True,True,3.2201156767279726,12.781415815097782,12.455907951697425,0.4429732620320856,0.444989539748954,12.0,2.0,True,True,232664.0,5.5809138008393,1.25865871985766,63.8278167477731,1.49468403254046e-06,1.14054132252393e-05,True,True,Conserved Fetal-High Candidate
ENSG00000187994,RINL,ENSMUSG00000051735,Rinl,ortholog_one2one,1.0,RINL,1.98726300998922,2.30557345137307,74.9673418495674,6.31020443550299e-09,1.14400595558934e-07,True,1.76981388310151,2.39902849479793,49.2357147352534,1.65989691780765e-07,2.52211307511369e-06,True,True,True,1.063922896834412,11.795643313585405,9.951812585499315,5.64802139037433,2.8291317991631795,12.0,2.0,True,True,320435.0,2.04640800670337,0.545461547760727,13.1656195343411,0.0031385100620266,0.0075768128677829,True,True,Conserved Fetal-High Candidate
ENSG00000145604,SKP2,ENSMUSG00000054115,Skp2,ortholog_one2one,1.0,SKP2,1.96645451970876,4.11090774355313,131.741076381763,2.2792466994762e-11,1.1350903941172902e-09,True,1.56159654142474,4.2138336871456,99.7403455261031,3.49242610281129e-10,1.48530827784268e-08,True,True,True,1.7145868805641258,27.69114476519503,23.53244883040936,9.049176470588234,3.9003974895397495,12.0,2.0,True,True,27401.0,0.540314838951863,5.59502704395162,18.6117551582985,0.0009549591460281,0.002724303850486,True,True,Conserved Fetal-High Candidate
ENSG00000120885,CLU,ENSMUSG00000022037,Clu,ortholog_one2one,1.0,CLU,1.96394827880354,7.81062333757061,11.3793680818528,0.0024947180526384,0.0057661976414274,True,1.69692588248705,7.88842472882018,8.53861470683093,0.0073023411579828,0.0176624231632726,True,True,True,1.2409559230913714,135.9060843596541,89.36337074303407,28.768074866310183,45.6960041841004,12.0,2.0,True,True,12759.0,5.2397749056071,5.84229247385128,435.901938343648,5.805924394285639e-11,3.82673650423361e-09,True,True,Conserved Fetal-High Candidate
ENSG00000142661,MYOM3,ENSMUSG00000037139,Myom3,ortholog_one2one,1.0,MYOM3,1.96235213021995,3.04460711206051,13.2314484538932,0.0012841843029335,0.0032607130422529,True,2.45155515522881,3.06847674991896,16.6667736640233,0.0003660438793948,0.0014613223958155,True,True,True,1.0165019682655163,5.546734795126334,3.713859491572258,1.2236791443850268,1.4365690376569038,12.0,2.0,True,True,242702.0,0.748026598269848,2.71964483258729,8.91457190794438,0.0111120343375834,0.0226320368931598,True,True,Conserved Fetal-High Candidate
ENSG00000135069,PSAT1,ENSMUSG00000024640,Psat1,ortholog_one2one,1.0,PSAT1,1.96159827726648,2.90453830658696,12.4781436160106,0.0016704679564384,0.0040698424830531,True,1.46345445617898,3.03221176721197,6.27174987124072,0.0190419929677838,0.0393681236717485,True,True,True,1.600710848460479,19.83395220039651,9.70639942880457,4.354524064171124,0.7055857740585774,12.0,2.0,True,True,107272.0,1.45610443759591,5.2195338654606,129.074344247507,7.06664363078122e-08,9.19699836756806e-07,True,True,Conserved Fetal-High Candidate
ENSG00000144331,ZNF385B,ENSMUSG00000027016,Zfp385b,ortholog_one2one,1.0,ZNF385B,1.9564133365647,0.904502170558871,9.46895995618922,0.0050554613993258,0.0106772449772647,True,1.42263690698024,1.07197482661193,4.80792099542876,0.0366403158882296,0.0685997800272507,True,True,True,0.5589717937726755,4.3844872006329565,0.9269412166780588,0.4451550802139037,0.1708054393305439,12.0,2.0,True,True,241494.0,3.29910061184092,1.32643959310581,56.0353671448098,4.44455328132311e-06,2.78600670374463e-05,True,True,Conserved Fetal-High Candidate
ENSG00000186318,BACE1,ENSMUSG00000032086,Bace1,ortholog_one2one,1.0,BACE1,1.95364600281043,3.25805851342025,70.6666806292174,1.07739343921492e-08,1.74509554303694e-07,True,1.85407595901833,3.32230342652467,56.3143264520603,6.63213016224928e-08,1.17438192696347e-06,True,True,True,2.5097322157454225,24.64974069413036,28.017462206047036,6.4860427807486625,1.7042050209205024,12.0,2.0,True,True,23821.0,1.11729379790066,6.23698443508627,111.38055177811,1.61578248280453e-07,1.83241294514987e-06,True,True,Conserved Fetal-High Candidate
ENSG00000146267,FAXC,ENSMUSG00000028246,Faxc,ortholog_one2one,1.0,FAXC,1.94473848370746,0.131055929217061,9.69218374591139,0.0045357634444563,0.0097019271424605,True,1.34203492594014,0.326479423161477,3.9094253062804,0.0577395543329518,0.100501228486847,True,True,True,2.2407510610046866,7.739867775559315,8.417460331770645,1.1623422459893047,0.8226778242677826,12.0,2.0,True,True,76132.0,4.67965872525857,2.88955036931475,143.11003253337,3.00075506483964e-08,4.5711731044937e-07,True,True,Conserved Fetal-High Candidate
ENSG00000068615,REEP1,ENSMUSG00000052852,Reep1,ortholog_one2one,1.0,REEP1,1.94347564496458,2.31432044566913,19.9312958223777,0.0001550664229645,0.000524373899234,True,2.16567630357516,2.37262864388509,25.3922718754969,2.64519985950278e-05,0.0001640439884277,True,True,True,2.02861602915592,9.94559218793792,8.42292663476874,1.6937433155080217,0.9251882845188284,12.0,2.0,True,True,52250.0,3.05408778591105,1.99031827154021,61.3105272332363,4.05949990582568e-06,2.58356509302883e-05,True,True,Conserved Fetal-High Candidate
ENSG00000102781,KATNAL1,ENSMUSG00000041298,Katnal1,ortholog_one2one,1.0,KATNAL1,1.93934517728307,1.3229512468811,50.6875757690948,2.03265288416252e-07,1.97262749058545e-06,True,1.51397671910436,1.45053611656796,27.0814421851527,1.57809609023005e-05,0.0001072337860234,True,True,True,2.3113593712852007,16.342389868083874,15.905013997760356,1.8137112299465243,2.998012552301254,12.0,2.0,True,True,231912.0,2.07291944546608,2.83450367566911,70.7138710085253,1.92678595853577e-06,1.40105015029739e-05,True,True,Conserved Fetal-High Candidate
ENSG00000162512,SDC3,ENSMUSG00000025743,Sdc3,ortholog_one2one,1.0,SDC3,1.93347165957274,1.74171344515776,17.471364576321,0.0003218877049549,0.000984134568158,True,1.25494080631132,1.88174680080386,9.96748104328546,0.0039149871774342,0.0104899409362011,True,True,True,2.319619648892163,18.516281562705988,13.56379679144385,3.0111550802139044,0.8236924686192469,12.0,2.0,True,True,20970.0,3.33538211530347,2.60251212847531,80.5381562732328,9.9898200353833e-07,8.18489008929804e-06,True,True,Conserved Fetal-High Candidate
ENSG00000275832,ARHGAP23,ENSMUSG00000049807,Arhgap23,ortholog_one2one,1.0,ARHGAP23,1.93139006894719,-0.222565532384595,10.3169657463886,0.0035113318841299,0.0077656387072951,True,1.37083320359011,-0.0323287736104505,4.24123307227121,0.0487007629294952,0.0872360522713534,True,True,True,3.404711587474881,14.74343213719819,15.23959249909845,1.0569732620320855,0.0098221757322175,12.0,2.0,True,True,58996.0,3.8500603779097,2.77983652731354,89.4680663184278,5.53443188530226e-07,5.01602628460955e-06,True,True,Conserved Fetal-High Candidate
ENSG00000134463,ECHDC3,ENSMUSG00000039063,Echdc3,ortholog_one2one,1.0,ECHDC3,1.92699242485803,3.54523086654417,5.37548131542714,0.0291877934895199,0.0493138630096147,True,1.39084390308913,3.66012833490166,3.33934092905313,0.0796261685954729,0.131275370780869,True,True,True,0.9602016838826536,1.7951219758040506,1.1008257055682684,0.1521069518716577,0.0074790794979079,12.0,2.0,True,True,67856.0,1.00293064937173,3.48023389090725,20.0133424712942,0.0007191119755561,0.0021247795922225,True,True,Conserved Fetal-High Candidate
ENSG00000173531,MST1,ENSMUSG00000032591,Mst1,ortholog_one2one,1.0,MST1,1.92009420548806,5.85163408665134,23.3145027908171,6.03720849607244e-05,0.0002347157879984,True,2.08150532167131,5.88814358891558,24.4113356436533,4.43070711172496e-05,0.0002490496592246,True,True,True,1.406477865327504,21.578489167788003,13.117806847545218,1.4987379679144386,7.152625523012551,12.0,2.0,True,True,15235.0,1.42345904952737,0.924871147241836,7.31686745881187,0.01886654138901,0.0358767116320426,True,True,Conserved Fetal-High Candidate
ENSG00000107130,NCS1,ENSMUSG00000062661,Ncs1,ortholog_one2one,1.0,NCS1,1.91115771521173,-0.0017524236695487,16.7329577609944,0.0003784765636339,0.0011333897296357,True,1.75672373743893,0.134662054281453,10.4114453841095,0.0031718813995508,0.0087836715679868,True,True,True,2.177313018889291,12.99384317712184,7.772601425438596,1.6991336898395724,0.1798849372384937,12.0,2.0,True,True,14299.0,3.29934236356919,3.05279067947824,159.764522773745,2.20361659593337e-08,3.56487865835442e-07,True,True,Conserved Fetal-High Candidate
ENSG00000138823,MTTP,ENSMUSG00000028158,Mttp,ortholog_one2one,1.0,MTTP,1.90679239418059,7.7052384049654,5.82786464544512,0.0236890056280295,0.0410814310437705,True,4.59093641441348,7.61962183017163,34.6389092086307,3.96916942625038e-06,3.40281758321623e-05,True,True,True,2.3267171551950425,24.787703794075657,9.666901183242723,0.7707165775401068,1.4819037656903764,12.0,2.0,True,True,17777.0,1.46286073392151,9.80157199040634,177.782521716279,1.13500601228959e-08,2.07319438504207e-07,True,True,Conserved Fetal-High Candidate
ENSG00000149294,NCAM1,ENSMUSG00000039542,Ncam1,ortholog_one2one,1.0,NCAM1,1.89955873054074,0.399132031801537,19.2542346582818,0.0001815477544565,0.0006001743262333,True,1.98832729607472,0.49151973947257,14.3912247623875,0.0007294024413133,0.002601560362111,True,True,True,3.95422138141158,95.43307014898508,83.71154673102237,7.71417112299465,1.2161610878661089,12.0,2.0,True,True,17967.0,8.9210117715981,2.32599332978555,137.714426799396,2.77973618488277e-07,2.89815251100463e-06,True,True,Conserved Fetal-High Candidate
ENSG00000164742,ADCY1,ENSMUSG00000020431,Adcy1,ortholog_one2one,1.0,ADCY1,1.89756391724879,-0.442560595752778,23.971371889677,4.22823069041961e-05,0.000173812054208,True,1.40765777742603,-0.262646529561563,10.9699955717605,0.0025200507605979,0.0072493237397041,True,True,True,0.9522008803182466,5.985121432454022,5.415633116883116,2.8870481283422462,1.744707112970711,12.0,2.0,True,True,432530.0,0.977671414574918,3.33201726330936,23.6467589947043,0.000364648301554,0.0011795256284961,True,True,Conserved Fetal-High Candidate
ENSG00000187123,LYPD6,ENSMUSG00000050447,Lypd6,ortholog_one2one,1.0,LYPD6,1.89549577227992,1.98963920573783,36.3563809960677,2.89575096022405e-06,1.79322731876779e-05,True,1.80473903114756,2.07839001232654,36.0528679529296,1.99007081344431e-06,1.97460402693699e-05,True,True,True,0.6994459185652019,6.691764764491246,5.988536908308507,5.031251336898396,1.5759518828451882,12.0,2.0,True,True,320343.0,6.76884970266892,4.82097252803146,811.507955207352,7.9954137317762e-13,1.63770674499797e-10,True,True,Conserved Fetal-High Candidate
ENSG00000184014,DENND5A,ENSMUSG00000035901,Dennd5a,ortholog_one2one,1.0,DENND5A,1.89435679632007,2.12782859673691,21.9134263752471,8.88736789088347e-05,0.0003257907499629,True,1.20401859220369,2.28984801024462,9.51495276640874,0.0047838508069626,0.012391571807941,True,True,True,2.5091020480719,37.99625999234102,34.43375726744186,8.717262032085562,1.7316736401673638,12.0,2.0,True,True,19347.0,2.37494134999617,3.36643747875711,104.858045866536,2.26959348890838e-07,2.43885130842019e-06,True,True,Conserved Fetal-High Candidate
ENSG00000122786,CALD1,ENSMUSG00000029761,Cald1,ortholog_one2one,1.0,CALD1,1.8859899445801,4.68668052115977,5.55253824213766,0.0268790103613165,0.0458575880638946,True,1.7682936432626,4.72815146428481,5.32055442762384,0.0297097683376914,0.0574482644587405,True,True,True,3.3236293169086006,701.7371587258904,657.0603070175439,85.9709625668449,43.485993723849354,12.0,2.0,True,True,109624.0,1.49002266976742,3.55391228901027,30.3407491219604,0.0001236818058622,0.0004668839135952,True,True,Conserved Fetal-High Candidate
ENSG00000107819,SFXN3,ENSMUSG00000025212,Sfxn3,ortholog_one2one,1.0,SFXN3,1.87100721412212,4.98391306687365,14.6747426045749,0.000788510703844,0.0021422573049578,True,3.41944896371028,4.93478017318564,47.7287467380783,2.86099377521095e-07,3.95254490346023e-06,True,True,True,1.941786037125489,18.811645441571734,17.336724196855776,4.146663101604279,3.3992154811715483,12.0,2.0,True,True,94280.0,1.03846762693624,3.15540946811158,20.4759183102519,0.0006567727449918,0.0019676580393387,True,True,Conserved Fetal-High Candidate
ENSG00000139182,CLSTN3,ENSMUSG00000008153,Clstn3,ortholog_one2one,1.0,CLSTN3,1.87088401025289,3.55849554765582,86.3984096737476,1.6037059057962e-09,3.76648445167115e-08,True,2.00781991258987,3.59220681763657,63.2555180558041,2.39488836019575e-08,5.11145176212996e-07,True,True,True,0.8180371680982583,7.323616679243973,7.752894736842107,6.582620320855613,1.3468933054393304,12.0,2.0,True,True,232370.0,1.72170565036531,1.22275423425517,10.4238975592494,0.0070884897214038,0.0153582021400766,True,True,Conserved Fetal-High Candidate
ENSG00000121440,PDZRN3,ENSMUSG00000035357,Pdzrn3,ortholog_one2one,1.0,PDZRN3,1.84855513147433,2.66371819105558,43.3548993713484,7.36621388760499e-07,5.7089763168147e-06,True,1.40871122072194,2.79411718987419,23.2368674443808,5.60986198947548e-05,0.0003042898569596,True,True,True,2.061551066869555,43.35188725667994,40.18042133034858,12.011743315508015,5.718483263598328,12.0,2.0,True,True,55983.0,3.03886768522403,3.89961577903453,199.565301805607,5.84872462489404e-09,1.23996687350062e-07,True,True,Conserved Fetal-High Candidate
ENSG00000134013,LOXL2,ENSMUSG00000034205,Loxl2,ortholog_one2one,1.0,LOXL2,1.84251842522254,-0.0458718391963438,16.1801799271027,0.0004524979715915,0.0013238376562326,True,1.82335564123784,0.0824257303606234,11.4647529476288,0.002112379841012,0.0062763724317192,True,True,True,4.740738808321113,46.89533165143842,50.16056277056276,1.284812834224599,0.5422071129707113,12.0,2.0,True,True,94352.0,5.67868881071235,2.91598579535,104.320785703765,6.64933861478628e-08,8.72215176044886e-07,True,True,Conserved Fetal-High Candidate
ENSG00000166130,IKBIP,ENSMUSG00000019975,Ikbip,ortholog_one2one,0.0,IKBIP,1.82251607002812,3.29254621948531,79.4861929939875,3.5776544562286304e-09,7.22808165651009e-08,True,1.89619775090213,3.33803439041184,66.2546022816677,1.5012481270915e-08,3.46915384846318e-07,True,True,True,2.1596563429577227,13.639105574218782,13.439194305381726,2.5888770053475945,1.874382845188285,12.0,2.0,True,True,67454.0,0.892444198760784,3.40331319762102,23.7089544850201,0.0003606463732453,0.0011682836528927,True,True,Conserved Fetal-High Candidate
ENSG00000120875,DUSP4,ENSMUSG00000031530,Dusp4,ortholog_one2one,1.0,DUSP4,1.82167806291189,2.88295025033916,6.4558434837846,0.0178914397031427,0.0321337414367284,True,1.96167725466772,2.93809363908998,6.27542004042526,0.0188165233310075,0.0389623285011506,True,True,True,0.939850110171759,22.02342237169218,14.722675438596491,9.685401069518711,4.706652719665272,12.0,2.0,True,True,319520.0,0.885438105609325,5.36889283424107,55.7099283160989,6.62451377709495e-06,3.92002402858393e-05,True,True,Conserved Fetal-High Candidate
ENSG00000105270,CLIP3,ENSMUSG00000013921,Clip3,ortholog_one2one,1.0,CLIP3,1.80307865277233,0.0048957858544578,17.1470689683134,0.0003328769993817,0.0010131478888612,True,2.54475662957871,0.0683036260746829,21.6233772455844,7.25724110735922e-05,0.0003777074016043,True,True,True,4.256732668485935,36.62344267637623,29.153315127441243,0.7272620320855614,0.4274581589958158,12.0,2.0,True,True,76686.0,3.91331441426811,1.35245334574415,45.6358278780868,8.85025749792609e-06,4.95198405297867e-05,True,True,Conserved Fetal-High Candidate
ENSG00000142856,ITGB3BP,ENSMUSG00000028549,Itgb3bp,ortholog_one2one,0.0,ITGB3BP,1.80268763459041,4.95607485260704,34.0798017251495,4.61752178598952e-06,2.67584484462541e-05,True,1.35504884620684,5.06193144746683,26.5208152859521,2.58764869393049e-05,0.0001612239861295,True,True,True,0.9525475068616412,51.1331587534225,47.1083198051948,25.63194652406416,22.08504184100418,12.0,2.0,True,True,67733.0,1.63178695998594,4.94301500482827,99.3719542046419,3.04156759967458e-07,3.10684134481777e-06,True,True,Conserved Fetal-High Candidate
ENSG00000165731,RET,ENSMUSG00000030110,Ret,ortholog_one2one,1.0,RET,1.79510329671933,-0.221716340791097,12.1090518304813,0.0017988059921411,0.0043446504190024,True,2.33478665028177,-0.144552719798472,13.4880813904451,0.001000307659435,0.0033729767793466,True,True,True,1.5291230707500918,15.211562820964929,5.084811496827174,0.3455080213903743,1.8711192468619249,12.0,2.0,True,True,19713.0,3.55653929545219,4.68414691366121,220.28216712698,3.2811159609045304e-09,7.69098202526108e-08,True,True,Conserved Fetal-High Candidate
ENSG00000124602,UNC5CL,ENSMUSG00000043592,Unc5cl,ortholog_one2one,1.0,UNC5CL,1.79150595089552,3.87020352930162,7.77626495703446,0.0101503593323886,0.0196070446078375,True,2.66908996835223,3.84141520439993,16.0351413428881,0.0004715603148088,0.0018094901774795,True,True,True,1.05089531473626,12.730105760536164,5.380479651162791,3.687796791443851,0.4715167364016737,12.0,2.0,True,True,76589.0,0.756980997380734,5.96612220323121,70.8439729981859,1.89644795052154e-06,1.38386472653178e-05,True,True,Conserved Fetal-High Candidate
ENSG00000092964,DPYSL2,ENSMUSG00000022048,Dpysl2,ortholog_one2one,1.0,DPYSL2,1.79142822185903,3.9523961690505,18.3236459906982,0.0002474770284074,0.0007858357006708,True,2.14834111233989,3.96936027960593,22.5533272035725,7.04102146811634e-05,0.0003687769529573,True,True,True,2.7106208482623404,123.33481828467802,107.68602941176472,20.171518716577538,11.035167364016738,12.0,2.0,True,True,12934.0,0.612787143789584,6.31083067488516,53.8805593206441,7.85225920431023e-06,4.50042957581517e-05,True,True,Conserved Fetal-High Candidate
ENSG00000100968,NFATC4,ENSMUSG00000023411,Nfatc4,ortholog_one2one,1.0,NFATC4,1.78567509465206,1.77731945662485,30.8161505735962,9.6128789392447e-06,4.97836803556165e-05,True,1.68867113665876,1.86996613197852,20.5314769819011,0.000102836544396,0.0005039310133749,True,True,True,2.084783954861179,28.68291058427833,25.525712074303406,8.028053475935828,2.4778347280334723,12.0,2.0,True,True,73181.0,6.76614230515753,0.450720394039722,36.7815779106345,0.0001082628459093,0.0004158717629652,True,True,Conserved Fetal-High Candidate
ENSG00000112320,SOBP,ENSMUSG00000038248,Sobp,ortholog_one2one,1.0,SOBP,1.78465596461478,-1.13352162311812,9.24086056227827,0.0049757199480681,0.0105326020903326,True,1.41179389194182,-0.950646526687348,4.70016937614203,0.0383380147799498,0.0712478561059965,True,True,True,2.3019756549028294,18.831363658479383,11.558822574484338,2.374930481283423,0.7185564853556484,12.0,2.0,True,True,109205.0,1.69563012482515,0.825266567124772,11.9347622500556,0.0045964502015365,0.0105255531067469,True,True,Conserved Fetal-High Candidate
ENSG00000177932,ZNF354C,ENSMUSG00000044807,Zfp354c,ortholog_one2one,1.0,ZNF354C,1.77009745014878,0.467472707170715,25.0457517023878,3.70648582481516e-05,0.0001551992733852,True,1.61351171934917,0.593255879761797,15.623037803937,0.0004669989333524,0.0017939706644968,True,True,True,1.57559666445526,5.78765093381611,5.534301470588236,2.320085561497326,0.0644874476987447,12.0,2.0,True,True,30944.0,5.12515465047839,0.873053592404787,43.0565980002167,1.33617288121172e-05,7.01767484830488e-05,True,True,Conserved Fetal-High Candidate
ENSG00000138308,PLA2G12B,ENSMUSG00000009646,Pla2g12b,ortholog_one2one,1.0,PLA2G12B,1.76475530188702,4.93893789142679,14.7021532172636,0.0007814084190927,0.0021246275691493,True,3.36190329659428,4.88530627836727,35.1413291525209,3.30036487718047e-06,2.93380795844444e-05,True,True,True,3.3811228279110757,16.021153757653348,10.187443484042555,0.0032941176470588,0.1442468619246862,12.0,2.0,True,True,69836.0,0.856847285291169,4.97197883873315,42.09250449105,2.67652603374017e-05,0.0001265007724998,True,True,Conserved Fetal-High Candidate
ENSG00000064309,CDON,ENSMUSG00000038119,Cdon,ortholog_one2one,1.0,CDON,1.76252975874143,0.688558344852497,39.6549322390048,1.42274670594313e-06,9.78909198334478e-06,True,1.61591772879968,0.807138247709627,24.6967880294589,2.87231726005642e-05,0.0001753710383409,True,True,True,3.601511498318379,26.329378647044873,22.02568466621098,1.4012192513368982,0.3926255230125523,12.0,2.0,True,True,57810.0,0.953514264807712,4.44603902634796,55.473164381823,6.77085465107963e-06,3.98176496574533e-05,True,True,Conserved Fetal-High Candidate
ENSG00000112208,BAG2,ENSMUSG00000042215,Bag2,ortholog_one2one,1.0,BAG2,1.75857346680116,1.45294634474059,8.98443593072905,0.0061473628915355,0.0126336799038968,True,1.57016672939813,1.55828285317497,6.44970218531228,0.0169214558628715,0.0356769261400421,True,True,True,1.0279176991286958,16.848622951740598,9.91162900188324,6.2317540106951865,2.470753138075313,12.0,2.0,True,True,213539.0,1.9891211096114,3.97667944182577,102.668482200387,2.54219237192694e-07,2.67351889730137e-06,True,True,Conserved Fetal-High Candidate
ENSG00000169851,PCDH7,ENSMUSG00000029108,Pcdh7,ortholog_one2one,1.0,PCDH7,1.75470440218852,0.689597498242148,9.68553185282199,0.0046269396248337,0.0098635922769688,True,1.85266509323132,0.745787743563854,8.47267925544339,0.0069606665394137,0.0169712311445102,True,True,True,3.4648537752916657,54.72289765673547,52.096265054195115,3.3811978609625664,4.236453974895397,12.0,2.0,True,True,54216.0,5.12110183309001,0.869218349790427,47.1530729862882,8.18214283966377e-06,4.6435230079831e-05,True,True,Conserved Fetal-High Candidate
ENSG00000084731,KIF3C,ENSMUSG00000020668,Kif3c,ortholog_one2one,1.0,KIF3C,1.74918349031791,0.037719392810496,11.8405332309039,0.0020039431193809,0.0047803709539075,True,1.55720373439628,0.194300808132284,6.99555165214839,0.013187990671273,0.0290138724956138,True,True,True,2.724368304025325,12.432091048084642,13.497151162790695,1.7293689839572193,0.657918410041841,12.0,2.0,True,True,16570.0,1.40534127541532,3.35641847779393,36.8038034913888,5.08767197386893e-05,0.0002193566352071,True,True,Conserved Fetal-High Candidate
ENSG00000166352,IFTAP,ENSMUSG00000027165,Iftap,ortholog_one2one,1.0,C11orf74,1.74611730792275,4.20633093750166,58.4855772209128,5.88628753716407e-08,7.19259835898557e-07,True,1.50651958483514,4.29326458307424,41.4452117701126,9.96708925390091e-07,1.11313730381765e-05,True,True,False,1.4911119022909818,33.09766545881352,26.863460771276593,9.894,7.930198744769877,12.0,2.0,True,True,68170.0,0.85366084967185,2.52667858317223,14.3105023660097,0.0025097410131514,0.0062668214270626,True,True,Conserved Fetal-High Candidate
ENSG00000171766,GATM,ENSMUSG00000027199,Gatm,ortholog_one2one,1.0,GATM,1.7401771918605,5.93297227857588,10.7659986393201,0.0031291254341052,0.0070261077409645,True,3.00881604922368,5.88504859172888,56.840642682423,7.13456988679508e-08,1.24282528953856e-06,True,True,True,2.204442076111204,15.041280898557844,11.32976461038961,2.429882352941176,0.9204602510460248,12.0,2.0,True,True,67092.0,4.0642731353517,2.34013980765348,82.6504770967986,6.8114588592269e-07,5.95064063331673e-06,True,True,Conserved Fetal-High Candidate
ENSG00000108828,VAT1,ENSMUSG00000034993,Vat1,ortholog_one2one,1.0,VAT1,1.73227904431403,4.59700113992681,26.9230549770067,2.39695108659721e-05,0.0001073976647394,True,2.0922158729902,4.61219079128706,37.4144726356365,2.1974684460435e-06,2.13616092301102e-05,True,True,True,1.934934815857918,40.220197532808925,38.71989518147686,12.889572192513372,5.886558577405857,12.0,2.0,True,True,26949.0,0.810732878029741,6.62171120830263,69.5858950635337,2.08492677489046e-06,1.495620424617e-05,True,True,Conserved Fetal-High Candidate
ENSG00000135736,CCDC102A,ENSMUSG00000063605,Ccdc102a,ortholog_one2one,1.0,CCDC102A,1.72887583719024,1.4555249413088,15.0800751159731,0.0006846428972658,0.0018954011321224,True,1.44043134700009,1.5844097214782,10.5512117520986,0.0030273066439044,0.0084602713617378,True,True,True,1.8619945443577384,9.174933101244031,8.714076227390182,2.2637433155080213,1.080857740585774,12.0,2.0,True,True,234582.0,5.16123874240599,0.902270849908695,37.7610082764107,2.66526581131617e-05,0.0001261028749533,True,True,Conserved Fetal-High Candidate
ENSG00000087258,GNAO1,ENSMUSG00000031748,Gnao1,ortholog_one2one,1.0,GNAO1,1.72528243305839,-0.127644152670297,12.2352250870681,0.0017321748833442,0.0042025569392708,True,2.13528161610734,-0.0394690995266996,15.4643802606537,0.000503024064029,0.0019112548542385,True,True,True,1.4713643571443098,7.0932562175987,4.4944202196382435,1.8873368983957215,0.0756903765690376,12.0,2.0,True,True,14681.0,2.82836189985126,5.31644466185415,396.746625507356,1.01015084131404e-10,5.60381179218966e-09,True,True,Conserved Fetal-High Candidate
ENSG00000119772,DNMT3A,ENSMUSG00000020661,Dnmt3a,ortholog_one2one,1.0,DNMT3A,1.71991255351952,4.96499712714492,25.623181472008,3.31582548111994e-05,0.0001413718494696,True,1.45893125983981,5.04600717032332,19.5893777937207,0.0001675456707396,0.0007575528728415,True,True,True,1.318803568299937,67.52855616146228,56.70499561211057,26.296909090909075,17.967175732217576,12.0,2.0,True,True,13435.0,1.32282609967969,7.86370334752152,240.710232770515,1.94551827957878e-09,5.14962830503219e-08,True,True,Conserved Fetal-High Candidate
ENSG00000143147,GPR161,ENSMUSG00000040836,Gpr161,ortholog_one2one,1.0,GPR161,1.71899833747985,1.9464840792476,12.5532905564594,0.001616662535221,0.0039579514202279,True,1.19556425443653,2.08802899709713,6.06285526378223,0.0206426111259764,0.0421053941763185,True,True,True,1.5523713700470767,32.79670351713103,27.773278032036615,4.6072085561497325,13.01324267782426,12.0,2.0,True,True,240888.0,6.2932646998272,1.88582172300748,101.076104560314,9.62755632745843e-08,1.18731574561604e-06,True,True,Conserved Fetal-High Candidate
ENSG00000169047,IRS1,ENSMUSG00000055980,Irs1,ortholog_one2one,1.0,IRS1,1.70732609304494,3.65543571460911,37.8038766308897,2.13261803804438e-06,1.38227546840653e-05,True,1.91663301381521,3.67224271994962,33.2190903980269,5.10081478702646e-06,4.18681826795095e-05,True,True,True,2.415014955901268,39.33988412256569,37.1188679245283,8.475604278074863,3.819194560669458,12.0,2.0,True,True,16367.0,1.32818585918744,3.62820515622341,48.5568204649557,1.32625212962138e-05,6.97657876482776e-05,True,True,Conserved Fetal-High Candidate
ENSG00000178996,SNX18,ENSMUSG00000042364,Snx18,ortholog_one2one,1.0,SNX18,1.70667351277178,3.85620026052348,42.8373224566892,8.03670750314798e-07,6.15881994389948e-06,True,1.49596654951507,3.94189455899892,28.2700825890547,1.66436029237714e-05,0.0001120335159213,True,True,True,1.1400687835148504,17.95031346337097,13.166040362953694,6.9159572192513386,3.939382845188285,12.0,2.0,True,True,170625.0,0.82266414408069,6.03050363574197,76.0209269490567,1.30300912141633e-06,1.01570629054667e-05,True,True,Conserved Fetal-High Candidate
ENSG00000165443,PHYHIPL,ENSMUSG00000037747,Phyhipl,ortholog_one2one,1.0,PHYHIPL,1.69962180164156,3.33824106626075,6.79260680289277,0.0154311413368601,0.0282021239543622,True,2.84962337355145,3.30870730848418,25.0399486431694,3.08221196324458e-05,0.0001857032707854,True,True,True,1.5905034775118942,3.010579642524941,2.281875,0.1314438502673796,0.0480857740585774,12.0,2.0,True,True,70911.0,3.64189996962678,0.798533937787154,22.4904159554153,0.0002601918115515,0.0008803542005074,True,True,Conserved Fetal-High Candidate
ENSG00000141431,ASXL3,ENSMUSG00000045215,Asxl3,ortholog_one2one,1.0,ASXL3,1.69549199661283,1.91453364772393,24.3884712566099,4.5863135736934e-05,0.0001866807850648,True,1.83870624079893,1.98237117363214,24.8231734905179,3.01011718656846e-05,0.0001821183871036,True,True,True,1.3584938067278185,18.549639131288988,13.963016673979816,5.636866310160428,4.033964435146444,12.0,2.0,True,True,211961.0,4.40839292783778,3.17312782117607,178.01888213168,1.13290518423125e-08,2.07319438504207e-07,True,True,Conserved Fetal-High Candidate
ENSG00000166341,DCHS1,ENSMUSG00000036862,Dchs1,ortholog_one2one,1.0,DCHS1,1.68937760599305,0.81776265518,18.801528153335,0.0002122062860389,0.0006878423991772,True,0.935340828719116,1.00506732150571,5.0744364247667,0.0322282199830412,0.061446442494861,True,True,True,3.6858304373123354,51.69299035211662,47.06758255933951,2.8183636363636366,2.6519142259414226,12.0,2.0,True,True,233651.0,7.95201370545658,1.45307680522114,89.1097004306277,2.18719807272107e-06,1.5564059401501e-05,True,True,Conserved Fetal-High Candidate
ENSG00000118418,HMGN3,ENSMUSG00000066456,Hmgn3,ortholog_one2one,1.0,HMGN3,1.68078427701199,7.48111819954116,93.7448958978593,7.15976415798218e-10,1.96744122047551e-08,True,1.40601206311544,7.56293551600731,90.8630149262877,8.86506714949152e-10,3.32238974466473e-08,True,True,True,0.957071359163462,210.73218360222756,190.22046387926764,113.95740106951877,81.03849372384943,12.0,2.0,True,True,94353.0,3.9340194943688,2.37659040634972,128.49540792425,6.2195571783829e-08,8.26419004720459e-07,True,True,Conserved Fetal-High Candidate
ENSG00000197584,KCNMB2,ENSMUSG00000037610,Kcnmb2,ortholog_one2one,1.0,KCNMB2,1.67858425036463,-1.70349888225786,6.00527874036983,0.0199983306691434,0.0354169061626357,True,2.72407035578427,-1.61451914501066,10.4650939521643,0.0030612772353015,0.0085373324633481,True,True,True,2.088474247210015,5.336686538380891,5.408859649122807,0.5682032085561497,0.4456171548117155,12.0,2.0,True,True,72413.0,1.61952360375168,0.77251222185668,13.9870458141669,0.0027041356264324,0.0066820456069639,True,True,Conserved Fetal-High Candidate
ENSG00000160307,S100B,ENSMUSG00000033208,S100b,ortholog_one2one,1.0,S100B,1.67390260973965,-0.0570645845008345,6.4962395576911,0.0172062401495669,0.0310179981195506,True,1.50380562795044,0.0608485089539272,5.13320455313958,0.0312957939028803,0.0599785829057799,True,True,True,1.317981964566017,22.365738907683195,16.835,0.5389732620320855,11.768106694560664,12.0,2.0,True,True,20203.0,3.38943935682992,0.920573704346603,29.113475421009,9.16902230733956e-05,0.0003607457535458,True,True,Conserved Fetal-High Candidate
ENSG00000146021,KLHL3,ENSMUSG00000014164,Klhl3,ortholog_one2one,1.0,KLHL3,1.67266010985563,1.77850198405747,22.4887146865718,7.5882469046549e-05,0.0002842634675892,True,1.20755550936442,1.90092006248062,12.853524318229,0.0013267099865383,0.0042474302004453,True,True,True,0.7486589891597182,11.792382637391349,10.66877637987013,8.11564705882353,3.773849372384937,12.0,2.0,True,True,100503085.0,0.771808330025354,2.34249918524026,8.173113057158,0.0140998380688328,0.0279686001264064,True,True,Conserved Fetal-High Candidate
ENSG00000100105,PATZ1,ENSMUSG00000020453,Patz1,ortholog_one2one,1.0,PATZ1,1.67200132663024,3.71647243133631,45.1749897610752,5.2440161866744e-07,4.32206598954883e-06,True,1.26102595701081,3.82114134007753,30.8391736026071,9.11676622683823e-06,6.79236271224117e-05,True,True,True,1.2411829682012652,22.658798407539887,19.70282658517953,11.537828877005346,3.9778242677824265,12.0,2.0,True,True,56218.0,0.603473384427605,5.60561666517129,25.6201321166935,0.0002596601001442,0.0008790019255835,True,True,Conserved Fetal-High Candidate
ENSG00000112769,LAMA4,ENSMUSG00000019846,Lama4,ortholog_one2one,1.0,LAMA4,1.6711545170475,0.471744885096524,6.17778219713372,0.020005269729754,0.0354221382855589,True,1.56508641052649,0.564347605886887,4.61776928090931,0.0402773238754821,0.0743660485089769,True,True,True,3.673120204725112,114.6548220796888,98.02074048913045,8.322267379679147,5.202918410041841,12.0,2.0,True,True,16775.0,3.17292080556151,1.5768965668929,36.1828797916373,4.93843150316675e-05,0.0002142400685342,True,True,Conserved Fetal-High Candidate
ENSG00000171617,ENC1,ENSMUSG00000041773,Enc1,ortholog_one2one,1.0,ENC1,1.66978254162248,5.7449007977861,62.0981522255265,3.44937266169744e-08,4.59718115084848e-07,True,1.65905702826357,5.7953073397874,58.0577956354604,5.92439471510958e-08,1.07195096033974e-06,True,True,True,0.6349318292276058,53.0058862575377,51.994393326592515,37.21650267379677,29.0372280334728,12.0,2.0,True,True,13803.0,1.10394341729566,5.93440097280503,83.1616344153187,8.04153277123817e-07,6.83248036479036e-06,True,True,Conserved Fetal-High Candidate
ENSG00000152377,SPOCK1,ENSMUSG00000056222,Spock1,ortholog_one2one,1.0,SPOCK1,1.66724980457916,-1.08644955075798,10.6233834223307,0.0028999699273653,0.0065746704078841,True,1.24348768710047,-0.91955805149806,4.69042153622441,0.0385557284754475,0.0715757997759672,True,True,True,2.518833668942463,18.275879737697696,18.576475290697672,3.5672941176470587,1.2642677824267785,12.0,2.0,True,True,20745.0,7.87041292286823,1.38101045971005,86.2762023315501,2.54164846721665e-06,1.75881017112903e-05,True,True,Conserved Fetal-High Candidate
ENSG00000118523,CCN2,ENSMUSG00000019997,Ccn2,ortholog_one2one,1.0,CTGF,1.66441653117132,5.29776031679064,5.36123136917361,0.0293731686996934,0.0495799455342115,True,1.50538451944389,5.36070562360837,4.18685199756692,0.0514762506577789,0.091386934869427,True,True,False,1.4731340020964985,160.23686961556828,87.03907384740921,31.383315508021408,30.03985355648536,12.0,2.0,True,True,14219.0,4.71853596181636,3.21419009649871,177.093802830555,1.05599860213055e-08,1.95815673938247e-07,True,True,Conserved Fetal-High Candidate
ENSG00000181045,SLC26A11,ENSMUSG00000039908,Slc26a11,ortholog_one2one,1.0,SLC26A11,1.66318671311429,3.56367767333376,18.0547899554885,0.0002684846152614,0.0008430568659013,True,1.9790787613415,3.58245376916077,22.6190578806721,6.82527158144341e-05,0.0003592117454692,True,True,True,1.001123303471176,10.541516432790754,10.839800637958533,6.536181818181815,3.2944037656903764,12.0,2.0,True,True,268512.0,1.05524789861102,2.48483741430884,14.1534096807877,0.0026084483801075,0.0064696128414217,True,True,Conserved Fetal-High Candidate
ENSG00000079102,RUNX1T1,ENSMUSG00000006586,Runx1t1,ortholog_one2one,1.0,RUNX1T1,1.66315372379473,0.307932831132288,10.4264805693327,0.0034559930085122,0.0076575398427641,True,1.47312035552288,0.41562973257113,7.32028142763582,0.0113810146176782,0.025650521580199,True,True,True,4.3641074379039315,110.1837186294215,64.67079403053086,3.8021283422459895,0.5757322175732219,12.0,2.0,True,True,12395.0,3.83035330431766,4.12210706279507,273.549485629228,9.34880336387115e-10,2.87057799153761e-08,True,True,Conserved Fetal-High Candidate
ENSG00000102226,USP11,ENSMUSG00000031066,Usp11,ortholog_one2one,1.0,USP11,1.66029173349019,4.31359061306221,127.370261513379,3.23168205115324e-11,1.5362586948517e-09,True,1.72528738880789,4.36300754948577,110.754796432376,1.20728744233294e-10,6.10350614596135e-09,True,True,True,1.7279404773188118,85.8585166041204,83.62538555691556,26.865871657754003,22.227991631799163,12.0,2.0,True,True,236733.0,1.62998916845597,3.61509851977549,85.0652585984633,7.12154188116154e-07,6.17293024777244e-06,True,True,Conserved Fetal-High Candidate
ENSG00000171604,CXXC5,ENSMUSG00000046668,Cxxc5,ortholog_one2one,1.0,CXXC5,1.65456215778568,5.49568986327566,52.5623042017175,1.48002397839042e-07,1.5236448356574e-06,True,1.56472388069126,5.54902297082132,46.5115436068225,3.94091620691642e-07,5.07667245897652e-06,True,True,True,0.8628462484238475,62.64711201915595,56.100119485294115,45.78188235294113,15.0130230125523,12.0,2.0,True,True,67393.0,4.02091866229614,5.94162814216591,732.163126640637,2.54055364625219e-12,3.67662296154366e-10,True,True,Conserved Fetal-High Candidate
ENSG00000187210,GCNT1,ENSMUSG00000038843,Gcnt1,ortholog_one2one,1.0,GCNT1,1.64334734221309,6.37765578000494,30.8114617240188,9.52182438962028e-06,4.93984580750099e-05,True,1.66979449450856,6.42572379597834,37.4707873385769,2.18762272748482e-06,2.13017000938926e-05,True,True,True,0.7609999252217646,55.131753620632,39.35369414101291,30.99968983957219,14.624707112970716,12.0,2.0,True,True,14537.0,9.3264709146816,2.6983430309675,116.095516363621,6.29299819669898e-07,5.5745161670559e-06,True,True,Conserved Fetal-High Candidate
ENSG00000164054,SHISA5,ENSMUSG00000025647,Shisa5,ortholog_one2one,1.0,SHISA5,1.63797347179868,6.21909361446185,76.0704577959409,5.3538855737841105e-09,9.97764482351234e-08,True,1.73330029079057,6.25551312717608,72.7693689035329,7.55451862902952e-09,1.95943209642631e-07,True,True,True,0.8437510430865519,101.8519806828898,93.59378674857392,68.25334759358286,35.16063807531381,12.0,2.0,True,True,66940.0,0.799232064544518,5.35621529878665,45.3597993081624,1.85760098749316e-05,9.28382115145792e-05,True,True,Conserved Fetal-High Candidate
ENSG00000126003,PLAGL2,ENSMUSG00000051413,Plagl2,ortholog_one2one,1.0,PLAGL2,1.63360819737149,4.76566459619449,27.7184557208701,1.97292341212306e-05,9.11317364098101e-05,True,1.8446980819601,4.79202854738606,32.6517225605509,6.11009958157034e-06,4.85895728411588e-05,True,True,True,0.9064759363095016,32.55200161293261,30.0453038470963,20.2972192513369,10.82729079497908,12.0,2.0,True,True,54711.0,1.89550041471092,8.4936240767893,429.056405126429,6.322106292501839e-11,4.0160105868757e-09,True,True,Conserved Fetal-High Candidate
ENSG00000142173,COL6A2,ENSMUSG00000020241,Col6a2,ortholog_one2one,1.0,COL6A2,1.63282949133962,2.41399112481161,12.5511345112047,0.0016171804748446,0.0039586743304782,True,1.78014394039822,2.4453909378093,15.373964334926,0.0005588821086313,0.0020886759312881,True,True,True,4.433713301438708,285.3033468820869,289.96781661958573,17.27831016042781,7.649079497907951,12.0,2.0,True,True,12834.0,7.12715495055701,2.64296267389414,185.213400617362,2.09279028741884e-09,5.45272209132964e-08,True,True,Conserved Fetal-High Candidate
ENSG00000175938,ORAI3,ENSMUSG00000043964,Orai3,ortholog_one2one,1.0,ORAI3,1.62897959864346,3.92929847519441,32.0024971704169,7.29275582806497e-06,3.9421680105554e-05,True,2.52541810683434,3.89915508223479,87.6391648256752,1.0022677475023701e-09,3.63835773110066e-08,True,True,True,1.3154734206632286,19.080854865209982,18.349429824561405,7.853860962566845,5.695094142259412,12.0,2.0,True,True,269999.0,0.628138580284354,3.25459401861732,9.33408012152515,0.0097525954523103,0.0201875086834671,True,True,Conserved Fetal-High Candidate
ENSG00000198919,DZIP3,ENSMUSG00000064061,Dzip3,ortholog_one2one,1.0,DZIP3,1.62561224262203,3.62075244133804,35.4432979495177,3.4666746919751e-06,2.09403053046076e-05,True,1.72103316232469,3.66144114010575,36.7133524889302,2.44806108420363e-06,2.33271586672715e-05,True,True,True,0.767923981917241,24.387646496949785,22.88126965140123,15.9333155080214,10.11580543933054,12.0,2.0,True,True,224170.0,1.33491794836951,4.37809517157144,78.1115976794581,1.12709310369628e-06,9.01809950878144e-06,True,True,Conserved Fetal-High Candidate
ENSG00000173950,XXYLT1,ENSMUSG00000047434,Xxylt1,ortholog_one2one,1.0,XXYLT1,1.62393316270953,3.34672324473529,27.4470791659565,2.11408602990471e-05,9.63505140365955e-05,True,1.32200839341376,3.43754567835122,16.2091412463434,0.000462617268689,0.0017826637455678,True,True,True,1.7366055694181552,14.427197291420844,12.458716542343131,4.766502673796791,1.3107426778242677,12.0,2.0,True,True,268880.0,0.720500123020001,5.75992887910469,57.582134929927,5.59274255117648e-06,3.40474505378892e-05,True,True,Conserved Fetal-High Candidate
ENSG00000105971,CAV2,ENSMUSG00000000058,Cav2,ortholog_one2one,1.0,CAV2,1.62294362759503,3.32293274544267,27.8371424665923,1.92310725758717e-05,8.94313573933763e-05,True,1.85399546410962,3.3515748603682,35.0397188474165,3.32882979853945e-06,2.95499424606737e-05,True,True,True,1.085198679611178,26.45242878771779,18.954444444444448,9.6787807486631,7.131370292887026,12.0,2.0,True,True,12390.0,4.16251572495108,1.83388366225153,30.6115646422922,8.45211105277326e-05,0.0003379321518216,True,True,Conserved Fetal-High Candidate
ENSG00000105223,PLD3,ENSMUSG00000003363,Pld3,ortholog_one2one,1.0,PLD3,1.62018326065619,6.29485282791473,57.6117095308655,6.6968938881007e-08,7.95351212000951e-07,True,1.69018474501262,6.33336131063305,61.2043323322318,3.6908495655058e-08,7.29426214813857e-07,True,True,True,1.5262014197782174,201.13580841863225,168.45336847946726,63.22326203208561,52.44187238493721,12.0,2.0,True,True,18807.0,1.02442814561593,4.28804248899617,54.2495469592217,7.58605324809823e-06,4.37421883695018e-05,True,True,Conserved Fetal-High Candidate
ENSG00000138764,CCNG2,ENSMUSG00000029385,Ccng2,ortholog_one2one,1.0,CCNG2,1.61924999244509,4.95953111631222,57.440329661723,6.88048461702581e-08,8.11194535849482e-07,True,2.32716366739594,4.94060975835269,90.6504739515305,9.04587418646507e-10,3.36832637089146e-08,True,True,True,1.3047732442054805,64.80648266131497,62.89789473684209,28.136812834224585,21.59297071129708,12.0,2.0,True,True,12452.0,0.67637683471783,4.47415783404342,13.6758948836815,0.0029339602833478,0.0071609069133808,True,True,Conserved Fetal-High Candidate
ENSG00000135677,GNS,ENSMUSG00000034707,Gns,ortholog_one2one,1.0,GNS,1.6116665627853,5.3218068859461,10.4485508479064,0.0035173843898399,0.0077758873553621,True,1.88822004482497,5.33941995614987,13.5445490695627,0.0011310818609138,0.0037218428300522,True,True,True,0.8407824639372602,51.38572941338688,46.44643398268397,34.840705882352935,16.141841004184105,12.0,2.0,True,True,75612.0,0.72318093219233,6.53946457278885,73.8259771446151,1.52344229314578e-06,1.15771179742825e-05,True,True,Conserved Fetal-High Candidate
ENSG00000046653,GPM6B,ENSMUSG00000031342,Gpm6b,ortholog_one2one,1.0,GPM6B,1.6107912456042,2.27167369130183,5.94019540962218,0.0224636164430169,0.0392666047331038,True,1.31374589763627,2.37006531124788,4.42084698388616,0.0453269796816524,0.0822455036532503,True,True,True,0.5020341836661326,34.583921308706195,25.70513179800222,22.838588235294132,12.874958158995824,12.0,2.0,True,True,14758.0,2.71683344158916,1.34937583305374,30.9449634725483,0.0001068939512397,0.0004117512853681,True,True,Conserved Fetal-High Candidate
ENSG00000139289,PHLDA1,ENSMUSG00000020205,Phlda1,ortholog_one2one,1.0,PHLDA1,1.60913492371211,4.78459504916694,7.19998049742305,0.01294004840917,0.0242475776157704,True,0.811662712157499,4.98254497242074,1.61138731030557,0.216074712618129,0.29982634253097,True,True,True,0.7356963441322596,41.37756142418859,34.68351102941176,17.171636363636356,23.686265690376572,12.0,2.0,True,True,21664.0,0.528451761179876,5.81309227225076,9.76812621908356,0.0085471143180792,0.0180342757576714,True,True,Conserved Fetal-High Candidate
ENSG00000187607,ZNF286A,ENSMUSG00000047342,Zfp286,ortholog_one2one,1.0,ZNF286A,1.60476951300821,1.91098582940007,24.1789572347954,4.84134171863939e-05,0.0001951796245253,True,1.34383767669768,2.0195552199843,16.2944060152704,0.0004082888681347,0.0016010459751129,True,True,True,1.32795833016101,18.226874015261547,15.41077922077922,5.865828877005349,5.208033472803347,12.0,2.0,True,True,192651.0,2.29452446331514,1.26625734191816,33.5401660396542,7.74696803821677e-05,0.0003142691421719,True,True,Conserved Fetal-High Candidate
ENSG00000143344,RGL1,ENSMUSG00000026482,Rgl1,ortholog_one2one,1.0,RGL1,1.60116468731165,2.22471418485362,6.92181199639639,0.0145307520332823,0.0267739911285859,True,2.96394337499038,2.19225066153661,17.344027076506,0.0002636467393283,0.0011117371132017,True,True,True,2.3513222020146123,23.59884569476785,20.05722020348837,5.423347593582887,0.8296652719665272,12.0,2.0,True,True,19731.0,5.29421002586464,4.18700242205829,244.217134890853,1.8957551407549503e-09,5.0581330549121e-08,True,True,Conserved Fetal-High Candidate
ENSG00000179222,MAGED1,ENSMUSG00000025151,Maged1,ortholog_one2one,1.0,MAGED1,1.59813261310107,5.75219273568544,72.7909399138177,8.08918492327605e-09,1.39900407345258e-07,True,1.53730176796989,5.80902835143851,60.3971717194985,4.1680727451964e-08,8.08093835470926e-07,True,True,True,1.8095723350880557,213.7727932398163,231.5577656405164,78.37480213903744,52.31125523012549,12.0,2.0,True,True,94275.0,1.77788979049288,6.61559866003277,288.714055729954,6.67065006005805e-10,2.26563864539829e-08,True,True,Conserved Fetal-High Candidate
ENSG00000184602,SNN,ENSMUSG00000037972,Snn,ortholog_one2one,1.0,SNN,1.59750928838772,1.43266904963665,6.94134228587127,0.0143622717475224,0.0265130131242031,True,1.9934633911682,1.48870713446683,8.50980761320193,0.0068260381046823,0.0166993646987234,True,True,True,0.6661678172585302,9.108305973174994,4.866329599056604,4.099850267379679,1.2938179916317991,12.0,2.0,True,True,20621.0,2.26740413852532,2.85581705600946,77.7706049714048,1.16362862300488e-06,9.24928446966388e-06,True,True,Conserved Fetal-High Candidate
ENSG00000077274,CAPN6,ENSMUSG00000067276,Capn6,ortholog_one2one,1.0,CAPN6,1.59667797854914,-0.141405232859583,10.1547890459,0.0037735077199758,0.0082764857825624,True,1.11361963214914,0.0798278942016117,3.61300810400378,0.0673884838333909,0.114493779641339,True,True,True,3.0443655521941304,13.377466397386591,11.140704772475027,0.5740962566844918,0.369163179916318,12.0,2.0,True,True,12338.0,8.61548969802577,2.04708069934251,106.028588413911,9.67599479728624e-07,7.98179645173909e-06,True,True,Conserved Fetal-High Candidate
ENSG00000147231,RADX,ENSMUSG00000042498,Radx,ortholog_one2one,1.0,CXorf57,1.59664686821023,0.846123415535294,24.8628302656284,3.98488315398117e-05,0.0001653763716027,True,1.80541870172357,0.934513225897031,34.1272290013677,2.63586040439582e-06,2.46962471582485e-05,True,True,False,1.2688615703184427,6.332089399963228,5.804071853588171,2.5955828877005342,1.0516213389121338,12.0,2.0,True,True,102871.0,2.36680606077631,1.07695344460257,11.0868200853812,0.0057155713928256,0.0127295278561526,True,True,Conserved Fetal-High Candidate
ENSG00000136859,ANGPTL2,ENSMUSG00000004105,Angptl2,ortholog_one2one,1.0,ANGPTL2,1.59431523430698,-0.733012814874157,6.07050478129053,0.0203113505777297,0.035874776666149,True,1.64751235636222,-0.614999766768729,4.4501684179506,0.0436208838861034,0.0795741775853308,True,True,True,4.387158260021814,38.82215189744412,31.834349105461396,0.555668449197861,0.5826150627615062,12.0,2.0,True,True,26360.0,1.50819554747748,1.99890756305603,23.4600053961283,0.0003791641648589,0.0012205492482911,True,True,Conserved Fetal-High Candidate
ENSG00000140859,KIFC3,ENSMUSG00000031788,Kifc3,ortholog_one2one,1.0,KIFC3,1.58625005257717,3.33757715922607,9.78997717610762,0.0045000375179689,0.0096470024159908,True,4.60612054459851,3.23473872914854,155.999175876693,5.6347156777827e-13,7.119744650257609e-11,True,True,True,2.8782742759528595,16.168717737374163,16.36438041125541,2.504866310160428,0.2183995815899581,12.0,2.0,True,True,16582.0,2.11666458603597,4.68321092072972,194.06665853531,6.83928373637011e-09,1.38768881855768e-07,True,True,Conserved Fetal-High Candidate
ENSG00000104332,SFRP1,ENSMUSG00000031548,Sfrp1,ortholog_one2one,1.0,SFRP1,1.57905176245083,1.00240851876089,7.00495944259855,0.0139489403607755,0.0258304562727035,True,1.76092460660028,1.05454932825929,9.82028769463386,0.0039727543790858,0.0106168541484518,True,True,True,3.352438530632633,346.8304121611471,34.53900173181593,3.3958395721925134,1.5632217573221758,12.0,2.0,True,True,20377.0,5.17952385717676,2.11186679724252,113.670214923909,2.08121439190809e-08,3.40559659775778e-07,True,True,Conserved Fetal-High Candidate
ENSG00000008513,ST3GAL1,ENSMUSG00000013846,St3gal1,ortholog_one2one,1.0,ST3GAL1,1.57595665566924,0.409107787192876,8.41197402012866,0.0076768748783614,0.0153098326934815,True,1.75578435056811,0.51245181670862,7.61013128690228,0.0100634925439759,0.0231501687157723,True,True,True,1.766015707191116,33.07696401768445,31.766348207475204,4.651925133689839,12.615972803347288,12.0,2.0,True,True,20442.0,3.60453965256319,6.5341396950355,717.238186158822,2.87404157479401e-12,3.86541130876693e-10,True,True,Conserved Fetal-High Candidate
ENSG00000145730,PAM,ENSMUSG00000026335,Pam,ortholog_one2one,1.0,PAM,1.57591894497159,4.45612091472554,38.244449947737,1.94701229113101e-06,1.28056844992234e-05,True,2.02634025078504,4.45342945468346,48.8449412851099,2.57520530162112e-07,3.62114768182574e-06,True,True,True,2.2053468013319084,57.22288774693116,45.0623074127907,12.370352941176476,5.605261506276149,12.0,2.0,True,True,18484.0,2.21689958129545,5.85194489020658,239.643264060286,1.99718520116548e-09,5.24467924424402e-08,True,True,Conserved Fetal-High Candidate
ENSG00000103485,QPRT,ENSMUSG00000030674,Qprt,ortholog_one2one,1.0,QPRT,1.57359057828126,6.85148636563335,13.1549485975657,0.0013055205494434,0.0033040355656307,True,1.51206340167795,6.9054549637348,12.0804789881795,0.0018883099727384,0.0057123351894975,True,True,True,0.7724893574277831,145.55601701108176,123.46278545941126,66.47657754010693,77.24606694560664,12.0,2.0,True,True,67375.0,5.05810759967958,0.817106693397423,43.2829908297715,1.29942036379916e-05,6.8543909364588e-05,True,True,Conserved Fetal-High Candidate
ENSG00000117394,SLC2A1,ENSMUSG00000028645,Slc2a1,ortholog_one2one,1.0,SLC2A1,1.57076950695669,5.59538068473265,12.0678257109776,0.0019282761644217,0.0046184591037658,True,2.48042609862728,5.55911343837947,31.0938252576166,8.68561852087896e-06,6.53568311250181e-05,True,True,True,1.246238658345263,130.63623040219434,99.70212236098722,44.36511229946524,38.53600418410041,12.0,2.0,True,True,20525.0,2.11524330868828,6.58944863290585,391.336992160693,1.09570035235643e-10,6.0033557577257504e-09,True,True,Conserved Fetal-High Candidate
ENSG00000101096,NFATC2,ENSMUSG00000027544,Nfatc2,ortholog_one2one,1.0,NFATC2,1.56745025484547,3.87782623165594,22.059707850238,8.4857650936205e-05,0.0003129400904365,True,1.62943530690459,3.93876334614973,30.3566029342679,1.01060119049458e-05,7.38666885318532e-05,True,True,True,0.7950931551309878,13.481055029795584,14.139823271413828,8.095989304812836,7.354351464435147,12.0,2.0,True,True,18019.0,1.67245475163415,4.41329866209522,91.3037052087229,4.84201993466385e-07,4.51447152731894e-06,True,True,Conserved Fetal-High Candidate
ENSG00000121297,TSHZ3,ENSMUSG00000021217,Tshz3,ortholog_one2one,1.0,TSHZ3,1.56632981718845,-1.13307945984851,7.59596936638861,0.0100650679376233,0.0194549731314421,True,1.3169383715587,-0.976295686022791,3.8353283021512,0.0596476028869076,0.103208577042251,True,True,True,3.17603649560857,40.74367176714518,34.357587719298245,5.790491978609626,0.0335355648535564,12.0,2.0,True,True,243931.0,5.77884700479907,1.43035775961774,71.7040737126113,7.5922181119061e-07,6.5284231644119e-06,True,True,Conserved Fetal-High Candidate
ENSG00000133740,E2F5,ENSMUSG00000027552,E2f5,ortholog_one2one,1.0,E2F5,1.56172255434879,3.05346025364073,20.0633089198096,0.0001488393351109,0.000505388567406,True,1.15978247550689,3.16154928572934,11.6865845290274,0.0021560588815783,0.0063766718447498,True,True,True,0.5870788202907372,2.088772135207969,0.9878065802592224,0.4088877005347594,0.2376359832635983,12.0,2.0,True,True,13559.0,0.982065022712103,4.39050486715864,46.9919516816801,1.56020498827143e-05,8.02029699376287e-05,True,True,Conserved Fetal-High Candidate
ENSG00000174871,CNIH2,ENSMUSG00000024873,Cnih2,ortholog_one2one,1.0,CNIH2,1.56030428986465,-0.329659093483991,11.9944710054974,0.0018672236759553,0.0044861310452447,True,2.12944072833906,-0.25921419681019,15.3489977979465,0.0005174918487702,0.0019583793032564,True,True,True,1.0923769692121297,2.7590410675173502,1.9759193929838392,0.1858181818181818,0.6055230125523012,12.0,2.0,True,True,12794.0,1.69742757297806,0.93113484893549,12.4256247847149,0.0040510513114919,0.0094557673845027,True,True,Conserved Fetal-High Candidate
ENSG00000196923,PDLIM7,ENSMUSG00000021493,Pdlim7,ortholog_one2one,1.0,PDLIM7,1.55763505395687,3.33300729863109,12.6508256189294,0.0015589556929924,0.003842599925927,True,2.01177037213413,3.33514792783747,16.0981242420393,0.0004642859633701,0.0017855252740245,True,True,True,3.343935459181387,137.59095052529435,80.8583800410116,6.397304812834226,7.726527196652719,12.0,2.0,True,True,67399.0,1.71813234257401,2.81993804452216,49.5362706280045,1.20319891666913e-05,6.43607488008549e-05,True,True,Conserved Fetal-High Candidate
ENSG00000100234,TIMP3,ENSMUSG00000020044,Timp3,ortholog_one2one,1.0,TIMP3,1.55657704916206,4.23439165157179,8.88714834941638,0.0064512922358239,0.0131715117892414,True,1.32812483163346,4.31513235142267,6.44046125645343,0.0178168538566647,0.0372682003448369,True,True,True,3.296142176377278,104.09300595724056,107.23266910879168,8.144096256684495,11.892813807531386,12.0,2.0,True,True,21859.0,1.5249117109502,4.35005901867306,64.6847736119918,3.06156247036781e-06,2.05058357785296e-05,True,True,Conserved Fetal-High Candidate
ENSG00000267534,S1PR2,ENSMUSG00000043895,S1pr2,ortholog_one2one,1.0,S1PR2,1.55112827501636,0.0100018670208854,8.13861354036222,0.0084807556457744,0.0167124090696324,True,1.20454340978652,0.146269106674711,4.12234576641748,0.0516873517736134,0.0916960359856599,True,True,True,2.7649042377147808,32.78969169318539,30.30591997264022,3.2226631016042777,3.988985355648535,12.0,2.0,True,True,14739.0,0.806717877723823,2.16761728426299,10.3305909685339,0.0072410821686507,0.0156379185715191,True,True,Conserved Fetal-High Candidate
ENSG00000078177,N4BP2,ENSMUSG00000037795,N4bp2,ortholog_one2one,1.0,N4BP2,1.54939149709428,4.51644704481191,38.4573592994502,1.86574409643405e-06,1.23773209416345e-05,True,1.74589453792473,4.54271039363004,44.0620353823153,6.10617948038927e-07,7.33756415122678e-06,True,True,True,2.013481884045354,73.06970993736012,67.1792575349179,20.194064171122996,11.578483263598327,12.0,2.0,True,True,333789.0,1.96280372624333,7.49035898399289,600.124237899363,8.426592677994029e-12,8.69702751277616e-10,True,True,Conserved Fetal-High Candidate
ENSG00000164111,ANXA5,ENSMUSG00000027712,Anxa5,ortholog_one2one,1.0,ANXA5,1.5439751948827,6.65521173074383,25.674937069381,3.27113328823191e-05,0.000139768033481,True,1.41007265286027,6.71976305764032,21.2582426731374,0.0001036325736595,0.0005069727708318,True,True,True,1.5480768729447754,245.6663451385367,259.0897653223969,111.24300534759344,64.64050209205024,12.0,2.0,True,True,11747.0,1.95863058850126,3.10927923618399,80.4722411469697,9.63363422230874e-07,7.9517796674407e-06,True,True,Conserved Fetal-High Candidate
ENSG00000153317,ASAP1,ENSMUSG00000022377,Asap1,ortholog_one2one,1.0,ASAP1,1.53949153270113,3.15598394799138,31.2982946415304,8.56814542690213e-06,4.52698536537572e-05,True,1.56617334653683,3.21243228278966,29.0295846016229,1.31827085137903e-05,9.2348146197533e-05,True,True,True,2.5032370942520132,61.48847652049235,55.563214285714295,15.182385026737965,2.7709100418410033,12.0,2.0,True,True,13196.0,2.2191408551481,4.40724587659205,115.775133110197,1.30275309402586e-07,1.53358573774185e-06,True,True,Conserved Fetal-High Candidate
ENSG00000112335,SNX3,ENSMUSG00000019804,Snx3,ortholog_one2one,1.0,SNX3,1.53576030430425,8.29213393757097,52.0810792064309,1.59979980640171e-07,1.62344981495526e-06,True,1.71487452290316,8.31801019772361,56.784584889951,7.1409452147876e-08,1.24282528953856e-06,True,True,True,1.1110187783107048,128.94777744239903,129.83251387347394,56.78234224598932,62.35992677824265,12.0,2.0,True,True,54198.0,0.698654919035633,7.41211642801025,78.7066131126085,1.08180004010056e-06,8.71330050447603e-06,True,True,Conserved Fetal-High Candidate
ENSG00000169635,HIC2,ENSMUSG00000050240,Hic2,ortholog_one2one,1.0,HIC2,1.5344190172315,4.46918759043902,25.7677205789857,3.19823991117557e-05,0.0001371147995678,True,1.90588496355982,4.48667256913595,39.4237905714712,1.46885878943577e-06,1.53263004896509e-05,True,True,True,1.3182116642227533,43.02499114875403,35.272461311717024,18.64632085561498,8.446495815899587,12.0,2.0,True,True,58180.0,2.16443851006883,5.12932203948641,252.419412939988,1.4727097647292e-09,4.11925584193374e-08,True,True,Conserved Fetal-High Candidate
ENSG00000165410,CFL2,ENSMUSG00000062929,Cfl2,ortholog_one2one,1.0,CFL2,1.53262491919351,2.99236472442915,28.1544090761912,1.78416178190166e-05,8.39613878253828e-05,True,1.24845500996031,3.08204550600308,20.8957856990246,0.0001114152019025,0.0005385171541542,True,True,True,1.5927024904874036,38.61051484781586,24.05745577830189,7.974438502673797,6.641150627615064,12.0,2.0,True,True,12632.0,1.08563710354631,4.8645608726797,56.6846892494842,6.06240880898949e-06,3.64423989219423e-05,True,True,Conserved Fetal-High Candidate
ENSG00000115419,GLS,ENSMUSG00000026103,Gls,ortholog_one2one,1.0,GLS,1.52786510912858,6.59415651628339,14.9021366675301,0.0007238086867755,0.0019883489867402,True,1.95341591188042,6.59206816983343,22.2100994122916,7.96634902981712e-05,0.0004092837929076,True,True,True,0.6465009947646616,71.8549754899011,65.12046210106384,57.24166844919786,25.23751046025104,12.0,2.0,True,True,14660.0,0.847090420040734,7.8531930659918,93.8247810088774,4.16993186666205e-07,3.98399200519199e-06,True,True,Conserved Fetal-High Candidate
ENSG00000010810,FYN,ENSMUSG00000019843,Fyn,ortholog_one2one,1.0,FYN,1.51551087111922,2.65441227073292,19.653625198802,0.0001676946398674,0.0005608074500109,True,1.99501503199034,2.67111314055137,41.8312622620938,6.76704743522706e-07,8.00967306248703e-06,True,True,True,1.9082042440665323,44.15936747882182,36.7275561465721,7.317422459893048,10.78562761506276,12.0,2.0,True,True,14360.0,2.84805751968895,3.97939580760609,150.417330652414,2.97425797536759e-08,4.54641454466638e-07,True,True,Conserved Fetal-High Candidate
ENSG00000116857,TMEM9,ENSMUSG00000026411,Tmem9,ortholog_one2one,1.0,TMEM9,1.51285409994426,5.48392515124829,27.1147829789804,2.28515175688658e-05,0.0001029592323509,True,1.04734967900354,5.6046022654061,13.6530038402999,0.0010885951307564,0.003601392318186,True,True,True,1.139675334120796,79.82228712159021,81.0305330882353,43.086641711229944,29.374393305439323,12.0,2.0,True,True,66241.0,1.66950176190942,4.45955478045112,80.791731531084,9.40205579619052e-07,7.79445646765134e-06,True,True,Conserved Fetal-High Candidate
ENSG00000205978,NYNRIN,ENSMUSG00000075592,Nynrin,ortholog_one2one,1.0,NYNRIN,1.50991911590887,3.75323271860385,54.0499375521766,1.17055162387687e-07,1.25747657528138e-06,True,1.08533341673088,3.87559437617053,26.369326992706,2.67592159439324e-05,0.0001655941209197,True,True,True,1.2344461773234492,31.13539902068015,22.429289215686275,10.367721925133692,7.547437238493722,12.0,2.0,True,True,277154.0,6.89284883231048,6.69736910577656,1557.08403023478,2.75623550088522e-14,1.6784409707230598e-11,True,True,Conserved Fetal-High Candidate
ENSG00000047648,ARHGAP6,ENSMUSG00000031355,Arhgap6,ortholog_one2one,1.0,ARHGAP6,1.50452688903842,-0.0426103750458212,14.5672628689646,0.0007753429883885,0.0021093837782036,True,1.14713939437674,0.104632519405146,8.40636840102978,0.0070900932993784,0.0172234773807664,True,True,True,1.5589951207977528,9.948780133507684,8.159197502312672,2.892042780748663,1.324989539748954,12.0,2.0,True,True,11856.0,1.06870649553583,2.08403256185887,9.74605962080809,0.0086127041244538,0.0181542139495874,True,True,Conserved Fetal-High Candidate
ENSG00000100154,TTC28,ENSMUSG00000033209,Ttc28,ortholog_one2one,1.0,TTC28,1.50134315328271,2.99542542968394,33.3724903564115,5.41279660826e-06,3.06282975487761e-05,True,1.4105184006374,3.05917850963078,38.1872112068983,1.7432336015644e-06,1.76068623133559e-05,True,True,True,1.8556050169446456,45.83336646047261,37.98454599056604,14.467315508021391,5.076851464435148,12.0,2.0,True,True,209683.0,4.67594201794859,3.61867111760974,291.507831431258,6.71263484024319e-10,2.26739955931297e-08,True,True,Conserved Fetal-High Candidate
ENSG00000166963,MAP1A,ENSMUSG00000027254,Map1a,ortholog_one2one,1.0,MAP1A,1.48995377969222,0.580716031360378,13.812530215292,0.0010298636332071,0.0027041715455308,True,1.58866905861462,0.666060379887664,13.2100105761498,0.0010877886288089,0.0035994104285075,True,True,True,2.1937090437902222,25.14372038332233,23.139462074303403,2.588898395721926,5.964330543933054,12.0,2.0,True,True,17754.0,1.65815461980749,4.0342199243992,73.0701548073175,1.61008828901665e-06,1.20906460687917e-05,True,True,Conserved Fetal-High Candidate
ENSG00000107562,CXCL12,ENSMUSG00000061353,Cxcl12,ortholog_one2one,1.0,CXCL12,1.48953852080312,1.62353369751283,8.44277188327433,0.0076481713214191,0.0152645754292221,True,1.91216290575223,1.64018078118984,12.0361018355658,0.0016962360884064,0.0052130868944434,True,True,True,3.4277818165610605,340.1317218214824,152.87156261664802,15.82592513368984,10.771255230125522,12.0,2.0,True,True,20315.0,8.47762239842749,1.92331507524526,63.9971002739195,9.93281729908318e-06,5.47447730000393e-05,True,True,Conserved Fetal-High Candidate
ENSG00000174938,SEZ6L2,ENSMUSG00000030683,Sez6l2,ortholog_one2one,1.0,SEZ6L2,1.48943368352702,4.79976889034927,11.8715552653857,0.0020663872146845,0.0049035811097001,True,1.18317820699806,4.90336660857967,7.07917638370381,0.0134723140456099,0.0295166153181089,True,True,True,0.6384930285951034,31.670977263765536,32.7196002210759,20.902652406417108,20.419184100418416,12.0,2.0,True,True,233878.0,2.4742732459137,3.47525784864809,153.739987021464,2.62919242505597e-08,4.10857605014028e-07,True,True,Conserved Fetal-High Candidate
ENSG00000050628,PTGER3,ENSMUSG00000040016,Ptger3,ortholog_one2one,1.0,PTGER3,1.4890687588256,-0.961268906909395,7.30642302495216,0.0115798359831492,0.0219908036684906,True,3.48581752163997,-0.959095850632468,36.7641355482482,1.6549785285755e-06,1.69024057844862e-05,True,True,True,1.591972166696273,17.863679123586618,14.588885933806148,7.85812834224599,0.4840899581589958,12.0,2.0,True,True,19218.0,4.01713815358571,1.70999873710464,52.0402778181798,5.52675294484058e-06,3.36765165709874e-05,True,True,Conserved Fetal-High Candidate
ENSG00000155906,RMND1,ENSMUSG00000019763,Rmnd1,ortholog_one2one,1.0,RMND1,1.48404824362974,5.05275613509822,71.1832589035386,9.961882814257852e-09,1.63841179051517e-07,True,1.43727109643384,5.11129847812066,66.8765677910147,1.66555286832922e-08,3.77786580016322e-07,True,True,True,0.8687820305140593,20.956369170166777,24.112660628844843,11.373208556149734,14.130627615062766,12.0,2.0,True,True,66084.0,0.599082890958848,3.14453673443471,8.45169987209386,0.0128752420837474,0.0258164116118996,True,True,Conserved Fetal-High Candidate
ENSG00000160050,CCDC28B,ENSMUSG00000028795,Ccdc28b,ortholog_one2one,1.0,CCDC28B,1.48065115635558,2.56063433417906,29.5497530569826,1.2842774949383e-05,6.3686891407036e-05,True,1.32357959048971,2.63881048364453,22.0290253636394,7.77961301778472e-05,0.0004006881718153,True,True,True,2.8871427443664865,42.08971571292293,37.74065586109995,5.420106951871659,3.0531171548117157,12.0,2.0,True,True,66264.0,0.792973594974592,2.64421363869864,13.174409275404,0.0033319158918133,0.0079858016532137,True,True,Conserved Fetal-High Candidate
ENSG00000115204,MPV17,ENSMUSG00000107283,Mpv17,ortholog_one2one,1.0,MPV17,1.47902207395248,5.0789844807512,64.3753725444526,2.49771472450751e-08,3.50765166564132e-07,True,1.31215348659046,5.1537738797177,47.811067691397,3.14078132036012e-07,4.26772415590359e-06,True,True,True,1.0809749658585943,44.36817505345218,50.04040118679051,26.44385026737965,19.81069037656904,12.0,2.0,True,True,17527.0,1.38664913879952,4.12967064778988,74.5372515879741,1.44811324274197e-06,1.10997004685472e-05,True,True,Conserved Fetal-High Candidate
ENSG00000107796,ACTA2,ENSMUSG00000035783,Acta2,ortholog_one2one,1.0,ACTA2,1.4774146129458,4.3050499934581,6.93555787932422,0.014497981889171,0.026724688440391,True,1.31196642976064,4.3791443095339,5.88242724943092,0.0229081863491305,0.0460285837806986,True,True,True,2.0582221509007206,19.583722137715828,8.7512774122807,2.2137860962566847,0.4690062761506275,12.0,2.0,True,True,11475.0,6.01796412179746,2.87189868415756,106.80965032077,3.15193964602402e-08,4.74716339900043e-07,True,True,Conserved Fetal-High Candidate
ENSG00000126262,FFAR2,ENSMUSG00000051314,Ffar2,ortholog_one2one,1.0,FFAR2,1.47388109914381,-0.79347245171842,12.3324060734366,0.0015831733585601,0.0038931940456792,True,2.46529105422597,-0.747565463020694,18.8100369991153,0.0001648963064591,0.0007482428634099,True,True,True,1.0214239670772842,10.06082656508818,5.891169342848647,4.469989304812834,0.319602510460251,12.0,2.0,True,True,233079.0,2.54344876684063,4.19327017016914,148.874599672946,3.14858942780013e-08,4.74716339900043e-07,True,True,Conserved Fetal-High Candidate
ENSG00000204304,PBX2,ENSMUSG00000034673,Pbx2,ortholog_one2one,1.0,PBX2,1.47128524281416,4.56538972078601,48.0407552357482,3.15688966170278e-07,2.84327970088216e-06,True,1.54898418377604,4.59794226248724,44.9549098630513,5.21025921737227e-07,6.42561605826892e-06,True,True,True,0.6730983098386929,14.553154919729238,13.589120065789473,10.91736898395722,5.382008368200839,12.0,2.0,True,True,18515.0,0.964415430245312,5.26200160547716,44.6282938046555,2.01211128066348e-05,9.929299329412e-05,True,True,Conserved Fetal-High Candidate
ENSG00000066468,FGFR2,ENSMUSG00000030849,Fgfr2,ortholog_one2one,1.0,FGFR2,1.46948151522935,4.06626691846281,8.48114646639261,0.007557235895217,0.0150983365525411,True,2.05953594820216,4.05958500938714,15.2574740641941,0.0006280199222535,0.0022951562112348,True,True,True,1.4100768691110697,79.19884510130872,65.29353367562669,34.81060962566845,13.080794979079496,12.0,2.0,True,True,14183.0,1.29734746215883,6.49556341879308,226.916982567233,2.7487765214739402e-09,6.77726122350076e-08,True,True,Conserved Fetal-High Candidate
ENSG00000188811,NHLRC3,ENSMUSG00000042997,Nhlrc3,ortholog_one2one,1.0,NHLRC3,1.45644911913681,5.22082532003913,25.3485991637471,3.55483579710599e-05,0.0001498374244588,True,1.37158615806794,5.27983153367402,19.0623535864581,0.0001954825032845,0.0008631074801508,True,True,True,0.6958274489137266,37.67938844563506,37.76157002676182,31.346149732620297,14.513158995815894,12.0,2.0,True,True,212114.0,1.0313553142214,5.90302330688881,104.431443211962,2.31129684078692e-07,2.47766555058269e-06,True,True,Conserved Fetal-High Candidate
ENSG00000065600,PACC1,ENSMUSG00000026627,Pacc1,ortholog_one2one,1.0,TMEM206,1.45374941707368,2.16915519283027,13.6358495484543,0.0011100921838022,0.0028820573796467,True,1.13236892025296,2.29209186488037,7.44750188224134,0.0112545043381633,0.0254347693768963,True,True,False,1.031168010423244,6.954003105305296,8.474097222222223,3.91536898395722,3.3562447698744773,12.0,2.0,True,True,66950.0,1.11344909623131,4.19850939543744,64.5222510630465,3.10196624716824e-06,2.07431334077338e-05,True,True,Conserved Fetal-High Candidate
ENSG00000198780,FAM169A,ENSMUSG00000041817,Fam169a,ortholog_one2one,1.0,FAM169A,1.44523150888299,1.65609068676155,15.6718401862228,0.0005652615762522,0.0016089954473565,True,1.34761628037738,1.73653552960863,11.4615717693349,0.0021725723952803,0.0064167619068772,True,True,True,1.161514581012702,11.426081234703682,10.239885509227616,5.99042780748663,2.058995815899582,12.0,2.0,True,True,320557.0,1.1476823049036,3.07889305409416,35.0180984766046,6.42208011482925e-05,0.0002671151972784,True,True,Conserved Fetal-High Candidate
ENSG00000119280,C1orf198,ENSMUSG00000031983,2310022B05Rik,ortholog_one2one,1.0,C1orf198,1.44399837503352,3.57278747244912,24.9407096374131,3.95507347625491e-05,0.0001643310384069,True,1.21104031955222,3.66127504514674,16.9600382323975,0.0003675635383776,0.0014655244756268,True,True,True,1.79723634608547,43.267955109476816,45.13529704338216,16.493368983957225,8.05520920502092,12.0,2.0,True,True,69551.0,0.891183808354447,5.4521499890827,78.4905445748736,1.0979450344388e-06,8.81667080127756e-06,True,True,Conserved Fetal-High Candidate
ENSG00000117906,RCN2,ENSMUSG00000032320,Rcn2,ortholog_one2one,1.0,RCN2,1.43794550804009,6.7065875221592,12.9745729885839,0.0013899573573969,0.003484988274878,True,1.09362171977341,6.80347419304036,8.38310362465574,0.0077814119088855,0.0186007796449899,True,True,True,0.8916997908440497,116.7315758454406,109.71616498464238,68.40148663101607,48.94582635983269,12.0,2.0,True,True,26611.0,0.651897374666992,4.62659528185551,25.6303438329715,0.0002592271525666,0.0008777594886248,True,True,Conserved Fetal-High Candidate
ENSG00000116791,CRYZ,ENSMUSG00000028199,Cryz,ortholog_one2one,1.0,CRYZ,1.43620320884415,5.0730191769103,18.2855817457667,0.0002500835742152,0.0007925554128293,True,1.64836385485511,5.09725756927665,40.2616939994416,1.26112943812912e-06,1.34499803383014e-05,True,True,True,1.1248132772910413,25.436459805778863,25.405657894736844,13.741005347593578,8.476223849372385,12.0,2.0,True,True,12972.0,5.81201694247218,3.92543794485674,421.887170217438,4.54789919005579e-11,3.08932294981647e-09,True,True,Conserved Fetal-High Candidate
ENSG00000068650,ATP11A,ENSMUSG00000031441,Atp11a,ortholog_one2one,1.0,ATP11A,1.43613228887107,3.80831984048931,20.1277917662722,0.0001458286748509,0.0004966835268534,True,1.36668122172393,3.87011570733258,20.4896270286638,0.0001282797864478,0.0006053605804847,True,True,True,1.9037145033509872,22.192083796589458,22.182938596491223,4.8661176470588225,5.52536610878661,12.0,2.0,True,True,50770.0,2.74048185183894,6.09716872094686,483.372602487978,3.0961217258577e-11,2.36906693437181e-09,True,True,Conserved Fetal-High Candidate
ENSG00000138175,ARL3,ENSMUSG00000025035,Arl3,ortholog_one2one,1.0,ARL3,1.43470986675477,4.9018913023625,24.0882238790543,4.92328148036335e-05,0.0001980787993649,True,1.16911480343654,4.99157238821667,16.2502644550714,0.0004627899256749,0.0017827336327216,True,True,True,1.5544306587583276,59.7237025226243,51.33350830533781,19.578181818181807,14.057050209205022,12.0,2.0,True,True,56350.0,1.41335396313945,2.33069644931797,16.42816411321,0.0015318984806589,0.0041029363048667,True,True,Conserved Fetal-High Candidate
ENSG00000119919,NKX2-3,ENSMUSG00000044220,Nkx2-3,ortholog_one2one,1.0,NKX2-3,1.43226605099492,-0.754203847833728,6.11575953193542,0.02003475191577,0.0354637449532531,True,0.863766727263279,-0.579205688663153,2.18795400192554,0.149813100973082,0.22171678362522,True,True,True,4.70964183582535,36.55114176408243,42.23035775545208,0.5971871657754011,0.7070815899581591,12.0,2.0,True,True,18089.0,4.74465745944286,0.56323317900889,35.3729407606502,3.73126836392226e-05,0.0001680017145663,True,True,Conserved Fetal-High Candidate
ENSG00000154654,NCAM2,ENSMUSG00000022762,Ncam2,ortholog_one2one,1.0,NCAM2,1.42577718934861,-0.411960015685115,7.2845203058461,0.0120147036229836,0.0226833827878333,True,1.20731919474485,-0.245148793728475,3.64321096800928,0.0663326048081155,0.112954205949992,True,True,True,1.3755371230983335,4.81175684231555,4.476833039841515,1.968631016042781,0.2530125523012552,12.0,2.0,True,True,17968.0,1.84905220181048,2.86746254930433,51.4935820747544,9.90793638481937e-06,5.46843033064887e-05,True,True,Conserved Fetal-High Candidate
ENSG00000171365,CLCN5,ENSMUSG00000004317,Clcn5,ortholog_one2one,1.0,CLCN5,1.42048097500837,4.17464853189726,21.2469194848054,0.0001061853572166,0.0003784822505922,True,1.68449079578588,4.1855492555708,27.5930991759753,1.96702284240775e-05,0.000129091453712,True,True,True,0.7219575528974175,18.48659137765194,16.082017543859646,13.541550802139044,5.171223849372385,12.0,2.0,True,True,12728.0,2.30830382388545,7.57657462291091,786.394581509945,1.6461332515182898e-12,2.70575532231044e-10,True,True,Conserved Fetal-High Candidate
ENSG00000180447,GAS1,ENSMUSG00000052957,Gas1,ortholog_one2one,1.0,GAS1,1.41560095522578,-0.333555357005464,13.207659855986,0.0012104572500375,0.0031018621286275,True,1.21599035395931,-0.17372946123501,7.03483330217275,0.0128905658065975,0.0284540259351328,True,True,True,2.613469988143836,24.774577630767883,21.65277217463388,0.1049090909090909,5.298274058577405,12.0,2.0,True,True,14451.0,7.46103636903847,1.02739845100896,30.0483257529562,0.000243547531109,0.0008310076445888,True,True,Conserved Fetal-High Candidate
ENSG00000156384,SFR1,ENSMUSG00000025066,Sfr1,ortholog_one2one,0.0,SFR1,1.41205074414394,3.18297720943703,52.9800206439291,1.39443546493662e-07,1.45235314183411e-06,True,1.39811131338317,3.23800768673624,45.2474362303921,4.59122303130655e-07,5.76044121758722e-06,True,True,True,0.5844398010239316,8.704614440976362,8.946636029411764,6.888085561497326,4.378901673640167,12.0,2.0,True,True,67788.0,0.527563864578767,7.04950853531086,42.2490588984456,2.6285905678547e-05,0.0001247666838517,True,True,Conserved Fetal-High Candidate
ENSG00000170464,DNAJC18,ENSMUSG00000024350,Dnajc18,ortholog_one2one,1.0,DNAJC18,1.41140493626479,1.63614136083258,15.069719096061,0.0006870405507681,0.001900559195909,True,1.28974439847442,1.72306369459039,11.1407358482213,0.002454923757815,0.0070972737496845,True,True,True,1.8292878104025485,29.378431372112715,28.05545106132076,9.083165775401072,5.269445606694562,12.0,2.0,True,True,76594.0,0.822746791165471,4.00145083893076,31.1368789131259,0.0001100245108704,0.0004213017939974,True,True,Conserved Fetal-High Candidate
ENSG00000146592,CREB5,ENSMUSG00000053007,Creb5,ortholog_one2one,1.0,CREB5,1.40907411996686,0.335922925078336,6.24266311194725,0.0193897395403543,0.034473017928796,True,1.36022034095638,0.424671515716855,4.98108500626243,0.0336293224091748,0.0637117591924884,True,True,True,1.1314829322080266,21.818503709867937,18.89114809782609,12.651379679144384,3.507102510460251,12.0,2.0,True,True,231991.0,3.01959057626822,1.09697443189632,17.8874247138181,0.000972860059888,0.0027658891388745,True,True,Conserved Fetal-High Candidate
ENSG00000122778,KIAA1549,ENSMUSG00000063455,D630045J12Rik,ortholog_one2one,1.0,KIAA1549,1.40614499425142,2.39805124550616,8.80359937845826,0.0066106761811402,0.0134598272817787,True,0.849973598543809,2.53549692162497,3.38914359570229,0.0773480295351635,0.128177156765749,True,True,True,2.103278075911662,23.75729385266914,23.352229702162383,7.025497326203208,2.3094351464435143,12.0,2.0,True,True,330286.0,1.32660190686805,3.40345632885195,36.1163807801672,5.55837264019649e-05,0.000236782744454,True,True,Conserved Fetal-High Candidate
ENSG00000131018,SYNE1,ENSMUSG00000096054,Syne1,ortholog_one2one,1.0,SYNE1,1.3967902023262,2.20327538638372,13.078238887211,0.0013447405642957,0.0033878620508167,True,2.0144967730419,2.18803991276915,19.2108878093164,0.0001541797906291,0.0007073843804858,True,True,True,1.234260899071438,60.29470940935513,57.55875591016548,18.492181818181816,29.289811715481175,12.0,2.0,True,True,64009.0,5.27202191232932,4.25748762729244,414.583108314114,8.47022037444769e-11,4.92456393298675e-09,True,True,Conserved Fetal-High Candidate
ENSG00000203965,EFCAB7,ENSMUSG00000073791,Efcab7,ortholog_one2one,1.0,EFCAB7,1.39655530393563,1.81719441490974,48.4103022247174,2.99763024513464e-07,2.73447245398916e-06,True,1.17301779947668,1.9490640497785,22.6624163184129,6.01135112797785e-05,0.0003229379714324,True,True,True,1.899440406976617,9.46297112868749,9.457244318181822,1.7340641711229945,1.8720083682008368,12.0,2.0,True,True,230500.0,0.794110922529046,1.83740824072039,6.83411242453825,0.022279282276909,0.0414688052893564,True,True,Conserved Fetal-High Candidate
ENSG00000122970,IFT81,ENSMUSG00000029469,Ift81,ortholog_one2one,1.0,IFT81,1.39601439811574,2.87121490438759,21.7599132721041,9.2392362657783e-05,0.0003370908712687,True,1.31857376351052,2.9337168464615,17.4255354686144,0.0003088168885871,0.001266806300417,True,True,True,1.2251431509290356,23.594296658913027,24.68210665174288,11.11834224598931,8.852960251046026,12.0,2.0,True,True,12589.0,1.0223223497072,2.68055711230992,18.7214558257184,0.0009341452889228,0.0026746688982192,True,True,Conserved Fetal-High Candidate
ENSG00000122870,BICC1,ENSMUSG00000014329,Bicc1,ortholog_one2one,1.0,BICC1,1.39555467113418,1.20925314138619,6.68092576328519,0.0160780157990955,0.0292281229951042,True,0.839247833139696,1.36116272737496,2.91320202007882,0.0992656982463872,0.157460315931192,True,True,True,3.0475486350498935,20.23621831820095,17.85395110115715,1.0610588235294118,1.4996129707112973,12.0,2.0,True,True,83675.0,6.33919274511764,4.41666632359185,516.141131737368,1.3165544640503698e-11,1.2610508010335702e-09,True,True,Conserved Fetal-High Candidate
ENSG00000171700,RGS19,ENSMUSG00000002458,Rgs19,ortholog_one2one,1.0,RGS19,1.39192976460179,0.481190570974619,13.5810245556237,0.0011100294349274,0.0028820573796467,True,1.30862983641973,0.581969302389437,8.31284172542304,0.0073859328255355,0.0178124678789009,True,True,True,0.6599716692188003,7.875760842670435,5.462192982456141,3.942673796791444,2.237050209205021,12.0,2.0,True,True,56470.0,1.15215302595548,2.42908696350365,23.0703907947231,0.0004045988428932,0.0012936669054468,True,True,Conserved Fetal-High Candidate
ENSG00000164162,ANAPC10,ENSMUSG00000036977,Anapc10,ortholog_one2one,1.0,ANAPC10,1.38778329418892,4.23210392477788,44.9660463934636,5.43288753433829e-07,4.45531861037825e-06,True,1.35002740041839,4.28959158815009,41.9689900173151,9.04964928791168e-07,1.02099814332798e-05,True,True,True,0.6408216400534276,28.675421270725753,28.00314871481028,19.81438502673797,15.387813807531392,12.0,2.0,True,True,68999.0,0.601181156969433,2.67769901887364,7.60904917217245,0.0170129980212052,0.0328313051637931,True,True,Conserved Fetal-High Candidate
ENSG00000115355,CCDC88A,ENSMUSG00000032740,Ccdc88a,ortholog_one2one,1.0,CCDC88A,1.3862726784177,2.00498269169053,9.76120861575947,0.0045317619775658,0.009697905175631,True,1.22757746570613,2.07050984309223,6.63233163897859,0.0159485035013264,0.0339473052937948,True,True,True,2.7170486357144923,111.99277742723184,92.03404255319148,17.007871657754,9.290324267782427,12.0,2.0,True,True,108686.0,4.83876194626705,2.8604620933852,169.878869930801,9.25305562259836e-09,1.75993117941821e-07,True,True,Conserved Fetal-High Candidate
ENSG00000163001,CFAP36,ENSMUSG00000020462,Cfap36,ortholog_one2one,1.0,CFAP36,1.38622556208825,4.68242536092261,44.3360678884475,6.08406102852748e-07,4.90337810635495e-06,True,1.19151330556126,4.76910304385259,27.5320340034697,2.01642407747992e-05,0.0001316365334553,True,True,True,0.9135150368696736,45.691608261233206,49.38205741626793,30.28186096256683,21.212803347280325,12.0,2.0,True,True,216618.0,0.5918033062444,3.93173544924432,12.1750639463242,0.0043247071226488,0.0099998524888757,True,True,Conserved Fetal-High Candidate
ENSG00000167291,TBC1D16,ENSMUSG00000039976,Tbc1d16,ortholog_one2one,1.0,TBC1D16,1.38177145012592,3.46867288807277,32.1182371533134,7.11778286771862e-06,3.85579103001735e-05,True,0.739588416807001,3.64865326354044,8.57149642045903,0.0072087394193581,0.0174530551701833,True,True,True,1.4119466930366509,26.925579298107625,19.638726858248138,6.308288770053473,7.203953974895398,12.0,2.0,True,True,207592.0,3.08979866746845,5.38088422800026,590.780742372524,9.27199915613182e-12,9.49595359728762e-10,True,True,Conserved Fetal-High Candidate
ENSG00000251247,ZNF345,ENSMUSG00000051034,Zfp11,ortholog_one2one,0.0,ZNF345,1.37370484698531,1.8970018553779,37.5522702485116,2.25897447102483e-06,1.4543288448156e-05,True,1.01787398163527,2.04886559106298,14.5489066511759,0.0007511758233668,0.0026655220627938,True,True,True,1.3748573258168388,8.818526865974526,6.41966112012987,2.461561497326203,1.260345188284519,12.0,2.0,True,True,22648.0,0.56180776414292,2.99297305653882,8.82429293307265,0.01143168613851,0.023190837916825,True,True,Conserved Fetal-High Candidate
ENSG00000130638,ATXN10,ENSMUSG00000016541,Atxn10,ortholog_one2one,1.0,ATXN10,1.37268980458799,5.80580555948602,37.0832306372995,2.45933735037391e-06,1.56270760372758e-05,True,1.02868792097816,5.91064159944575,20.5665546719943,0.0001260963063565,0.0005966793313057,True,True,True,1.4650882628773394,108.04899627854252,97.40710754158124,36.261764705882314,33.02697698744773,12.0,2.0,True,True,54138.0,1.7327276289845,5.68328294691005,174.027588494615,1.28389141325157e-08,2.27916403680419e-07,True,True,Conserved Fetal-High Candidate
ENSG00000130881,LRP3,ENSMUSG00000001802,Lrp3,ortholog_one2one,1.0,LRP3,1.36981540287496,3.13857051803421,29.7063682158429,1.23461495549688e-05,6.15801172382603e-05,True,0.824927113286742,3.28194759514534,12.7676869622167,0.001473988110993,0.0046359691321281,True,True,True,1.3644432005582576,25.235469989137528,24.24859649122807,8.61119786096257,9.001119246861924,12.0,2.0,True,True,435965.0,2.39135010809624,1.64483777449138,26.3243150106295,0.0002344148345665,0.0008062513839883,True,True,Conserved Fetal-High Candidate
ENSG00000163818,LZTFL1,ENSMUSG00000025245,Lztfl1,ortholog_one2one,1.0,LZTFL1,1.35782286110358,3.63821888595125,74.8110539819841,6.306847440629091e-09,1.14400595558934e-07,True,1.02860661585425,3.7499187250095,40.5262330501673,1.18670398501783e-06,1.27898680422543e-05,True,True,True,0.6709961518480344,15.816168592675425,16.195426065162906,9.953465240641712,9.646495815899586,12.0,2.0,True,True,93730.0,0.864649107575239,3.98436068418185,27.8181151178945,0.0001817583423867,0.0006472509882392,True,True,Conserved Fetal-High Candidate
ENSG00000146733,PSPH,ENSMUSG00000029446,Psph,ortholog_one2one,1.0,PSPH,1.35193536382434,4.65293660098471,14.2243969756494,0.0009069041063018,0.0024209982141052,True,1.18544046807367,4.72909024198747,15.4807055069372,0.0005927404089668,0.002186951217604,True,True,True,0.5154817232526445,10.071413664999008,9.43938596491228,7.426566844919787,5.179372384937236,12.0,2.0,True,True,100678.0,1.29284816876968,4.33200888377558,79.8693048653342,1.00011265962135e-06,8.18911436051579e-06,True,True,Conserved Fetal-High Candidate
ENSG00000168994,PXDC1,ENSMUSG00000021411,Pxdc1,ortholog_one2one,1.0,PXDC1,1.34797411014839,2.83118410696354,6.75643450341822,0.0155889343479927,0.0284408069546396,True,3.04353759863626,2.74457473728601,43.0443478659658,4.02461844291191e-07,5.15565279054153e-06,True,True,True,1.4019467247886712,17.595510372214118,13.61063338493292,5.4996470588235296,3.55821129707113,12.0,2.0,True,True,66895.0,2.11852600594107,3.86037666177589,73.9379830623128,1.51293188381859e-06,1.15235555498631e-05,True,True,Conserved Fetal-High Candidate
ENSG00000180964,TCEAL8,ENSMUSG00000051579,Tceal8,ortholog_one2one,1.0,TCEAL8,1.34669825198342,6.25261604805017,34.3909582527669,4.316723711634e-06,2.52789956749476e-05,True,1.24070047634048,6.31485775637425,26.329900528921,2.70370000278197e-05,0.0001670153166545,True,True,True,1.11468449702359,117.44510656194656,110.32139132925894,51.90664171122993,48.908043933054415,12.0,2.0,True,True,66684.0,5.74885856553777,5.69105353863088,1221.66413224091,1.19159385502618e-13,3.96622014645465e-11,True,True,Conserved Fetal-High Candidate
ENSG00000184897,H1-10,ENSMUSG00000044927,H1f10,ortholog_one2one,1.0,H1FX,1.3451855268785,6.89992931305312,9.39706138315646,0.0052245139227654,0.0109756153884967,True,1.44020653242601,6.92591652195924,10.9285426716966,0.0028793513137976,0.0081094796294458,True,True,False,1.4427363162009568,142.88948069266857,140.50434910546136,74.72564705882355,27.3844560669456,12.0,2.0,True,True,243529.0,1.45378608891677,3.55421376577843,34.0430231434627,7.3190172108774e-05,0.0002996475865486,True,True,Conserved Fetal-High Candidate
ENSG00000168502,MTCL1,ENSMUSG00000052105,Mtcl1,ortholog_one2one,1.0,MTCL1,1.3432891479839,1.58292728420383,5.96358634532728,0.0221559413215675,0.0388050911985172,True,1.18440135004963,1.68637638297577,4.08280739637743,0.0533055282546548,0.0939806468476702,True,True,True,3.102051704829918,30.228902947334404,18.940832757667863,1.6887807486631017,0.9559728033472804,12.0,2.0,True,True,68617.0,3.43689373439773,2.98637444119563,142.649031884281,4.24459554154007e-08,6.05707878242921e-07,True,True,Conserved Fetal-High Candidate
ENSG00000135919,SERPINE2,ENSMUSG00000026249,Serpine2,ortholog_one2one,1.0,SERPINE2,1.34280561303917,4.09714404022916,22.0998108291633,8.38911730787084e-05,0.0003096970859979,True,2.43453786129757,4.02952077816019,44.0434230156467,5.61067787981868e-07,6.81768085228387e-06,True,True,True,2.136589583319208,47.63939084403603,29.610252837977296,8.42216042780749,3.5004079497907954,12.0,2.0,True,True,20720.0,2.37970045791404,0.945051491522966,27.4217872387243,0.0001777997738628,0.000634645090941,True,True,Conserved Fetal-High Candidate
ENSG00000165914,TTC7B,ENSMUSG00000033530,Ttc7b,ortholog_one2one,1.0,TTC7B,1.33774487000651,0.142324649333445,14.7110853556148,0.0007471188106499,0.002041971611767,True,1.80567092674008,0.187253874775438,19.1087595466245,0.0001534158444481,0.0007049978106101,True,True,True,2.0517633806265447,11.73291294331016,11.2487585499316,3.382791443850268,0.5257426778242678,12.0,2.0,True,True,104718.0,2.04499601236157,3.12731824389725,52.3063140213954,9.14991691450894e-06,5.10569965631903e-05,True,True,Conserved Fetal-High Candidate
ENSG00000163933,RFT1,ENSMUSG00000052395,Rft1,ortholog_one2one,1.0,RFT1,1.3304986721155,3.56386141894705,49.3288159465226,2.54234799895491e-07,2.3789686880747e-06,True,0.813567918783904,3.7172128474516,17.9576537160272,0.0002717917402173,0.0011394371288357,True,True,True,0.7417111437181044,13.783952554959065,14.382534722222225,10.565347593582896,5.83307531380753,12.0,2.0,True,True,328370.0,0.507090151595686,3.48035799473191,6.49894044980393,0.0251159924672284,0.0460598242022974,True,True,Conserved Fetal-High Candidate
ENSG00000167566,NCKAP5L,ENSMUSG00000023009,Nckap5l,ortholog_one2one,1.0,NCKAP5L,1.32990060076088,1.08762063703609,17.9522770155693,0.0002757847439577,0.0008612755570745,True,1.16750327731154,1.20498646639996,12.7890068465804,0.0012876574975005,0.0041409449441362,True,True,True,1.4584782187555132,12.718626854672586,12.422942079859588,3.7045240641711232,4.064069037656904,12.0,2.0,True,True,380969.0,3.03338686639106,1.60871848392239,38.6668033951533,3.75713543812674e-05,0.0001691091995375,True,True,Conserved Fetal-High Candidate
ENSG00000197062,ZSCAN26,ENSMUSG00000022228,Zscan26,ortholog_one2one,1.0,ZSCAN26,1.32657916539341,2.44280987560398,50.6618968728718,2.04905422016217e-07,1.98637595312231e-06,True,1.32738148656967,2.5205319572061,43.478615927931,5.6023696296321e-07,6.81235583835853e-06,True,True,True,0.9788057405888256,20.124654844859343,15.610418946648426,11.015475935828878,3.84076359832636,12.0,2.0,True,True,432731.0,0.501579395165371,6.43008659566862,25.5486034728364,0.0002627828610783,0.0008873170206435,True,True,Conserved Fetal-High Candidate
ENSG00000055118,KCNH2,ENSMUSG00000038319,Kcnh2,ortholog_one2one,1.0,KCNH2,1.31960271627461,-0.484071824107426,14.3081316431566,0.0008117306329752,0.0021956121898169,True,1.42735127065982,-0.342015780212145,10.0037178796137,0.0036785369106072,0.0099563207725559,True,True,True,2.6816492312595024,14.517441760872773,13.233657372039724,2.102577540106952,0.3344246861924687,12.0,2.0,True,True,16511.0,3.73837586385945,3.03561802175213,111.419906935804,1.70349190854093e-07,1.91556514107381e-06,True,True,Conserved Fetal-High Candidate
ENSG00000198908,GPRASP3,ENSMUSG00000072964,Bhlhb9,ortholog_one2one,1.0,BHLHB9,1.30781993794286,1.37407488352779,22.3285540213485,7.88598114329093e-05,0.0002943624999927,True,1.30855599835645,1.44106429520005,20.6408876337478,9.79113542809258e-05,0.0004837579212649,True,True,False,0.9776362819021648,6.7755013957579635,4.507304497946995,2.5777754010695184,1.0155648535564854,12.0,2.0,True,True,70237.0,2.45843099976151,4.49829904499485,177.253234144268,1.15597690381492e-08,2.10255143406992e-07,True,True,Conserved Fetal-High Candidate
ENSG00000137941,TTLL7,ENSMUSG00000036745,Ttll7,ortholog_one2one,1.0,TTLL7,1.30693916282811,1.93008892769425,6.31040178866271,0.0189593661352764,0.0338092849066278,True,1.37999797878616,1.95417185922249,5.81551736831929,0.0229683895313506,0.0461175069599626,True,True,True,0.7200929278498557,7.683660512983665,7.592671326076198,6.296919786096256,2.1355857740585775,12.0,2.0,True,True,70892.0,1.88282196435089,2.92074726891503,69.8082337125826,2.05798599250428e-06,1.48028230708817e-05,True,True,Conserved Fetal-High Candidate
ENSG00000138443,ABI2,ENSMUSG00000026782,Abi2,ortholog_one2one,1.0,ABI2,1.3049521371189,4.55382401853174,21.0801939101276,0.0001112190347429,0.0003937401869166,True,0.969858664944474,4.65614510211128,13.5466618464085,0.0011303921428361,0.0037212226261608,True,True,True,2.2472976415035157,83.30509879282636,62.35136627906977,16.236566844919796,8.4493410041841,12.0,2.0,True,True,329165.0,0.755328264328969,3.69405318430523,16.201017258953,0.0016095841653346,0.0042723292618151,True,True,Conserved Fetal-High Candidate
ENSG00000178904,DPY19L3,ENSMUSG00000043671,Dpy19l3,ortholog_one2one,1.0,DPY19L3,1.30188144772753,3.33163927351055,30.0109707719033,1.14935859418614e-05,5.79700608398168e-05,True,1.54247701838399,3.34622874740505,34.2429549043739,4.07819239270431e-06,3.48080641407798e-05,True,True,True,1.1173340589213334,19.47611500951138,17.715022163120565,10.843080213903743,4.410104602510461,12.0,2.0,True,True,233115.0,1.34758664534884,2.83031080473908,31.1960294337681,0.000109201940958,0.0004186966210703,True,True,Conserved Fetal-High Candidate
ENSG00000126970,ZC4H2,ENSMUSG00000035062,Zc4h2,ortholog_one2one,1.0,ZC4H2,1.30048218277943,2.38999107082515,21.615194072409,9.62629707253476e-05,0.0003482823273353,True,1.10892236623333,2.49673392441606,14.3321961236594,0.0008298715628351,0.0028869373325839,True,True,True,1.0023728501720042,12.914022400523091,11.115687038556196,5.836770053475938,4.259006276150628,12.0,2.0,True,True,245522.0,2.66502916924569,0.823032297370751,25.872185388001,0.0002052289525061,0.0007181200975319,True,True,Conserved Fetal-High Candidate
ENSG00000133997,MED6,ENSMUSG00000002679,Med6,ortholog_one2one,1.0,MED6,1.2954212072641,4.40711813979301,27.7211416105247,1.97249752410669e-05,9.11317364098101e-05,True,1.21958252306105,4.47216796428333,25.5954166058345,3.26757760002334e-05,0.0001946412856697,True,True,True,0.6064397949722344,31.83235688665347,33.9169040247678,25.68964705882351,18.178284518828455,12.0,2.0,True,True,69792.0,0.703147871298691,3.92196001675682,14.2074281695752,0.0025724665573873,0.006398247663937,True,True,Conserved Fetal-High Candidate
ENSG00000108479,GALK1,ENSMUSG00000020766,Galk1,ortholog_one2one,1.0,GALK1,1.2951191573926,5.30425653972489,15.5170391515742,0.0005923522951426,0.0016748459693607,True,1.40622947506074,5.33812434406493,23.5227011791175,5.59981572243505e-05,0.0003039349465614,True,True,True,1.4541448545083042,34.600567517021894,36.39524801587302,13.771315508021392,11.52507322175732,12.0,2.0,True,True,14635.0,1.3944704160616,6.3016086087362,143.490868103362,3.8773598224229e-08,5.61731976885077e-07,True,True,Conserved Fetal-High Candidate
ENSG00000166250,CLMP,ENSMUSG00000032024,Clmp,ortholog_one2one,1.0,CLMP,1.29287657579202,0.232315349666076,6.92459363339123,0.0143137070148484,0.0264343406063144,True,0.970102992636004,0.354096746614336,3.78850610715326,0.0613816752223748,0.1057480965507,True,True,True,1.6862399052416104,13.085713076295129,12.641919934640525,1.976160427807487,4.501903765690376,12.0,2.0,True,True,71566.0,1.92755624169628,0.752146723821606,18.0657536419335,0.0010360010941174,0.0029210755118762,True,True,Conserved Fetal-High Candidate
ENSG00000080298,RFX3,ENSMUSG00000040929,Rfx3,ortholog_one2one,1.0,RFX3,1.28680501233665,3.22843062172624,44.4938293641546,5.94490157116763e-07,4.80429113789952e-06,True,1.14163062591218,3.31551149081777,34.7402610300116,3.75982311571392e-06,3.25868716146695e-05,True,True,True,1.5925889404557825,29.788626046839425,30.278296568627457,10.419016042780756,8.323242677824267,12.0,2.0,True,True,19726.0,1.04987492846971,5.32888173047611,102.818278978202,2.51938370428898e-07,2.66162960773351e-06,True,True,Conserved Fetal-High Candidate
ENSG00000136295,TTYH3,ENSMUSG00000036565,Ttyh3,ortholog_one2one,1.0,TTYH3,1.28288935345752,4.01227527706808,30.4692171434434,1.0317846315999e-05,5.28039693874915e-05,True,1.51547161100264,4.027327085968,34.8863183415262,3.71943803404979e-06,3.23021465299459e-05,True,True,True,2.29855550301265,47.23088128605863,47.71697500612594,11.258909090909086,6.546150627615065,12.0,2.0,True,True,78339.0,1.09755693698208,7.54958948311396,128.951903039738,7.10368144250077e-08,9.23617331303273e-07,True,True,Conserved Fetal-High Candidate
ENSG00000115525,ST3GAL5,ENSMUSG00000056091,St3gal5,ortholog_one2one,1.0,ST3GAL5,1.27160836272105,0.154169415811725,9.24873102573407,0.0054359814255508,0.0113621342305277,True,1.04150865946674,0.254310919600985,5.25313665839433,0.0293907989671586,0.0569247844266253,True,True,True,1.172124816881756,9.80480074063916,7.124170536635706,4.5176577540106955,0.6928242677824268,12.0,2.0,True,True,20454.0,8.49297505198396,1.93664943818953,94.1764382303376,1.68918282797567e-06,1.25922621341926e-05,True,True,Conserved Fetal-High Candidate
ENSG00000145781,COMMD10,ENSMUSG00000042705,Commd10,ortholog_one2one,1.0,COMMD10,1.26960018431009,5.16722011155716,31.9389501932324,7.38293478732601e-06,3.98364787811439e-05,True,1.01307744428985,5.26021631354205,21.1604995848634,0.0001067492029089,0.0005187808211818,True,True,True,0.5200710417323482,31.796972952343552,29.035894290811775,20.15175401069519,19.738556485355662,12.0,2.0,True,True,69456.0,0.616678396502285,4.7569606863391,23.8123508947041,0.0003540549169006,0.0011516948848315,True,True,Conserved Fetal-High Candidate
ENSG00000133466,C1QTNF6,ENSMUSG00000022440,C1qtnf6,ortholog_one2one,1.0,C1QTNF6,1.26838076622008,2.20668794984017,35.3457234577159,3.5594882508129e-06,2.14087082581876e-05,True,1.30585413439039,2.28160774306837,25.9621570480404,2.57348048736811e-05,0.0001605141388095,True,True,True,0.971230010604586,13.722676321114555,12.499065304087738,8.179101604278074,3.591861924686192,12.0,2.0,True,True,72709.0,2.84965332594575,2.54786222476395,74.4393436249862,1.51278760545904e-06,1.15235555498631e-05,True,True,Conserved Fetal-High Candidate
ENSG00000109680,TBC1D19,ENSMUSG00000039178,Tbc1d19,ortholog_one2one,1.0,TBC1D19,1.25553849768233,1.85607626455761,39.2182970301701,1.61818927820522e-06,1.09432435059759e-05,True,0.940795643526822,1.98954893446867,19.2276434291122,0.0001686977683387,0.0007615098013043,True,True,True,1.0050756764582758,25.798784228493975,16.90581349206349,4.904727272727275,10.938200836820084,12.0,2.0,True,True,67249.0,1.27980368292056,1.70119937217636,15.3211714844233,0.0019810930817577,0.0051136629101438,True,True,Conserved Fetal-High Candidate
ENSG00000204519,ZNF551,ENSMUSG00000034071,Zfp551,ortholog_one2one,1.0,ZNF551,1.25310529497496,2.29529624006197,15.3911812397088,0.0006190253430952,0.0017375515590291,True,0.817367015639893,2.42793806006475,7.32930211133148,0.0119530073866191,0.0266969473770903,True,True,True,0.8222151862085091,8.877445735013104,8.595211670480548,5.965957219251337,2.887625523012552,12.0,2.0,True,True,619331.0,1.04294231528634,2.18865406424183,11.0053956922857,0.0059677582267714,0.0132147774665827,True,True,Conserved Fetal-High Candidate
ENSG00000171451,DSEL,ENSMUSG00000038702,Dsel,ortholog_one2one,1.0,DSEL,1.25011464037784,2.67435735842088,7.17448374252183,0.0129905495372726,0.0243217123234171,True,1.98611311731297,2.68892128321627,17.7573794172525,0.000258630357515,0.0010937738151598,True,True,True,2.187898355107147,26.249758641679477,22.93610372340426,7.38326203208556,1.1232949790794975,12.0,2.0,True,True,319901.0,3.03336553549137,2.88002003953572,125.475409248186,8.62177483678421e-08,1.07987121521115e-06,True,True,Conserved Fetal-High Candidate
ENSG00000177432,NAP1L5,ENSMUSG00000055430,Nap1l5,ortholog_one2one,1.0,NAP1L5,1.24957813115315,1.04142778835847,19.664243192604,0.0001658712604554,0.0005561050612175,True,0.85706255116451,1.21791045839246,5.83525670877466,0.0225865201665074,0.045455961253681,True,True,True,1.9117199630909736,9.069347128322194,9.162169899874842,2.228395721925134,1.1733158995815898,12.0,2.0,True,True,58243.0,2.8905363413943,0.785486803096534,28.4196055201447,0.000120476053863,0.0004560527774228,True,True,Conserved Fetal-High Candidate
ENSG00000153071,DAB2,ENSMUSG00000022150,Dab2,ortholog_one2one,1.0,DAB2,1.24797791200873,5.48994712964019,6.33037756994471,0.0188896142478925,0.0336984197986435,True,0.866321709560154,5.59935360420335,3.31126111500387,0.0808848597881415,0.133148096674303,True,True,True,1.2399996321958566,87.53783131074836,75.54436790505676,37.552513368983945,25.26108786610881,12.0,2.0,True,True,13132.0,10.9601281264442,4.22205485509587,300.911570637841,5.9897746706543305e-09,1.26183322729575e-07,True,True,Conserved Fetal-High Candidate
ENSG00000172379,ARNT2,ENSMUSG00000015709,Arnt2,ortholog_one2one,1.0,ARNT2,1.24601338511218,1.033953485215,6.3812423952576,0.0183299208870842,0.0328118871779572,True,1.34828093334851,1.12430059812851,6.0584185307926,0.0201393175435386,0.0412290512052244,True,True,True,2.531317361565889,13.650169354562705,12.92539716097856,1.414866310160428,1.4027824267782427,12.0,2.0,True,True,11864.0,1.08811970779199,2.16124590050794,15.7334784008199,0.0017934393027682,0.0046952977667989,True,True,Conserved Fetal-High Candidate
ENSG00000117020,AKT3,ENSMUSG00000019699,Akt3,ortholog_one2one,1.0,AKT3,1.24467574614593,0.0371778452393872,5.33484152271054,0.0293072411843495,0.049492158151268,True,0.934445941240751,0.147940477797091,2.64615639241833,0.114631730910249,0.177867280224863,True,True,True,3.0811642585599515,17.942902353449657,15.40073593073593,1.3853582887700535,0.4905230125523012,12.0,2.0,True,True,23797.0,4.00927553646292,2.70347643184096,135.545591536467,5.19638491515515e-08,7.1545676070709e-07,True,True,Conserved Fetal-High Candidate
ENSG00000117385,P3H1,ENSMUSG00000028641,P3h1,ortholog_one2one,1.0,P3H1,1.24237852287058,2.49624069215641,16.4307987369274,0.0004439373774608,0.0013020063731237,True,1.14876825101872,2.56486510547983,12.5030125228661,0.001575203443949,0.0049012096574687,True,True,True,3.203634522851365,33.86624466684025,35.23934955312811,3.942149732620322,1.9250523012552296,12.0,2.0,True,True,56401.0,2.08091786318875,1.31146040383063,27.6480729030387,0.0001885858801829,0.0006667106767805,True,True,Conserved Fetal-High Candidate
ENSG00000122952,ZWINT,ENSMUSG00000019923,Zwint,ortholog_one2one,0.0,ZWINT,1.24082183839097,5.22098626026594,13.2458935789952,0.0012652529962706,0.0032218466085212,True,0.753655187578405,5.3558882998483,6.80156158201737,0.0151932556415626,0.0326440529832088,True,True,True,0.9681120514218096,39.455881285674046,42.018583853702054,26.021475935828864,15.95853556485356,12.0,2.0,True,True,52696.0,0.549013528925149,5.77742047593294,28.0625086215417,0.0001748864894981,0.0006255880497524,True,True,Conserved Fetal-High Candidate
ENSG00000102401,ARMCX3,ENSMUSG00000049047,Armcx3,ortholog_one2one,1.0,ARMCX3,1.23970426246814,5.74858974176149,33.904371317913,4.79296666873286e-06,2.76220921891091e-05,True,1.23569570475139,5.79416183768083,33.5309165292749,5.02879069038666e-06,4.1467120717672e-05,True,True,True,1.401370501683224,81.75727938034014,73.7879240766074,31.25754010695187,23.367290794979077,12.0,2.0,True,True,71703.0,3.79863129810595,2.10686465528731,70.831576789618,1.58473746768575e-06,1.1967779151882e-05,True,True,Conserved Fetal-High Candidate
ENSG00000136870,ZNF189,ENSMUSG00000039634,Zfp189,ortholog_one2one,1.0,ZNF189,1.23639580131491,4.09074904444675,17.0197888245071,0.0003682432776034,0.0011079704235083,True,1.36015587137451,4.13048985029343,15.906494716324,0.0005153783683741,0.0019508825148404,True,True,True,1.236206293268361,16.023903552781118,13.32503289473684,8.66106951871658,1.5005230125523012,12.0,2.0,True,True,230162.0,1.7292643966484,1.30772386211432,18.3171603130996,0.001029096587057,0.0029046834768026,True,True,Conserved Fetal-High Candidate
ENSG00000205544,TMEM256,ENSMUSG00000070394,Tmem256,ortholog_one2one,1.0,TMEM256,1.23566051709192,8.10369189920124,31.9610426279615,7.34307833753772e-06,3.96337806569924e-05,True,1.5789127663661,8.10112398425645,55.0162276326,9.41563822350027e-08,1.57096302359785e-06,True,True,True,0.550017566661154,97.750893536147,75.30895391949153,56.14576470588234,46.094069037656894,12.0,2.0,True,True,69186.0,0.518802997746713,4.17699415237232,14.9244741157425,0.0021638756738073,0.0055191265749178,True,True,Conserved Fetal-High Candidate
ENSG00000143702,CEP170,ENSMUSG00000057335,Cep170,ortholog_one2one,1.0,CEP170,1.23296434932243,2.30219284980994,10.994677219525,0.0028387401181012,0.0064539591508596,True,1.25252142347884,2.35588258826194,9.88064605132525,0.0041448659190525,0.0110056179689976,True,True,True,3.0857926901437094,56.293893551685386,57.10292452830189,9.423775401069518,2.2633368200836816,12.0,2.0,True,True,545389.0,2.9795885570577,3.51962086880762,186.446370395178,8.724605536465791e-09,1.69328568677122e-07,True,True,Conserved Fetal-High Candidate
ENSG00000160097,FNDC5,ENSMUSG00000001334,Fndc5,ortholog_one2one,1.0,FNDC5,1.22882341459284,-1.18644964707039,9.48151504435032,0.00460795950377,0.0098298736535938,True,0.789166075507,-0.974262925540685,3.37405455552543,0.076246407164482,0.126690381798151,True,True,True,3.3180064878522155,24.834046063433963,18.741323529411765,1.490245989304813,0.468765690376569,12.0,2.0,True,True,384061.0,1.40552475793529,1.42018206118262,12.508338393161,0.0039895183155823,0.0093416192145028,True,True,Conserved Fetal-High Candidate
ENSG00000198420,TCAF1,ENSMUSG00000036667,Tcaf1,ortholog_one2one,1.0,TCAF1,1.2265909429492,5.146072478069,35.8658141454247,3.16288415525311e-06,1.93572865391549e-05,True,1.04846163772799,5.22571540260148,25.3467782999743,3.47739302470384e-05,0.0002052371556621,True,True,True,0.5942871182574923,88.32409276051567,73.66814063083241,72.94205347593584,23.97406903765691,12.0,2.0,True,True,77574.0,1.3015752860315,5.2368007771282,115.434615156371,1.32351610151462e-07,1.55445882388421e-06,True,True,Conserved Fetal-High Candidate
ENSG00000172164,SNTB1,ENSMUSG00000060429,Sntb1,ortholog_one2one,1.0,SNTB1,1.2154025848306,2.5218324756463,33.8186178134976,4.92245542739862e-06,2.8212873966383e-05,True,0.695743447108899,2.6797692174008,11.0574335362392,0.002714897552223,0.0077291062060991,True,True,True,0.7694984651931682,16.528857344043498,13.652459469417831,9.24916577540107,5.941725941422595,12.0,2.0,True,True,20649.0,7.4937502691764,3.75078982864971,185.024442464513,3.73968466682377e-10,1.47040789198635e-08,True,True,Conserved Fetal-High Candidate
ENSG00000040608,RTN4R,ENSMUSG00000043811,Rtn4r,ortholog_one2one,1.0,RTN4R,1.21513914857401,2.09522046009491,8.86581000233204,0.0064473697193076,0.0131650150728806,True,1.40384919297586,2.13415541601205,11.0271864075979,0.0026148784278062,0.0074872086479378,True,True,True,1.2794726633509967,9.493145786738165,8.35424054206663,3.406288770053476,2.300596234309624,12.0,2.0,True,True,65079.0,1.59159110249725,2.18213866683118,32.1101761265758,9.62750510571146e-05,0.0003752359571939,True,True,Conserved Fetal-High Candidate
ENSG00000205581,HMGN1,ENSMUSG00000040681,Hmgn1,ortholog_one2one,1.0,HMGN1,1.2126898607979,8.8799798347709,33.3476545170121,5.40706002139294e-06,3.06153248790908e-05,True,1.0014854748459,8.9608228565259,25.0752462027043,3.71396237757707e-05,0.000215534030688,True,True,True,0.9381504533812663,617.8511321314637,607.0115095879232,357.3219251336892,275.3223535564854,12.0,2.0,True,True,15312.0,0.784163405697213,6.09227015887143,67.6298468370846,2.42323702297622e-06,1.6944841241547e-05,True,True,Conserved Fetal-High Candidate
ENSG00000153885,KCTD15,ENSMUSG00000030499,Kctd15,ortholog_one2one,1.0,KCTD15,1.20893528596695,2.06305948907141,16.4614429888182,0.0004397604592509,0.0012918871786224,True,1.04077635064375,2.1507464696737,10.8722039426777,0.0028278707911365,0.0079982418855423,True,True,True,2.710030744776869,29.12344949405023,29.418108377659568,4.224631016042781,3.072771966527197,12.0,2.0,True,True,233107.0,0.561190096086935,2.85491168815275,8.00326496364304,0.0149078737892845,0.0293701437748644,True,True,Conserved Fetal-High Candidate
ENSG00000165533,TTC8,ENSMUSG00000021013,Ttc8,ortholog_one2one,1.0,TTC8,1.20778419082052,3.24531970097274,42.7728247413663,8.15637689184108e-07,6.23440347205686e-06,True,0.981390526762065,3.34436634890677,26.6286825450007,2.47883312139346e-05,0.0001556739497735,True,True,True,0.9187793639030296,18.402071653820297,18.23434516523868,12.346449197860968,6.001809623430963,12.0,2.0,True,True,76260.0,2.7920469279938,1.40987888781602,45.4417834650342,1.70301099889452e-05,8.63767178639301e-05,True,True,Conserved Fetal-High Candidate
ENSG00000131437,KIF3A,ENSMUSG00000018395,Kif3a,ortholog_one2one,1.0,KIF3A,1.20749393998207,2.6142484448881,20.9492604499255,0.0001158302598944,0.0004076298873046,True,1.13357993585152,2.67895469340869,16.54945384697,0.0004047275852752,0.0015906364839662,True,True,True,1.286250210823151,33.95545085373474,27.752302831142565,14.603262032085569,6.974508368200837,12.0,2.0,True,True,16568.0,1.01774659404254,3.6830635666014,39.7442680239432,3.53041468379732e-05,0.0001598229891196,True,True,Conserved Fetal-High Candidate
ENSG00000168890,TMEM150A,ENSMUSG00000055912,Tmem150a,ortholog_one2one,1.0,TMEM150A,1.2066711108699,3.69458687101316,19.5701318340437,0.0001713200247292,0.0005710346306076,True,1.27636622618396,3.73624472428901,21.9661010411929,8.46474876868495e-05,0.0004292236137762,True,True,True,0.6869673430378765,15.435361223260031,15.254956140350878,13.016737967914445,5.1770606694560675,12.0,2.0,True,True,232086.0,1.10691033437318,2.44766969175091,11.3720430500767,0.0053844043685078,0.0121155923208237,True,True,Conserved Fetal-High Candidate
ENSG00000168522,FNTA,ENSMUSG00000015994,Fnta,ortholog_one2one,1.0,FNTA,1.20593698040625,6.07541541245484,47.6186560261696,3.39058343424907e-07,3.01104809577993e-06,True,1.28855683247693,6.11261852558565,50.1632541816797,2.0866931028966e-07,3.06330784445532e-06,True,True,True,0.7908544530481043,53.17839053482799,55.76572529165749,36.55652406417113,27.06484309623432,12.0,2.0,True,True,14272.0,0.53432084715345,5.55196410623473,23.950781246351,0.0003455424104816,0.0011275861894982,True,True,Conserved Fetal-High Candidate
ENSG00000019485,PRDM11,ENSMUSG00000075028,Prdm11,ortholog_one2one,1.0,PRDM11,1.20442945420766,1.85223071786139,17.7709558865627,0.0002931975060176,0.0009084626105765,True,0.708509685930839,2.03026769735323,4.75636466517107,0.0384977180906455,0.0714910535433305,True,True,True,1.6766959078966714,12.733278853004004,11.579604183757176,3.988844919786097,1.880910041841004,12.0,2.0,True,True,100042784.0,3.85059085639069,4.71725611475797,542.546950266761,1.55863282390578e-11,1.4213450285946301e-09,True,True,Conserved Fetal-High Candidate
ENSG00000186106,ANKRD46,ENSMUSG00000048307,Ankrd46,ortholog_one2one,1.0,ANKRD46,1.20421648712461,3.8666242651636,45.174011833735,5.23962968068296e-07,4.3207502826003e-06,True,1.09512370327517,3.94008906413761,45.684145713794,4.54733978788572e-07,5.72193183461878e-06,True,True,True,0.7543926545839759,20.19520530021524,18.212855677154582,11.514053475935835,9.26455020920502,12.0,2.0,True,True,68839.0,0.578163532786033,5.33648553525918,20.5645852272308,0.0006453107864766,0.00193593235943,True,True,Conserved Fetal-High Candidate
ENSG00000109103,UNC119,ENSMUSG00000002058,Unc119,ortholog_one2one,1.0,UNC119,1.19918748311663,4.74523926294113,27.5249438587025,2.06793201535188e-05,9.46595347604045e-05,True,1.40747844939662,4.76435782507579,38.9071524348502,1.64678919995253e-06,1.68385893916183e-05,True,True,True,1.175633535067682,43.36556330125015,41.44161337209303,22.39591443850269,13.180983263598325,12.0,2.0,True,True,22248.0,2.75218202001177,2.46711189505286,60.8870711572178,4.33180423384589e-06,2.72559742766655e-05,True,True,Conserved Fetal-High Candidate
ENSG00000213160,KLHL23,ENSMUSG00000042155,Klhl23,ortholog_one2one,1.0,KLHL23,1.19847604938467,4.78217904899982,35.8544309438306,3.17141432507496e-06,1.93961387291048e-05,True,0.846603307240873,4.88796095103268,24.6710619074662,4.14150423818111e-05,0.0002362372831719,True,True,True,2.2926777777431075,16.750064489054953,12.3549806501548,1.5458823529411765,1.9055230125523015,12.0,2.0,True,True,277396.0,1.7080674984304,5.50866184753253,129.702619705349,6.87544921336162e-08,8.96569351877537e-07,True,True,Conserved Fetal-High Candidate
ENSG00000162738,VANGL2,ENSMUSG00000026556,Vangl2,ortholog_one2one,1.0,VANGL2,1.19352424132064,2.72694016105526,13.0902068913826,0.001338163384569,0.0033751180045754,True,0.934753344514819,2.8259969324507,7.23601763798454,0.01249767999267,0.0277202143311087,True,True,True,0.7518289644367504,18.90505101017063,17.487387354651162,15.4175935828877,4.5398849372384955,12.0,2.0,True,True,93840.0,2.65921344155269,3.70298878996284,161.000423305004,2.01746174443638e-08,3.33670629384174e-07,True,True,Conserved Fetal-High Candidate
ENSG00000105662,CRTC1,ENSMUSG00000003575,Crtc1,ortholog_one2one,1.0,CRTC1,1.19210745803616,3.37908529708149,57.646537204828,6.71046815188928e-08,7.96431330256606e-07,True,1.38899539139761,3.39947071096364,56.487955994443,7.06610840456481e-08,1.23227249282421e-06,True,True,True,0.6136348276910302,19.009138684063423,19.65862315650451,14.411978609625669,10.590826359832636,12.0,2.0,True,True,382056.0,0.628541033568858,5.12294169826274,30.705711199146,0.0001171559040827,0.0004450253086896,True,True,Conserved Fetal-High Candidate
ENSG00000180694,TMEM64,ENSMUSG00000043252,Tmem64,ortholog_one2one,1.0,TMEM64,1.19121188016096,3.17283237660515,25.3719079723695,3.5460560910625e-05,0.0001495737396037,True,1.25236754942915,3.20574480289019,27.6953003067663,1.86746707907321e-05,0.00012377497615,True,True,True,1.2530545996841138,15.998572746281964,15.70334403853874,7.866064171122992,4.150010460251045,12.0,2.0,True,True,100201.0,1.65703094422119,4.75811057235725,170.441981795158,1.44784466374327e-08,2.52311568757565e-07,True,True,Conserved Fetal-High Candidate
ENSG00000197576,HOXA4,ENSMUSG00000000942,Hoxa4,ortholog_one2one,1.0,HOXA4,1.19019525589948,2.177733423333,13.6322727835172,0.0011109885518053,0.0028839634198491,True,0.630824302034162,2.37375044317053,2.96431659683452,0.097286423561971,0.15514327926177,True,True,True,2.0735011693603127,4.004454452780123,4.45560606060606,0.2980213903743315,0.2942887029288703,12.0,2.0,True,True,15401.0,1.35592765310203,0.791961200408384,10.7114857324225,0.0065088362160512,0.014271845418397,True,True,Conserved Fetal-High Candidate
ENSG00000159214,CCDC24,ENSMUSG00000078588,Ccdc24,ortholog_one2one,1.0,CCDC24,1.18851491460054,4.37325518974264,44.5477603008606,5.85793230789247e-07,4.74911894674055e-06,True,1.40321605049803,4.38929166054443,38.4848783574446,1.78703471806132e-06,1.80177957163277e-05,True,True,True,0.7178846094331102,18.844545394473517,22.850509227614488,13.90459893048128,13.097060669456068,12.0,2.0,True,True,381546.0,0.962261613699854,1.69429181235666,8.16503303739201,0.0141554420408048,0.0280663522459085,True,True,Conserved Fetal-High Candidate
ENSG00000122550,KLHL7,ENSMUSG00000028986,Klhl7,ortholog_one2one,1.0,KLHL7,1.17938340787179,3.84114287616746,20.7476156912865,0.0001222320359948,0.000426779923007,True,1.24183888095249,3.88978330565207,19.7046852358517,0.0001612014137647,0.0007337793629712,True,True,True,1.4858424666007453,23.862059487003588,22.942523353839142,8.744930481283427,6.351945606694562,12.0,2.0,True,True,52323.0,1.70438115778627,4.41056707971686,125.830329371274,8.16032358844761e-08,1.03080216562231e-06,True,True,Conserved Fetal-High Candidate
ENSG00000107560,RAB11FIP2,ENSMUSG00000040022,Rab11fip2,ortholog_one2one,1.0,RAB11FIP2,1.17001469998807,3.35335807178665,26.6974012152325,2.54092486851359e-05,0.0001128813174345,True,1.0775553039929,3.41964733847327,22.0190398390337,8.3085125873826e-05,0.0004234047295631,True,True,True,1.2707416975557682,25.458451256214783,22.258421052631576,12.07258823529412,5.206161087866109,12.0,2.0,True,True,74998.0,1.15888128504315,3.94898244793388,41.2865300103638,2.93956967015666e-05,0.0001376624361184,True,True,Conserved Fetal-High Candidate
ENSG00000153395,LPCAT1,ENSMUSG00000021608,Lpcat1,ortholog_one2one,1.0,LPCAT1,1.16914101272775,1.90922013819427,5.91699841701888,0.0226321832856711,0.039522403166285,True,1.01980549297566,1.97190735362591,3.70723358104949,0.065054787020034,0.111050729402029,True,True,True,1.3281786830236693,19.246350659895032,17.438787185354688,8.768983957219252,3.9182740585774054,12.0,2.0,True,True,210992.0,0.607140508929384,3.02348546197845,8.54511676807458,0.0124942841677559,0.0251246100726217,True,True,Conserved Fetal-High Candidate
ENSG00000198612,COPS8,ENSMUSG00000034432,Cops8,ortholog_one2one,1.0,COPS8,1.16742054306045,5.02271850963961,46.3221852239375,4.25828530559457e-07,3.63282410979683e-06,True,1.07589388952519,5.08768573484304,41.9404371578129,9.11940649368891e-07,1.02753208752266e-05,True,True,True,1.2592279764026608,58.3416938401748,55.097099063726965,27.016534759358276,17.854550209205023,12.0,2.0,True,True,108679.0,0.508809335455508,5.29594096597662,15.5909410520812,0.0018505910018873,0.0048282909267347,True,True,Conserved Fetal-High Candidate
ENSG00000025156,HSF2,ENSMUSG00000019878,Hsf2,ortholog_one2one,1.0,HSF2,1.15922569588107,3.01187593934005,26.7924860592747,2.48476748005773e-05,0.0001107184988169,True,0.767598462881673,3.14086564672024,13.3259470988069,0.0012111006744172,0.0039427802818928,True,True,True,0.8001188874506431,25.904251614481417,16.571447368421055,11.376844919786093,6.8057845188284505,12.0,2.0,True,True,15500.0,0.799183183182421,3.60364152995848,13.0411660340938,0.0034466494837033,0.0082120063038701,True,True,Conserved Fetal-High Candidate
ENSG00000120254,MTHFD1L,ENSMUSG00000040675,Mthfd1l,ortholog_one2one,1.0,MTHFD1L,1.15337165639294,2.81165110783237,9.78765435323097,0.0044831567433215,0.0096160156941136,True,0.475365554173327,2.9976758659776,1.85874207877359,0.184965369675075,0.263853920963656,True,True,True,1.2524858757900348,10.949224337990016,11.939257228315054,7.032951871657753,1.828891213389121,12.0,2.0,True,True,270685.0,1.00592072934849,4.98532565750224,45.96727889339,1.73976163350539e-05,8.78724825056554e-05,True,True,Conserved Fetal-High Candidate
ENSG00000102221,JADE3,ENSMUSG00000037315,Jade3,ortholog_one2one,1.0,JADE3,1.14271335087576,2.05807646421655,12.6452643369558,0.0015636719935016,0.0038520887311161,True,0.73652661224753,2.1895129578957,6.13730893047931,0.0201634306864718,0.0412735459799054,True,True,True,1.2596590906062215,7.066090972867481,6.62614406779661,1.943122994652407,2.426882845188284,12.0,2.0,True,True,382207.0,0.896906054931752,5.57994083662822,66.2050572429971,2.71012344910482e-06,1.85609997949494e-05,True,True,Conserved Fetal-High Candidate
ENSG00000113761,ZNF346,ENSMUSG00000021481,Zfp346,ortholog_one2one,1.0,ZNF346,1.14113816312979,2.74633485196539,36.6986593231997,2.68159937370814e-06,1.67992090433957e-05,True,1.05614561642476,2.81945746530185,24.383149538915,4.26097450219859e-05,0.0002416223188305,True,True,True,1.3469335929795,26.190398019198778,27.249430147058824,15.417593582887708,4.793619246861926,12.0,2.0,True,True,26919.0,0.618533657851286,3.60630768514347,10.3523347593843,0.0071909226889199,0.0155447223056146,True,True,Conserved Fetal-High Candidate
ENSG00000247315,ZCCHC3,ENSMUSG00000074682,Zcchc3,ortholog_one2one,1.0,ZCCHC3,1.14020299422758,3.75884522631196,22.1474463479079,8.28558875153181e-05,0.000306703065612,True,1.21170858701375,3.79660773194557,25.5272446404851,3.29762370260619e-05,0.0001961616951923,True,True,True,1.2114849399770649,59.668352212133165,49.32768895348838,28.703433155080205,12.761966527196654,12.0,2.0,True,True,67917.0,4.77405986575557,4.53820518523653,364.692795725819,1.75858826372437e-10,8.362087194009362e-09,True,True,Conserved Fetal-High Candidate
ENSG00000177556,ATOX1,ENSMUSG00000018585,Atox1,ortholog_one2one,1.0,ATOX1,1.1388824553219,7.42425303844757,63.6371791769935,2.76834565789332e-08,3.81292006895462e-07,True,1.58433743324849,7.40353042093451,118.146425883381,6.24606833064239e-11,3.4961863765582803e-09,True,True,True,0.5938838410150725,188.28552524774997,170.66913533834585,113.4840213903744,111.99710251046032,12.0,2.0,True,True,11927.0,0.562900987786584,4.77747942736696,22.7821487132349,0.0004255998090083,0.0013481884028401,True,True,Conserved Fetal-High Candidate
ENSG00000243244,STON1,ENSMUSG00000033855,Ston1,ortholog_one2one,1.0,STON1,1.13402455562929,0.258451161568375,5.70457023964994,0.0247275717780317,0.0426702415453388,True,1.0725247122239,0.349353599296153,3.94599542957005,0.056558360973573,0.0988985612768021,True,True,True,3.1411441286993713,15.389424946343167,14.468475232198143,1.251304812834224,0.2553974895397489,12.0,2.0,True,True,77057.0,1.70728300705047,2.30741684712682,30.1118835684721,0.0001285999865898,0.0004812198486389,True,True,Conserved Fetal-High Candidate
ENSG00000110693,SOX6,ENSMUSG00000051910,Sox6,ortholog_one2one,1.0,SOX6,1.13078029158498,4.89425988971105,6.13790659082401,0.020525639518829,0.0362244733973854,True,2.65545252538043,4.77788954538037,31.001437606227,8.66941179206347e-06,6.5291507558978e-05,True,True,True,1.7059844039530996,24.18173680713717,21.24236789631107,8.339614973262032,3.2954916317991634,12.0,2.0,True,True,20679.0,0.86142884406216,5.57648705381781,58.6016833366902,5.11007597398124e-06,3.15417485014308e-05,True,True,Conserved Fetal-High Candidate
ENSG00000147912,FBXO10,ENSMUSG00000048232,Fbxo10,ortholog_one2one,1.0,FBXO10,1.12398237303827,-0.31096405007439,12.5679087566816,0.0015219496724623,0.0037656974859384,True,0.962827568218033,-0.154343169790825,6.4089158491549,0.0170448034317482,0.0359020914236094,True,True,True,0.7831633291002577,4.5410049656265565,2.701279069767442,1.6401497326203205,0.6614121338912133,12.0,2.0,True,True,269529.0,2.52179155800717,2.70362046370543,66.7147152140758,2.64820546495795e-06,1.82307174562824e-05,True,True,Conserved Fetal-High Candidate
ENSG00000138801,PAPSS1,ENSMUSG00000028032,Papss1,ortholog_one2one,1.0,PAPSS1,1.11544475040993,4.79646181229429,38.1108811833505,1.99876292810809e-06,1.30935910459962e-05,True,1.16501034714456,4.83810449185952,40.3180280641513,1.24735486005059e-06,1.33440823252761e-05,True,True,True,2.079046206720304,55.11988749121929,52.09453304048891,12.571550802139042,10.560303347280342,12.0,2.0,True,True,23971.0,1.36744045112312,6.73848397978512,265.354573974679,1.09717113224832e-09,3.24616365661203e-08,True,True,Conserved Fetal-High Candidate
ENSG00000154380,ENAH,ENSMUSG00000022995,Enah,ortholog_one2one,1.0,ENAH,1.11267678363395,5.06982960400233,7.04994061880425,0.013721994182463,0.0255031710819579,True,0.682129172624008,5.19163925183686,3.15926555208431,0.0877533902773656,0.142534571570986,True,True,True,1.3830635458297762,131.64584713558585,101.5008284198113,52.0656898395722,24.532719665271973,12.0,2.0,True,True,13800.0,9.04547797312434,4.43017890140395,601.859207852571,8.22613040210802e-13,1.65943485111615e-10,True,True,Conserved Fetal-High Candidate
ENSG00000164484,TMEM200A,ENSMUSG00000049420,Tmem200a,ortholog_one2one,1.0,TMEM200A,1.10988206822469,3.01104363541989,5.57173147531113,0.0265098903996167,0.0453619204487144,True,1.81086836483179,2.97171519224606,12.9947102360241,0.0013120306569378,0.0042066437470779,True,True,True,0.911029864336005,10.81594891266441,10.546617647058824,9.14413903743315,1.136966527196653,12.0,2.0,True,True,77220.0,3.47380759832513,0.989062816637646,33.9137504907988,4.27476148196911e-05,0.0001889580822408,True,True,Conserved Fetal-High Candidate
ENSG00000196950,SLC39A10,ENSMUSG00000025986,Slc39a10,ortholog_one2one,1.0,SLC39A10,1.10738535385115,4.15665014948419,9.41512570417548,0.0051787560389896,0.0108955091633169,True,0.742614464037698,4.27325170063933,4.41675498387961,0.0459162455732912,0.0831061534565296,True,True,True,2.0142441949775685,33.284647027061006,24.698291343669247,7.855155080213908,2.8677510460251043,12.0,2.0,True,True,227059.0,0.623606570711226,5.0505762944295,9.31463251925862,0.0098102542183635,0.0202753375757982,True,True,Conserved Fetal-High Candidate
ENSG00000175130,MARCKSL1,ENSMUSG00000047945,Marcksl1,ortholog_one2one,1.0,MARCKSL1,1.1043164422916,8.66096537667693,6.40240990975185,0.0181813882731806,0.0325820887117104,True,0.681556490645272,8.78673452288475,2.56648783496941,0.121786120006426,0.18717739188233,True,True,True,1.2340731536558958,251.34558478680648,256.28296875,142.57282352941172,74.17714435146446,12.0,2.0,True,True,17357.0,1.91507040328163,5.85028950161326,151.273650767135,2.86925380288054e-08,4.41122922997131e-07,True,True,Conserved Fetal-High Candidate
ENSG00000151320,AKAP6,ENSMUSG00000061603,Akap6,ortholog_one2one,1.0,AKAP6,1.09102562757849,0.497137516644673,11.087302851564,0.0027094016339599,0.0061947597286746,True,0.853353545521193,0.636585873293036,6.13452815596386,0.0194139978686714,0.0399752807662497,True,True,True,0.9095747924316416,5.880125397626823,3.421009366925065,1.8147914438502672,0.8921861924686193,12.0,2.0,True,True,238161.0,5.18657602790935,2.74729213254369,202.847394915147,1.6346489792365e-09,4.51529388165036e-08,True,True,Conserved Fetal-High Candidate
ENSG00000172426,RSPH9,ENSMUSG00000023966,Rsph9,ortholog_one2one,1.0,RSPH9,1.0828266584128,-1.66162386155235,9.26522678011815,0.0048797627086573,0.0103502874384744,True,1.08599778266424,-1.53273425857157,7.14617848939574,0.0120037638054009,0.0267930678609874,True,True,True,0.8080136490305339,2.806294077694799,1.832325367647059,0.3111978609625668,0.9242677824267784,12.0,2.0,True,True,75564.0,1.46879141381578,0.772412541591833,10.3541078771519,0.0071954257750721,0.0155468839288073,True,True,Conserved Fetal-High Candidate
ENSG00000008086,CDKL5,ENSMUSG00000031292,Cdkl5,ortholog_one2one,1.0,CDKL5,1.08271886763539,1.94206563907207,13.0883432136941,0.0013391796043393,0.0033772020121346,True,1.37097881529466,1.95847009153631,14.1359462629352,0.000837753186251,0.0029085020583889,True,True,True,1.389376463092545,13.07754420127341,10.99405344757242,3.837486631016042,3.319487447698744,12.0,2.0,True,True,382253.0,0.58874842229128,3.99432707255585,14.3687602313062,0.0024731802519831,0.0061928137705454,True,True,Conserved Fetal-High Candidate
ENSG00000079308,TNS1,ENSMUSG00000055322,Tns1,ortholog_one2one,1.0,TNS1,1.08244226191091,0.817096985111207,7.39458539125316,0.0117817245620637,0.0222979860537503,True,0.770097511951776,0.976521096063008,2.53584192736671,0.122509497385189,0.188055980062616,True,True,True,2.164155739351762,33.269052325285465,21.79798605414274,4.00546524064171,4.167573221757323,12.0,2.0,True,True,21961.0,5.67343056115558,2.55738934509216,88.4677686605915,1.08698516876055e-07,1.31684445285514e-06,True,True,Conserved Fetal-High Candidate
ENSG00000153814,JAZF1,ENSMUSG00000063568,Jazf1,ortholog_one2one,1.0,JAZF1,1.08108926788757,0.511118289263585,13.2878894808665,0.0012306831905367,0.0031464360719804,True,1.23736185753354,0.663108560151617,4.14579844939196,0.0510523311354394,0.090782952435145,True,True,True,2.297726009261096,20.921970135334902,15.65140350877193,1.9764919786096264,2.796746861924688,12.0,2.0,True,True,231986.0,1.81287950611581,1.51780043237065,24.2711325407549,0.000332673236262,0.0010904016414557,True,True,Conserved Fetal-High Candidate
ENSG00000044090,CUL7,ENSMUSG00000038545,Cul7,ortholog_one2one,1.0,CUL7,1.07360988345799,3.13430225282292,36.3794704790058,2.8580535088821e-06,1.77358929614013e-05,True,1.240153418135,3.16976187337245,42.8779260998724,7.17605611305069e-07,8.44196106262072e-06,True,True,True,1.245207131965996,32.903764410771565,31.53437457279562,12.491358288770057,12.957719665271966,12.0,2.0,True,True,66515.0,4.43765688316288,6.35085433781746,927.161878892802,6.07835923609708e-13,1.30527862692575e-10,True,True,Conserved Fetal-High Candidate
ENSG00000109501,WFS1,ENSMUSG00000039474,Wfs1,ortholog_one2one,1.0,WFS1,1.05647292329026,2.8658504686895,21.1232582843444,0.0001102249599238,0.0003909995136644,True,0.964533275754607,2.94289399329895,18.9063829209159,0.000200044220435,0.0008805599474857,True,True,True,1.0237632309321891,19.58667495601428,16.28503553050723,8.32673796791444,6.67592050209205,12.0,2.0,True,True,22393.0,0.943018128143726,4.84086964553656,69.1283072455622,2.15908153533804e-06,1.53804235213968e-05,True,True,Conserved Fetal-High Candidate
ENSG00000088451,TGDS,ENSMUSG00000022130,Tgds,ortholog_one2one,1.0,TGDS,1.05442619479455,3.86594241117899,36.9318116785566,2.54310093320894e-06,1.6084593202249e-05,True,0.929830677872101,3.945698636398,28.7702083148355,1.49234708496852e-05,0.0001022717480978,True,True,True,0.6727687055981021,19.471081569344644,20.88911134651601,13.844631016042785,11.6175209205021,12.0,2.0,True,True,76355.0,0.852554665016435,4.22246454859749,36.1037573075964,5.56509854804576e-05,0.0002369482637309,True,True,Conserved Fetal-High Candidate
ENSG00000182628,SKA2,ENSMUSG00000020492,Ska2,ortholog_one2one,1.0,SKA2,1.04923688519465,5.00887144294377,13.1890674806397,0.0012904151312413,0.0032737286841239,True,0.862630112951326,5.09225771951529,9.32793600837482,0.0053268401406352,0.0135450366530337,True,True,True,1.5054776777719567,71.95750672198777,60.694993476515464,18.304855614973267,23.154769874476976,12.0,2.0,True,True,66140.0,0.542948697146017,3.96109240124728,13.4401873030338,0.0031131929867825,0.0075293463080877,True,True,Conserved Fetal-High Candidate
ENSG00000091844,RGS17,ENSMUSG00000019775,Rgs17,ortholog_one2one,1.0,RGS17,1.04485318974893,0.39255984508519,5.58201839247566,0.0262280249356269,0.0449366922357629,True,1.59668748893382,0.425819935622535,9.97990208003697,0.0037436553380012,0.0101057727792467,True,True,True,1.4298978414137244,4.853527471490126,3.00345010252905,0.2589732620320856,0.7128451882845188,12.0,2.0,True,True,56533.0,3.12495838921619,3.16561370511607,74.8158975360425,1.44803970939056e-06,1.10997004685472e-05,True,True,Conserved Fetal-High Candidate
ENSG00000121104,FAM117A,ENSMUSG00000038893,Fam117a,ortholog_one2one,1.0,FAM117A,1.0368601334843,1.98980076936939,8.69976100452508,0.0068906513326553,0.0139484105707935,True,1.31011659166197,2.02839826667283,13.4193361890835,0.0010872977299086,0.0035984722886466,True,True,True,0.6643289995869432,13.551825518318443,12.557467532467534,9.69719786096257,5.411841004184101,12.0,2.0,True,True,215512.0,1.31126460541086,3.62895969298505,35.0560243659628,6.38754604084196e-05,0.0002659280424883,True,True,Conserved Fetal-High Candidate
ENSG00000255302,EID1,ENSMUSG00000091337,Eid1,ortholog_one2one,1.0,EID1,1.03318064437981,7.05926259762035,38.6875256590179,1.7796270654567e-06,1.18813329315639e-05,True,0.930265337829225,7.12378130958568,36.135619677004,2.8746977182821e-06,2.64484383921691e-05,True,True,True,2.0832386369000417,340.22186632736657,330.3658909694956,89.54948663101604,64.84465481171547,12.0,2.0,True,True,58521.0,1.90022852761712,6.21903099216236,297.554261230293,5.58145989493856e-10,1.99762250110785e-08,True,True,Conserved Fetal-High Candidate
ENSG00000102978,POLR2C,ENSMUSG00000031783,Polr2c,ortholog_one2one,1.0,POLR2C,1.03050256366794,5.90553744622975,39.0699240119997,1.64991971027071e-06,1.11451073438081e-05,True,1.02105254253537,5.95548379059391,34.6150168681543,3.9732068293289e-06,3.40459678530939e-05,True,True,True,0.5480947138010026,36.00621686622854,28.98105590062112,20.18935828877004,18.820094142259407,12.0,2.0,True,True,20021.0,0.518655614894375,5.21383119944049,25.1032596494466,0.0002832761780658,0.0009478376919873,True,True,Conserved Fetal-High Candidate
ENSG00000198791,CNOT7,ENSMUSG00000031601,Cnot7,ortholog_one2one,1.0,CNOT7,1.02026427049772,6.2426792987696,37.18766414333,2.40720676958387e-06,1.53483321739468e-05,True,0.840060850974472,6.32289313755421,29.6557867119372,1.20612272987422e-05,8.56976279632456e-05,True,True,True,1.0780589832312084,72.9045698564634,74.5048882734912,37.78802139037433,31.74012552301256,12.0,2.0,True,True,18983.0,0.654163698698971,6.57845937252551,53.6000672469722,8.06309964321258e-06,4.59247394841032e-05,True,True,Conserved Fetal-High Candidate
ENSG00000069667,RORA,ENSMUSG00000032238,Rora,ortholog_one2one,1.0,RORA,1.01726381563279,2.09419886508805,11.1340425818621,0.0026953322659533,0.0061681442085705,True,0.873104033825935,2.18106575345552,7.9380646504448,0.0091683228983674,0.0213771484725171,True,True,True,0.726144216880167,18.77227550914317,17.259002557544754,14.311229946524064,5.7645397489539745,12.0,2.0,True,True,19883.0,3.58323738460528,1.75439011568261,43.8655437969927,1.79020328272312e-05,8.9908587348833e-05,True,True,Conserved Fetal-High Candidate
ENSG00000141504,SAT2,ENSMUSG00000069835,Sat2,ortholog_one2one,1.0,SAT2,1.01334957854884,7.68607021187877,6.68226580791951,0.0160680773765909,0.0292130430185509,True,1.76641394405746,7.62259833850265,23.1863618984775,6.1042082240493e-05,0.0003273856452125,True,True,True,0.665808866640113,114.71371919919788,122.53657131960335,93.8908128342246,59.84808577405855,12.0,2.0,True,True,69215.0,3.57417712441672,1.55398641308376,41.0440610934966,2.25950789272433e-05,0.000109912634577,True,True,Conserved Fetal-High Candidate
ENSG00000177125,ZBTB34,ENSMUSG00000068966,Zbtb34,ortholog_one2one,1.0,ZBTB34,1.00742546342639,2.09327575632712,18.9049766434254,0.0002087063546508,0.0006782288940481,True,1.40771495148036,2.12469602094703,21.3630694096128,8.68134464237774e-05,0.0004375216155519,True,True,True,1.6879010245923978,19.450489545990724,19.377418730650152,7.636074866310162,3.013336820083681,12.0,2.0,True,True,241311.0,1.92393246675559,4.93423016174871,115.045691441807,1.34895549471355e-07,1.58098533949087e-06,True,True,Conserved Fetal-High Candidate
ENSG00000137509,PRCP,ENSMUSG00000061119,Prcp,ortholog_one2one,1.0,PRCP,1.0059491141516,4.66692753840278,26.201123971559,2.86745399195719e-05,0.0001248908979005,True,0.71275953633657,4.77392479496393,13.1584726393418,0.0012921496588828,0.004150570322276,True,True,True,0.9890123436269658,45.8253298851105,44.92152101952995,31.030149732620316,13.242447698744762,12.0,2.0,True,True,72461.0,0.504015734794458,3.83994677448246,11.4206891688504,0.0053092320451517,0.011968695470564,True,True,Conserved Fetal-High Candidate
ENSG00000141696,P3H4,ENSMUSG00000006931,P3h4,ortholog_one2one,1.0,P3H4,0.998888087332989,3.99031452875612,12.5350173716774,0.0016227111568638,0.0039705727577598,True,1.24154091805311,4.00048479333856,16.6763505117967,0.0004034957464856,0.0015867757423714,True,True,True,0.8452950676052607,59.43453147301019,47.998257978723395,30.078192513369,22.46637029288706,12.0,2.0,True,True,66180.0,2.38396684605951,2.33880712273049,37.0671532164632,5.00370804999929e-05,0.000216507536489,True,True,Conserved Fetal-High Candidate
ENSG00000118922,KLF12,ENSMUSG00000072294,Klf12,ortholog_one2one,1.0,KLF12,0.997659077678665,2.26737813297594,7.15478135315994,0.0131017200810102,0.0245169436185959,True,0.620324139492431,2.40973932129435,2.40396183271619,0.133430458817439,0.201802956628624,True,True,True,2.49451425429907,25.696071543822203,29.131052489177492,4.681668449197861,4.011851464435144,12.0,2.0,True,True,16597.0,3.85966450617786,3.21816628826268,148.005341400819,3.46167211967939e-08,5.13237222732866e-07,True,True,Conserved Fetal-High Candidate
ENSG00000170962,PDGFD,ENSMUSG00000032006,Pdgfd,ortholog_one2one,1.0,PDGFD,0.99641875141714,0.539699083019438,11.8953286241009,0.0020142411657399,0.0047991414748983,True,0.867579134061248,0.616280829419627,5.49728530724427,0.0261861999422222,0.0515824210341367,True,True,True,1.5219277929434858,23.5838939205161,13.61346562184024,3.9468877005347585,4.230523012552301,12.0,2.0,True,True,71785.0,4.695085764891,2.02902134112058,85.7132403889165,2.24720480021485e-07,2.4226141465636e-06,True,True,Conserved Fetal-High Candidate
ENSG00000182093,GET1,ENSMUSG00000023147,Get1,ortholog_one2one,1.0,WRB,0.99288296068861,4.60950050237399,35.6307552487348,3.32412551091108e-06,2.02050008405088e-05,True,1.03002349820065,4.65475881996106,43.4481220968168,6.88529057487212e-07,8.13852602555729e-06,True,True,False,1.612663914156818,33.04163646950416,32.934264705882356,13.317508021390386,6.875094142259415,12.0,2.0,True,True,71446.0,0.599914858988768,4.05265660188929,11.8039448983585,0.0047795299206776,0.0109000790277325,True,True,Conserved Fetal-High Candidate
ENSG00000177045,SIX5,ENSMUSG00000040841,Six5,ortholog_one2one,1.0,SIX5,0.989914760105085,2.3081445117201,15.0109457345018,0.0007004756398025,0.0019336279648972,True,0.739113358423074,2.41840506582532,7.88569172316181,0.0094455913535521,0.0219352116122641,True,True,True,1.349070367261653,17.373780981118152,18.895070109439125,7.344417112299465,6.274999999999998,12.0,2.0,True,True,20475.0,1.16731150148615,2.9919438472708,24.7325245865903,0.0003019438990419,0.001001764533228,True,True,Conserved Fetal-High Candidate
ENSG00000012174,MBTPS2,ENSMUSG00000046873,Mbtps2,ortholog_one2one,1.0,MBTPS2,0.986901763384556,2.72581013505428,23.8093247588309,5.31979220974387e-05,0.0002114050657265,True,0.816788518651987,2.81057580425554,16.5733167938343,0.0004094708850745,0.0016045932244384,True,True,True,1.600857140370868,17.269034645310626,15.3690218878249,5.399315508021388,3.393797071129706,12.0,2.0,True,True,270669.0,0.835923769917876,5.17610043154264,42.5461273784264,2.54078115754522e-05,0.000121377683285,True,True,Conserved Fetal-High Candidate
ENSG00000087077,TRIP6,ENSMUSG00000023348,Trip6,ortholog_one2one,1.0,TRIP6,0.986188264716269,4.75961646289405,15.9701395593201,0.0005121932929751,0.0014732704345259,True,0.721591828475678,4.85430057981586,15.7691433779241,0.0005396480699177,0.0020272581226796,True,True,True,0.9506852571461104,51.57514607674846,51.69778343023256,33.24277005347593,19.287489539748957,12.0,2.0,True,True,22051.0,1.27970432105611,4.05352874322305,54.9716160026986,7.09307246302114e-06,4.14379845426343e-05,True,True,Conserved Fetal-High Candidate
ENSG00000104960,PTOV1,ENSMUSG00000038502,Ptov1,ortholog_one2one,1.0,PTOV1,0.98427820673818,6.50610931543376,8.39081821541351,0.0078009526256937,0.0155189813955701,True,1.24725852648757,6.50814758524771,13.4334793971059,0.0011730332055061,0.0038390177634747,True,True,True,1.1131661799474697,128.20895933995462,121.85579678362572,59.25210695187168,52.3350523012552,12.0,2.0,True,True,84113.0,0.634923529958936,5.93598264595678,38.5051565757635,4.1053838754704e-05,0.0001822576889563,True,True,Conserved Fetal-High Candidate
ENSG00000163093,BBS5,ENSMUSG00000063145,Bbs5,ortholog_one2one,1.0,BBS5,0.976426588741383,0.0089779013887584,8.95842316684009,0.0060839634279544,0.0125251025689675,True,0.762683869092378,0.153774153255434,3.42774345146447,0.0742857648422669,0.124181752557131,True,True,True,0.8078606112751449,10.89553319892338,9.637634803921568,7.257272727272731,2.8957635983263605,12.0,2.0,True,True,72569.0,1.36756530437987,1.19941745922907,11.2557398410769,0.0056025580167382,0.0125176132631066,True,True,Conserved Fetal-High Candidate
ENSG00000174628,IQCK,ENSMUSG00000073856,Iqck,ortholog_one2one,1.0,IQCK,0.974945201734677,3.53053000586397,25.200987879702,3.70000710708165e-05,0.000155037535604,True,0.827654083440481,3.61224380292264,16.4123196757925,0.0004385045264638,0.0017006997190882,True,True,True,0.7959843921820604,15.573556501575688,16.605350877192983,9.474898395721926,8.804707112970712,12.0,2.0,True,True,434232.0,2.13044448807039,0.900071587651596,17.636876149891,0.0011356577001005,0.0031564606567555,True,True,Conserved Fetal-High Candidate
ENSG00000044459,CNTLN,ENSMUSG00000038070,Cntln,ortholog_one2one,1.0,CNTLN,0.972253788744514,2.60260168312282,8.55012327137002,0.0073201763106801,0.0146973929562486,True,0.383517097464547,2.77075038080484,1.82213049684636,0.18917285983044,0.268707225260134,True,True,True,1.663951216869846,55.789332496115925,49.80335495283019,21.386641711229935,8.677761506276152,12.0,2.0,True,True,338349.0,6.42818134523291,2.76453759456328,185.462862934649,3.67567839981397e-10,1.46083529000368e-08,True,True,Conserved Fetal-High Candidate
ENSG00000081721,DUSP12,ENSMUSG00000026659,Dusp12,ortholog_one2one,1.0,DUSP12,0.970327492752563,4.26155471720292,24.8479065249305,4.04443291255915e-05,0.0001674958601266,True,0.789665671695561,4.34704695409867,17.1506872820731,0.0003489794611553,0.0014062915954405,True,True,True,0.7385976706538324,38.20442299353085,33.06173520923521,22.120598930481265,16.707269874476985,12.0,2.0,True,True,80915.0,2.13452064350049,4.18408078898704,168.41006021974,1.55256361349782e-08,2.69151457683724e-07,True,True,Conserved Fetal-High Candidate
ENSG00000162769,FLVCR1,ENSMUSG00000066595,Flvcr1,ortholog_one2one,1.0,FLVCR1,0.953152540045045,4.43212643125626,14.1065528416952,0.000943654253541,0.0025078070214806,True,1.91623606722253,4.34598348272879,57.1640566597481,6.65030631176246e-08,1.1763110613833e-06,True,True,True,2.208126315443949,43.704280194617645,43.02373231132076,11.572256684491984,5.482552301255231,12.0,2.0,True,True,226844.0,1.76873465741127,4.96247570148983,132.186695254073,6.17726551907077e-08,8.24089309828739e-07,True,True,Conserved Fetal-High Candidate
ENSG00000203666,DRC8,ENSMUSG00000026495,Efcab2,ortholog_one2one,1.0,EFCAB2,0.9518043838593,3.4537626096696,10.0951134695996,0.0039802612719423,0.0086775064566354,True,0.889185496312566,3.5225157759799,7.97357011003105,0.0092083090039105,0.0214603625320555,True,True,False,0.7062824815864815,11.675941136193622,8.863947368421051,4.512566844919787,5.578608786610879,12.0,2.0,True,True,68226.0,1.28970069071313,3.9137572874206,56.9484649958139,5.92159470154603e-06,3.58038655115276e-05,True,True,Conserved Fetal-High Candidate
ENSG00000163960,UBXN7,ENSMUSG00000053774,Ubxn7,ortholog_one2one,1.0,UBXN7,0.950374777521066,4.5515469310718,36.2426274335756,2.92668996405893e-06,1.81049481109964e-05,True,0.857695241369458,4.62142140502192,26.3307325940984,2.71461240398592e-05,0.0001675105065219,True,True,True,1.2617219405052116,34.1929555975234,32.49458180334557,17.227294117647062,8.710261506276147,12.0,2.0,True,True,224111.0,0.581951322945564,6.76238076713125,39.5029941661381,3.63365634762138e-05,0.0001640505276779,True,True,Conserved Fetal-High Candidate
ENSG00000137338,PGBD1,ENSMUSG00000055313,Pgbd1,ortholog_one2one,0.0,PGBD1,0.943372415111009,0.850221839862564,7.51527704858601,0.0111909017771319,0.0213731918246458,True,0.51253543184363,0.999768002105716,2.23396045316629,0.146362188450343,0.217438073115612,True,True,True,1.614826633784155,8.082444946438505,4.680674342105263,1.3337433155080214,0.3757845188284518,12.0,2.0,True,True,319207.0,0.852858387293597,2.70232856539613,15.0379817535844,0.0021072444851948,0.0053984708631681,True,True,Conserved Fetal-High Candidate
ENSG00000149212,SESN3,ENSMUSG00000032009,Sesn3,ortholog_one2one,1.0,SESN3,0.943123769379416,4.4328528794461,13.7472218092399,0.0010657001106542,0.0027838792634913,True,1.02155655549273,4.4693743646414,19.090380494192,0.0001940143953828,0.0008574981631899,True,True,True,1.6831258308607673,64.00439697948126,49.46119414101292,22.070352941176488,7.357604602510462,12.0,2.0,True,True,75747.0,0.795913042770183,5.8362870229927,64.9519373294902,2.9954646972429e-06,2.01625970571749e-05,True,True,Conserved Fetal-High Candidate
ENSG00000052802,MSMO1,ENSMUSG00000031604,Msmo1,ortholog_one2one,1.0,MSMO1,0.926159910005658,6.97953349885211,6.54910921700343,0.0170377588385804,0.030746479333244,True,1.69342032759465,6.90679713559936,17.5379409217239,0.0003087441558686,0.001266806300417,True,True,True,1.9578681853366608,133.2200533640126,96.10763157894736,26.84855614973263,21.144110878661103,12.0,2.0,True,True,66234.0,0.690685132047334,6.90756276287109,28.6480815282157,0.000159662008773,0.000579062921494,True,True,Conserved Fetal-High Candidate
ENSG00000196867,ZFP28,ENSMUSG00000062861,Zfp28,ortholog_one2one,1.0,ZFP28,0.915454514010363,0.733112328918075,12.15884443058,0.0018395377995751,0.0044285907296744,True,0.74635034945431,0.838281546333817,9.56512294206631,0.0044384803349831,0.011637530764197,True,True,True,1.4591022174845405,9.747598070523852,7.871587301587303,3.083390374331551,1.3701464435146438,12.0,2.0,True,True,22690.0,1.91458740093859,2.16945121727464,26.2333038756976,0.0002366869625257,0.0008119686212489,True,True,Conserved Fetal-High Candidate
ENSG00000256043,CTSO,ENSMUSG00000028015,Ctso,ortholog_one2one,1.0,CTSO,0.912391090081244,3.30650718014809,13.5287156487713,0.0011494098413265,0.0029680984123375,True,1.66444190294767,3.25008172558395,37.046191807809,2.19604661193632e-06,2.13597538174434e-05,True,True,True,0.6002769960242211,18.392803317130063,20.143774154589373,15.826866310160431,10.067154811715488,12.0,2.0,True,True,229445.0,0.504666486458011,4.0454500947929,8.91276071454096,0.0111163353128888,0.0226373337956259,True,True,Conserved Fetal-High Candidate
ENSG00000049449,RCN1,ENSMUSG00000005973,Rcn1,ortholog_one2one,1.0,RCN1,0.90949455386188,6.13288416691768,16.4281346025758,0.0004427684674482,0.001299650087958,True,0.417886062362978,6.28583779773463,4.28368211116643,0.0490288578147315,0.0877241432049105,True,True,True,1.0948304976158072,113.61884627145594,113.9235220214568,59.50731550802139,46.10503138075317,12.0,2.0,True,True,19672.0,2.096071062715,5.58391448148457,288.064249217863,6.76098561699901e-10,2.26739955931297e-08,True,True,Conserved Fetal-High Candidate
ENSG00000011105,TSPAN9,ENSMUSG00000030352,Tspan9,ortholog_one2one,1.0,TSPAN9,0.902342976362347,1.9975955059125,11.2061478310156,0.0026239838509428,0.0060226967319795,True,1.08826393962939,2.0110672633841,15.7502249207531,0.0005003543413985,0.001903145228397,True,True,True,2.5312576620048257,19.602818351924693,19.459971397029307,3.9509946524064175,1.1276569037656905,12.0,2.0,True,True,109246.0,2.49242516783153,2.63149473894624,52.7885420146788,8.85212711888932e-06,4.95198405297867e-05,True,True,Conserved Fetal-High Candidate
ENSG00000205302,SNX2,ENSMUSG00000034484,Snx2,ortholog_one2one,1.0,SNX2,0.901372548193565,5.9082860716747,14.3123902823646,0.0008803090352055,0.0023577906503343,True,0.978608919643838,5.94255406373447,16.6173061575726,0.0004112854133826,0.001610976183525,True,True,True,0.7096329399677962,72.27425295917332,74.20071271929822,50.15791443850264,39.80890167364014,12.0,2.0,True,True,67804.0,0.588506066410265,6.05389522988025,30.2819955690963,0.0001247069730067,0.0004696884409086,True,True,Conserved Fetal-High Candidate
ENSG00000123411,IKZF4,ENSMUSG00000002578,Ikzf4,ortholog_one2one,1.0,IKZF4,0.897892453864456,1.88509196273651,15.5463064788945,0.0005881218953418,0.001663875248328,True,0.96726804994478,1.9493297569453,13.0929696861751,0.0012401333822651,0.004018449010096,True,True,True,2.6685949373048197,21.075852405749337,21.55987621753247,4.1291336898395725,0.9672907949790792,12.0,2.0,True,True,22781.0,0.98441312474243,1.40164826180502,7.40729538480051,0.0182721299284937,0.0348831571362153,True,True,Conserved Fetal-High Candidate
ENSG00000174705,SH3PXD2B,ENSMUSG00000040711,Sh3pxd2b,ortholog_one2one,1.0,SH3PXD2B,0.895043668238715,1.98287960094257,5.60131540911316,0.0261521412708988,0.0448196375222006,True,0.2473430945474,2.17046890979756,0.415086753410052,0.525201134512367,0.614185879906901,True,True,True,2.02398666305253,14.966392920941573,13.092936263531168,1.9489411764705888,2.9813389121338916,12.0,2.0,True,True,268396.0,1.32371324564301,4.58024350707294,67.9146699028473,2.37061811618909e-06,1.66468405057709e-05,True,True,Conserved Fetal-High Candidate
ENSG00000255690,TRIL,ENSMUSG00000043496,Tril,ortholog_one2one,1.0,TRIL,0.894900124521207,-0.459690145021594,6.567545292158,0.0164932498581342,0.0298882365944112,True,0.605036818968325,-0.322934106267015,2.33952047722098,0.136819902299217,0.206049205406701,True,True,True,2.6706532430766456,13.351496501547627,11.772958996328027,0.6916363636363636,1.3204916317991633,12.0,2.0,True,True,66873.0,4.24805846206127,1.91045907341606,94.740743934792,1.79859729494108e-07,1.99720803876943e-06,True,True,Conserved Fetal-High Candidate
ENSG00000157350,ST3GAL2,ENSMUSG00000031749,St3gal2,ortholog_one2one,1.0,ST3GAL2,0.893541524868761,2.8364242748095,10.017227422572,0.0041030543880769,0.0088984896166664,True,0.751523092826951,2.91172490946373,7.50788829873304,0.0111618843183341,0.0252616429753141,True,True,True,0.6628934710409097,18.677472469442204,13.816072492552134,13.302117647058823,3.413849372384938,12.0,2.0,True,True,20444.0,0.907697153697413,1.49340693084044,6.86262525616298,0.0220795928161204,0.0411143634620737,True,True,Conserved Fetal-High Candidate
ENSG00000188191,PRKAR1B,ENSMUSG00000025855,Prkar1b,ortholog_one2one,1.0,PRKAR1B,0.892336856981755,4.55330510017232,47.7274769641479,3.33245289465678e-07,2.97278876136994e-06,True,0.649754691454223,4.65736804502409,18.8444935277002,0.0002085811987656,0.000913238127944,True,True,True,0.9129158868926052,24.308095299326283,25.29892548768788,13.4805668449198,12.454707112970716,12.0,2.0,True,True,19085.0,2.66680666224685,2.1185790837014,67.3961133384752,2.57013226415395e-06,1.77575199610512e-05,True,True,Conserved Fetal-High Candidate
ENSG00000145687,SSBP2,ENSMUSG00000003992,Ssbp2,ortholog_one2one,1.0,SSBP2,0.889504737543861,3.34504950328876,10.2202459696526,0.0037947637600394,0.0083170447291665,True,1.30700530854942,3.33544499765557,19.4468099507926,0.0001709625434657,0.0007699304578816,True,True,True,2.349544063160724,51.36220268821287,42.06528521281264,10.734310160427809,4.165198744769875,12.0,2.0,True,True,66970.0,2.17212595017176,1.05652380339137,24.0675228438398,0.0003308023755522,0.0010853383016515,True,True,Conserved Fetal-High Candidate
ENSG00000013583,HEBP1,ENSMUSG00000042770,Hebp1,ortholog_one2one,1.0,HEBP1,0.885718824709022,7.46526709413108,6.2070875276242,0.019837998125942,0.0351785127350013,True,1.61436523063173,7.39773261958602,22.2776806316728,7.80973960543101e-05,0.000402001191437,True,True,True,1.068596825581449,63.54263722675137,59.0871783625731,37.32763636363636,17.96939330543932,12.0,2.0,True,True,15199.0,4.21253226307159,5.04574826056223,623.359020104867,6.75599761638653e-12,7.312955468664251e-10,True,True,Conserved Fetal-High Candidate
ENSG00000100380,ST13,ENSMUSG00000022403,St13,ortholog_one2one,1.0,ST13,0.884802707977812,8.23825069436636,32.6095680091422,6.35760758025822e-06,3.50704018521287e-05,True,0.640910240636102,8.33421090050275,21.5467134439641,9.55336059782539e-05,0.0004732227036639,True,True,True,0.8186468426071936,269.7043112249938,270.9128713042277,170.46824598930496,135.86652719665264,12.0,2.0,True,True,70356.0,0.59101694209285,7.20195542333529,41.628529855032,2.82392930709557e-05,0.0001329013601791,True,True,Conserved Fetal-High Candidate
ENSG00000144711,IQSEC1,ENSMUSG00000034312,Iqsec1,ortholog_one2one,1.0,IQSEC1,0.88336049637162,2.76991709391684,13.1023610336433,0.0013322429076919,0.0033620932087799,True,0.627443430586998,2.87984451541099,5.94838199083956,0.0221659323619787,0.0447392414034029,True,True,True,0.9824420619682852,27.99895939029821,29.179207572088927,18.170245989304792,10.378493723849378,12.0,2.0,True,True,232227.0,1.4553248043886,6.37241008964237,244.089585686468,1.7928722100634402e-09,4.85168711479364e-08,True,True,Conserved Fetal-High Candidate
ENSG00000184990,SIVA1,ENSMUSG00000064326,Siva1,ortholog_one2one,1.0,SIVA1,0.879454679180954,7.21388596896313,25.5271322479188,3.39598399652593e-05,0.0001443049700627,True,0.622765629650454,7.31193390391954,13.7852316525018,0.0010393175971091,0.0034738253179854,True,True,True,0.5187080385272106,236.91903941335545,225.79595744680847,157.22082352941183,157.38480125523003,12.0,2.0,True,True,30954.0,0.759308477597152,4.66789057870914,31.0961364192489,0.0001106675479161,0.0004232771424752,True,True,Conserved Fetal-High Candidate
ENSG00000212864,RNF208,ENSMUSG00000044628,Rnf208,ortholog_one2one,1.0,RNF208,0.878725109847541,2.17333727222405,10.568062304894,0.0033285300738853,0.0074139233504896,True,0.880603198306188,2.23348309414512,8.60524054092526,0.0069612172752118,0.0169712311445102,True,True,True,0.6100930967010568,5.693530061354146,5.161971688574318,3.375058823529411,2.69902719665272,12.0,2.0,True,True,68846.0,2.91047695439584,2.93344513482786,81.7441011518426,9.03361025297198e-07,7.55012472743685e-06,True,True,Conserved Fetal-High Candidate
ENSG00000123352,SPATS2,ENSMUSG00000051934,Spats2,ortholog_one2one,1.0,SPATS2,0.878033678747793,4.95739506380039,19.6155761252573,0.0001688657886701,0.0005639115057787,True,0.657674136418235,5.04812718391202,12.070045593019,0.0018973565656121,0.0057297130397671,True,True,True,1.0119367561729995,64.1650455531444,57.32974780701755,34.00482352941176,21.844299163179908,12.0,2.0,True,True,72572.0,0.85878163268905,4.85898293349852,42.8720545640876,2.44829233567664e-05,0.0001176346595351,True,True,Conserved Fetal-High Candidate
ENSG00000125089,SH3TC1,ENSMUSG00000036553,Sh3tc1,ortholog_one2one,1.0,SH3TC1,0.877968447262184,2.25064059952585,7.88228133546637,0.0096319822864949,0.0186991715518228,True,1.52911199290194,2.23378921016525,20.6245374710516,0.000108199347675,0.0005242125814174,True,True,True,0.8256493331361843,8.651975388809243,6.65676948051948,3.513614973262031,3.126715481171548,12.0,2.0,True,True,231147.0,4.00127164656994,4.9034423735998,467.980533324619,3.7836952007229e-11,2.75279332800135e-09,True,True,Conserved Fetal-High Candidate
ENSG00000117569,PTBP2,ENSMUSG00000028134,Ptbp2,ortholog_one2one,1.0,PTBP2,0.871704161979308,3.44765933461983,13.4865428462916,0.0011659633885304,0.0030051700615659,True,0.740720059865618,3.52363821506603,9.58985910665421,0.0048013548832099,0.0124218145122198,True,True,True,1.9241907066575177,54.11477117625349,50.405809423135,16.569358288770058,8.520271966527197,12.0,2.0,True,True,56195.0,0.677862731358145,3.9276977812819,12.923296383567,0.0035528362571853,0.0084348184607997,True,True,Conserved Fetal-High Candidate
ENSG00000104765,BNIP3L,ENSMUSG00000022051,Bnip3l,ortholog_one2one,1.0,BNIP3L,0.865258895929313,5.71096804178186,18.7138061194939,0.0002200199775367,0.0007086476776495,True,0.62212828299913,5.8162881204509,4.12359170688537,0.0531247108716952,0.0937094625440333,True,True,True,2.4222826509215523,165.1426585328725,161.10784829721365,31.66004278074864,26.82587866108788,12.0,2.0,True,True,12177.0,0.623609368625064,5.31880390497454,20.157981399235,0.0006987311744424,0.0020760782987116,True,True,Conserved Fetal-High Candidate
ENSG00000189369,GSPT2,ENSMUSG00000071723,Gspt2,ortholog_one2one,1.0,GSPT2,0.861340112181259,3.2557023771729,13.2009280853423,0.0012867353690264,0.0032657913099102,True,0.619299501865525,3.3454099892667,9.51862825494414,0.0049358872557817,0.0127054614541352,True,True,True,1.90453571713068,26.219082483638108,25.147381713554985,6.106053475935828,5.86199790794979,12.0,2.0,True,True,14853.0,2.2331816472905,2.55674343338728,61.7886472159445,3.93891335381193e-06,2.51765205917677e-05,True,True,Conserved Fetal-High Candidate
ENSG00000119927,GPAM,ENSMUSG00000024978,Gpam,ortholog_one2one,1.0,GPAM,0.860427507472838,2.73145058827267,12.4564022603956,0.0016706063581372,0.0040698424830531,True,0.545599838328516,2.85588005737016,6.00454901018712,0.0216144195056377,0.0437726734768472,True,True,True,1.0033329929249213,11.536515401458368,9.3761115355233,4.009636363636364,4.342531380753138,12.0,2.0,True,True,14732.0,1.470750178383,6.26108815299668,221.425626089961,3.1719431112471e-09,7.50111022791187e-08,True,True,Conserved Fetal-High Candidate
ENSG00000123562,MORF4L2,ENSMUSG00000031422,Morf4l2,ortholog_one2one,1.0,MORF4L2,0.859525587306899,7.18181494730745,16.7077554125522,0.0004055255755891,0.0012040479639946,True,0.928547151886622,7.21683888860544,18.0477991048358,0.0002641035910201,0.0011131225434495,True,True,True,0.6549967977457927,202.500046735363,204.77124999999992,159.70788235294106,99.6532531380754,12.0,2.0,True,True,56397.0,0.576596321166338,7.19341760511263,44.4714446917781,2.04706088812403e-05,0.0001007190268458,True,True,Conserved Fetal-High Candidate
ENSG00000164904,ALDH7A1,ENSMUSG00000053644,Aldh7a1,ortholog_one2one,1.0,ALDH7A1,0.859468213018638,5.5079978247034,18.5155741982707,0.0002334098351973,0.0007469030705496,True,0.47226657157162,5.63960712432553,6.38162242407341,0.0182838481747341,0.038059181085411,True,True,True,0.741641848556081,67.11125771439323,69.24219298245615,44.32638502673796,37.691474895397526,12.0,2.0,True,True,110695.0,1.33002993791451,4.01854632453098,51.0846498853437,1.02833827649111e-05,5.63427811242908e-05,True,True,Conserved Fetal-High Candidate
ENSG00000089486,CDIP1,ENSMUSG00000004071,Cdip1,ortholog_one2one,1.0,CDIP1,0.853667454277875,3.87063317446028,17.7016591906773,0.0002986659835965,0.0009229936593713,True,1.4308088287595,3.83372314202754,39.6497332606551,1.3925065921971e-06,1.46069778286771e-05,True,True,True,1.1693375329854276,22.04581431873214,19.41459441489362,12.04591443850268,4.107782426778242,12.0,2.0,True,True,66626.0,0.528119613183846,6.5123129612315,16.0584105543972,0.0016623151141208,0.0043965163745341,True,True,Conserved Fetal-High Candidate
ENSG00000016864,GLT8D1,ENSMUSG00000021916,Glt8d1,ortholog_one2one,1.0,GLT8D1,0.850257517196535,4.15419924245284,34.0171139011883,4.68562870513372e-06,2.7073705800641e-05,True,0.680184626911208,4.24385705256238,18.2770686380288,0.0002473283245376,0.0010529050754117,True,True,True,0.8679846867493526,30.624456430601487,33.26594774980931,23.948213903743337,11.601213389121348,12.0,2.0,True,True,76485.0,0.546043156424018,3.39190753303396,9.83667751552487,0.0083738962321453,0.0177221513964049,True,True,Conserved Fetal-High Candidate
ENSG00000072422,RHOBTB1,ENSMUSG00000019944,Rhobtb1,ortholog_one2one,1.0,RHOBTB1,0.849484860000794,2.87715767716829,6.16886448908997,0.0201942396892126,0.0357140542558948,True,0.789142076963793,2.94927772148942,4.49998116305474,0.043970789983169,0.0800693827041609,True,True,True,1.875521436352498,29.804893206421795,23.246990481522957,6.8973475935828885,4.318640167364015,12.0,2.0,True,True,69288.0,1.76589787310618,3.3791476238246,48.5109182168747,1.33338954079799e-05,7.00858600323111e-05,True,True,Conserved Fetal-High Candidate
ENSG00000118762,PKD2,ENSMUSG00000034462,Pkd2,ortholog_one2one,1.0,PKD2,0.845294695889924,2.31556239565065,8.36029555677646,0.0079084435540859,0.0157082133781805,True,0.642897799891669,2.39966893940278,5.53495452627724,0.0267053188474976,0.0523960529897985,True,True,True,1.6929684548630728,34.890880016097455,22.26798770378558,10.408556149732624,1.984550209205021,12.0,2.0,True,True,18764.0,0.785052173654949,4.74048700295431,43.2248342489548,2.35250728075176e-05,0.0001138127977323,True,True,Conserved Fetal-High Candidate
ENSG00000070718,AP3M2,ENSMUSG00000031539,Ap3m2,ortholog_one2one,1.0,AP3M2,0.842776372102593,2.98043857813207,22.1554442461191,8.28325750521458e-05,0.0003066806230429,True,0.35145885138064,3.13224729178953,5.41202667239626,0.0284517228758747,0.0553655147854859,True,True,True,1.1736030980352472,17.75536143990014,13.922064669652856,8.637229946524068,2.593054393305439,12.0,2.0,True,True,64933.0,1.50859864928839,1.14997216736024,15.0022741954887,0.0021475090368362,0.0054847372561744,True,True,Conserved Fetal-High Candidate
ENSG00000164733,CTSB,ENSMUSG00000021939,Ctsb,ortholog_one2one,1.0,CTSB,0.842460669549576,7.39693916638128,7.94177243352406,0.0093858494077588,0.0182792218885468,True,1.09768004986713,7.39555956874737,13.2589196081624,0.0012455399569687,0.0040322032338286,True,True,True,0.5093579257499697,169.10898061277507,163.83006796690302,135.91768983957215,93.68010460251048,12.0,2.0,True,True,13030.0,0.517522833756154,8.54453689178067,48.2247423777211,1.37166269421885e-05,7.17294466254114e-05,True,True,Conserved Fetal-High Candidate
ENSG00000196220,SRGAP3,ENSMUSG00000030257,Srgap3,ortholog_one2one,1.0,SRGAP3,0.836457064459021,2.63857247807151,5.83895483545039,0.0234493808414179,0.0407095539478146,True,0.786709369714619,2.69676414698265,4.77438730720252,0.0383982333368981,0.0713373880446804,True,True,True,1.377292659797225,12.44319462434288,13.175219298245612,4.41807486631016,4.49515690376569,12.0,2.0,True,True,259302.0,3.45268186106034,3.86166597712679,174.379333751578,1.28602290872017e-08,2.27990799023973e-07,True,True,Conserved Fetal-High Candidate
ENSG00000093183,SEC22C,ENSMUSG00000061536,Sec22c,ortholog_one2one,1.0,SEC22C,0.820303890415454,3.75092146427379,14.0663116988531,0.0009570254467651,0.0025380303427861,True,1.17274820603466,3.73958133726577,50.0701041350643,2.09729944904074e-07,3.07367736822254e-06,True,True,True,1.1752869213027035,23.53115802074173,21.874089954163487,12.655454545454548,5.601642259414227,12.0,2.0,True,True,215474.0,0.755649547543098,4.70880991936031,28.4034930178067,0.0001658336639024,0.0005975397567517,True,True,Conserved Fetal-High Candidate
ENSG00000142065,ZFP14,ENSMUSG00000053985,Zfp14,ortholog_one2one,1.0,ZFP14,0.811128857066418,3.51296541767629,16.29928639903,0.0004618677809617,0.0013477018345182,True,0.903053628070497,3.55530499089686,17.6393408469252,0.0002987070619938,0.0012334995096899,True,True,True,0.8760032324238566,20.909478930599875,20.92953590527119,17.307882352941178,4.589822175732217,12.0,2.0,True,True,243906.0,1.98425639974187,0.503266507523097,12.0744540516069,0.0042025276796062,0.0097478142031842,True,True,Conserved Fetal-High Candidate
ENSG00000154114,TBCEL,ENSMUSG00000037287,Tbcel,ortholog_one2one,1.0,TBCEL,0.810937518237672,1.65860749745435,6.3262375951255,0.0188155893904228,0.0335798397683525,True,0.40434729700022,1.82047175633077,1.61954061883047,0.214504258418758,0.29793307388796,True,True,True,0.676653334726642,6.740625516874811,6.273955378250591,3.4065668449197855,3.6948221757322175,12.0,2.0,True,True,272589.0,1.35798507502286,5.4583185212482,89.6633038296361,5.34394158174962e-07,4.87323549448045e-06,True,True,Conserved Fetal-High Candidate
ENSG00000095637,SORBS1,ENSMUSG00000025006,Sorbs1,ortholog_one2one,1.0,SORBS1,0.809278405039938,3.59697275533542,11.0848577295439,0.0027418374533209,0.0062592614384429,True,0.526786463697767,3.71058011308417,4.18788579194335,0.0514513239284716,0.0913626208452518,True,True,True,1.9121245666204605,53.75321916942554,40.26723039215686,8.645208556149733,11.284278242677823,12.0,2.0,True,True,20411.0,1.08630717307359,3.87276255892922,40.1729210613629,3.35321876688035e-05,0.0001535239156198,True,True,Conserved Fetal-High Candidate
ENSG00000203880,PCMTD2,ENSMUSG00000027589,Pcmtd2,ortholog_one2one,1.0,PCMTD2,0.808808127451842,3.84744039405957,21.6217608792838,9.57282462729221e-05,0.0003468417547353,True,0.630926680033177,3.93473911237605,12.6866463216178,0.0015246624377371,0.0047750935574813,True,True,True,1.3112868284137835,49.714676365086454,47.04088738207547,20.013229946524056,16.70400627615063,12.0,2.0,True,True,245867.0,0.527715090429389,5.21786175643271,11.3558319577236,0.0054052762228169,0.0121563931808419,True,True,Conserved Fetal-High Candidate
ENSG00000136213,CHST12,ENSMUSG00000036599,Chst12,ortholog_one2one,1.0,CHST12,0.802557803642004,3.44630974380173,16.2573394433345,0.0004680816239009,0.0013633720824597,True,0.564055186236619,3.545980229652,7.3434708156925,0.0120229874144403,0.0268221750598314,True,True,True,0.5048740155343804,15.377567815019104,14.333315677966102,10.767786096256687,8.843661087866112,12.0,2.0,True,True,59031.0,4.29984035051109,0.891117818958516,28.9461458686329,6.3454841253348e-05,0.0002644031123904,True,True,Conserved Fetal-High Candidate
ENSG00000143870,PDIA6,ENSMUSG00000020571,Pdia6,ortholog_one2one,1.0,PDIA6,0.801379975532551,8.13893882111794,12.9206042827635,0.0014163490881654,0.0035426272711735,True,0.601120068354657,8.226639329987,10.3115502402555,0.0036331560581506,0.0098565547093541,True,True,True,0.6048490796280245,20.074444016655576,19.713827683615825,11.87771122994652,13.3626359832636,12.0,2.0,True,True,71853.0,0.705377830622076,7.87207768476215,33.5661423318053,7.80749132636511e-05,0.0003163388299428,True,True,Conserved Fetal-High Candidate
ENSG00000182158,CREB3L2,ENSMUSG00000038648,Creb3l2,ortholog_one2one,1.0,CREB3L2,0.794208175840376,4.56734851812201,15.2116480414237,0.0006542951162552,0.0018241669863418,True,1.03470726259166,4.56532494252057,21.2581061154463,0.0001040204101624,0.0005084400442643,True,True,True,0.7745214754997076,45.86296352953252,40.19310166599759,33.69355080213901,12.467981171548113,12.0,2.0,True,True,208647.0,0.595278243067435,5.55640351436525,23.8252610211921,0.0003532425419792,0.0011496140806432,True,True,Conserved Fetal-High Candidate
ENSG00000152217,SETBP1,ENSMUSG00000024548,Setbp1,ortholog_one2one,1.0,SETBP1,0.783813431945497,2.54085552718107,9.5743812937869,0.0048709783203407,0.0103342629543363,True,0.502402736955616,2.65929687783837,4.64514688586387,0.04093458799302,0.0753684658986226,True,True,True,2.300706325160799,44.165215444891544,43.98551900584795,10.594652406417117,5.666202928870292,12.0,2.0,True,True,240427.0,2.0880653735718,5.01457792732695,255.53307289723,1.37035860501093e-09,3.92338499129177e-08,True,True,Conserved Fetal-High Candidate
ENSG00000004975,DVL2,ENSMUSG00000020888,Dvl2,ortholog_one2one,1.0,DVL2,0.777873962769256,4.30437198958676,14.5557550367466,0.0008120784357093,0.0021962188178395,True,0.803324570888764,4.35472036791124,15.1371437974753,0.0006631517944962,0.0024043062971371,True,True,True,0.9073042595427332,30.10482831240587,28.184954100367193,17.210877005347605,11.910815899581586,12.0,2.0,True,True,13543.0,0.702326420642256,5.611520993761,45.9189263835902,1.74876351297064e-05,8.82267427498713e-05,True,True,Conserved Fetal-High Candidate
ENSG00000105204,DYRK1B,ENSMUSG00000002409,Dyrk1b,ortholog_one2one,1.0,DYRK1B,0.769108428398074,3.14479645363096,10.7904069310536,0.0030604125331388,0.0068909668726791,True,1.05010076895638,3.15606810851005,14.8793035025334,0.0007121452778831,0.0025494418943323,True,True,True,1.0129544713189396,16.351794170907034,14.19576213260424,8.791336898395725,4.268587866108786,12.0,2.0,True,True,13549.0,0.7794236444511,3.58109858154537,18.5869386062808,0.0009600227435928,0.002734647584124,True,True,Conserved Fetal-High Candidate
ENSG00000119977,TCTN3,ENSMUSG00000025008,Tctn3,ortholog_one2one,1.0,TCTN3,0.7688255989355,5.28108722961244,13.1678105419654,0.0012998873649969,0.0032925911757061,True,1.15133548043481,5.25863375396734,45.6825261808961,4.56834824022373e-07,5.73588847064849e-06,True,True,True,0.9651915311077008,52.78255671104108,54.04146287674589,33.41680213903742,20.9688179916318,12.0,2.0,True,True,67590.0,1.0022589731622,3.36037059781183,27.0243847941348,0.0002063005398892,0.0007206035173253,True,True,Conserved Fetal-High Candidate
ENSG00000182199,SHMT2,ENSMUSG00000025403,Shmt2,ortholog_one2one,1.0,SHMT2,0.767043673383487,5.29997846871202,13.4723095842584,0.0011703505377361,0.0030147293842961,True,0.235123704262835,5.47627078233765,1.38453001535155,0.250485483009421,0.338559285027222,True,True,True,0.8542026093477617,39.64826237175945,39.21309831181728,24.013957219251367,18.47548117154812,12.0,2.0,True,True,108037.0,0.599908018008941,6.98537989130266,16.729069693215,0.0014298696502965,0.0038568242552771,True,True,Conserved Fetal-High Candidate
ENSG00000182287,AP1S2,ENSMUSG00000031367,Ap1s2,ortholog_one2one,1.0,AP1S2,0.766109655057103,3.29289658473598,8.9513706028319,0.0062256887764591,0.0127577824754111,True,0.990680004512012,3.29649772824148,12.7340879160219,0.0014886157256232,0.0046760427355205,True,True,True,3.4870560837946667,57.67472273661189,49.77030523255814,3.002566844919787,4.053326359832636,12.0,2.0,True,True,108012.0,2.63805190941931,2.79965239622879,88.4666332878023,5.86860641353876e-07,5.26513650875034e-06,True,True,Conserved Fetal-High Candidate
ENSG00000158623,COPG2,ENSMUSG00000025607,Copg2,ortholog_one2one,1.0,COPG2,0.765350472894977,3.22431496469684,21.6218312692967,9.5856766392768e-05,0.0003470245265113,True,0.477041533029399,3.35389069261373,5.91898780625047,0.0225210440389068,0.0453476685777352,True,True,True,1.7519890157444027,14.439915856692688,9.65898543528633,3.4560320855614983,0.8731066945606695,12.0,2.0,True,True,54160.0,0.521031037588484,5.09186669792484,21.5500932442705,0.0005344347117383,0.0016463358982148,True,True,Conserved Fetal-High Candidate
ENSG00000198860,TSEN15,ENSMUSG00000014980,Tsen15,ortholog_one2one,1.0,TSEN15,0.763159994722616,3.88737457842269,13.1494257753392,0.0013090122791219,0.0033109872400779,True,0.412069402342107,4.02069235070178,4.30837668221143,0.0484522432969002,0.0869165021904075,True,True,True,0.5697013971956304,20.17039859761049,19.07527805362463,15.34299465240642,9.70869246861925,12.0,2.0,True,True,66637.0,0.588228464908003,3.17147319155588,7.45846627534439,0.0179065082000671,0.0342884007156183,True,True,Conserved Fetal-High Candidate
ENSG00000178234,GALNT11,ENSMUSG00000038072,Galnt11,ortholog_one2one,1.0,GALNT11,0.762514442014262,3.8826212174492,28.6283034835523,1.58758592241384e-05,7.60390358690617e-05,True,0.663905982402988,3.95531028290496,17.2034881885858,0.0003432595800629,0.0013858167131811,True,True,True,0.8008426047370104,22.70232485851434,19.98525439407955,14.008556149732629,8.083096234309625,12.0,2.0,True,True,231050.0,0.900043348344268,3.88232834101109,37.4276275490495,4.69772884952358e-05,0.0002048659086228,True,True,Conserved Fetal-High Candidate
ENSG00000172893,DHCR7,ENSMUSG00000058454,Dhcr7,ortholog_one2one,1.0,DHCR7,0.759153950095831,5.13783253902124,13.7045462846946,0.0010810342816307,0.0028177259189434,True,0.741616640649626,5.18632832482305,13.250687581455,0.0012507241832992,0.0040459668211425,True,True,True,1.0308199633995283,32.16108370668991,31.942690058479528,17.764513368983955,12.481893305439332,12.0,2.0,True,True,13360.0,0.621142485679,6.08680758884873,28.2173399407632,0.0001707029209077,0.0006121030673219,True,True,Conserved Fetal-High Candidate
ENSG00000073792,IGF2BP2,ENSMUSG00000033581,Igf2bp2,ortholog_one2one,1.0,IGF2BP2,0.752411075622108,6.26347444782351,21.2720943967465,0.0001053425356403,0.0003759303374447,True,0.965614239400582,6.26663869339197,27.9349406076519,1.81911989399325e-05,0.0001210583054945,True,True,True,1.719368697933304,162.71642875346308,161.12226438188495,51.06468449197861,45.40240585774061,12.0,2.0,True,True,319765.0,1.21035667050018,7.25263160885567,203.451796001866,5.195158671689971e-09,1.12835795358695e-07,True,True,Conserved Fetal-High Candidate
ENSG00000166263,STXBP4,ENSMUSG00000020546,Stxbp4,ortholog_one2one,1.0,STXBP4,0.749527241338812,2.75761879636796,10.2489693989672,0.0037552491053494,0.008237762834545,True,0.696613399474736,2.8176848021579,9.07502061641735,0.0058496445437009,0.0146553612651312,True,True,True,1.4837941078920496,11.526975500272409,9.503039867109637,2.745101604278075,2.7655648535564854,12.0,2.0,True,True,20913.0,1.48704512096498,2.9312841762276,47.758635538505,1.44205144758666e-05,7.48809398329518e-05,True,True,Conserved Fetal-High Candidate
ENSG00000162735,PEX19,ENSMUSG00000003464,Pex19,ortholog_one2one,1.0,PEX19,0.747414622732144,4.18565733788016,24.5085924621338,4.41566233873971e-05,0.0001802664999321,True,1.05460437200069,4.17905868509693,43.6348557908122,6.64033250995217e-07,7.89739888366622e-06,True,True,True,0.6910530966905944,27.51978377399638,27.9753488372093,19.61347593582886,14.281276150627615,12.0,2.0,True,True,19298.0,0.556532515013657,6.44218974488923,35.8434773119888,5.7561299453717e-05,0.0002439118844451,True,True,Conserved Fetal-High Candidate
ENSG00000139679,LPAR6,ENSMUSG00000033446,Lpar6,ortholog_one2one,1.0,LPAR6,0.741681072297679,3.11472458143798,6.6036853221439,0.0166426053738129,0.0301219305186619,True,0.382454386704545,3.25451795966825,2.06873273444904,0.162827518000789,0.23740720043271,True,True,True,1.531685709564973,28.53929702943373,30.117071994062343,11.017860962566845,8.507248953974894,12.0,2.0,True,True,67168.0,0.853947530896339,4.27232735381005,22.0846943850923,0.0004836688615121,0.0015080953681902,True,True,Conserved Fetal-High Candidate
ENSG00000143740,SNAP47,ENSMUSG00000009894,Snap47,ortholog_one2one,1.0,SNAP47,0.738130078182249,3.62566720972755,33.6155441288224,5.11826831750549e-06,2.92041094874513e-05,True,0.652514305381512,3.6950582956581,23.6637032758005,5.39166233631075e-05,0.0002943867994325,True,True,True,0.6236029118975269,24.375858306786608,22.221064274708347,17.985775401069525,10.157395397489536,12.0,2.0,True,True,67826.0,0.8338284738672,4.82307808772184,46.359480700631,1.66830354078731e-05,8.48102074915701e-05,True,True,Conserved Fetal-High Candidate
ENSG00000143067,ZNF697,ENSMUSG00000050064,Zfp697,ortholog_one2one,1.0,ZNF697,0.724243837496191,1.28672157384461,5.41576312308751,0.0284740414282269,0.0482684956667093,True,0.556482901407924,1.38054111179884,2.71481426450835,0.111107133330921,0.173188194175184,True,True,True,1.3621672214740097,13.388684563850228,12.984764021887823,5.258716577540108,3.621359832635984,12.0,2.0,True,True,242109.0,2.03876215187777,3.73183331925669,96.3138424914635,3.61730009750758e-07,3.55692271035568e-06,True,True,Conserved Fetal-High Candidate
ENSG00000186918,ZNF395,ENSMUSG00000034522,Zfp395,ortholog_one2one,1.0,ZNF395,0.71094946676394,4.3093425329605,12.4730966332123,0.0016582970336189,0.0040470642361992,True,0.674021130374446,4.36109905865773,9.4414116226977,0.0050963894883691,0.0130508486425887,True,True,True,1.5276045080150078,99.88307973630198,89.14177631578949,38.67074866310158,21.86110878661089,12.0,2.0,True,True,380912.0,1.54637462391262,6.64575647211301,232.400769703594,2.39033189054989e-09,6.05035718455916e-08,True,True,Conserved Fetal-High Candidate
ENSG00000069329,VPS35,ENSMUSG00000031696,Vps35,ortholog_one2one,1.0,VPS35,0.708253860398205,6.91736297617212,21.5687308561756,9.699815809321e-05,0.000350514279012,True,0.872584029508553,6.93175953288039,31.9817813606349,7.06636191701603e-06,5.4910663674009e-05,True,True,True,0.9756253676261673,115.56899587888788,113.23510265700484,65.6984598930481,48.48306485355648,12.0,2.0,True,True,65114.0,0.65549052064951,7.78734490086231,80.2788333012032,9.72674282004458e-07,8.01372858329663e-06,True,True,Conserved Fetal-High Candidate
ENSG00000136888,ATP6V1G1,ENSMUSG00000039105,Atp6v1g1,ortholog_one2one,1.0,ATP6V1G1,0.693973732465666,7.781721793906,13.9904908328479,0.0009809019850998,0.0025909161184207,True,0.85089454840026,7.79413767795456,20.4383790585056,0.0001306206353083,0.0006147353577085,True,True,True,0.5724926678559046,296.5726091107668,283.2855478318438,226.5928770053473,153.744989539749,12.0,2.0,True,True,66290.0,0.983189909050341,3.90349297313548,30.4491896484716,0.000121681936311,0.0004598561737284,True,True,Conserved Fetal-High Candidate
ENSG00000164008,C1orf50,ENSMUSG00000078584,AU022252,ortholog_one2one,1.0,C1orf50,0.679604898769399,3.49073162035787,12.9229701873543,0.0014167861825181,0.0035427625230646,True,0.928172925240975,3.4998158777194,21.3455493104101,0.0001007359934696,0.0004951759089758,True,True,True,1.165584276872624,24.09162756918092,24.516601662404096,8.066171122994652,12.683598326359832,12.0,2.0,True,True,230696.0,0.603800726648166,4.90730790521927,29.5822200357735,0.0001384630456328,0.0005128968076066,True,True,Conserved Fetal-High Candidate
ENSG00000198105,ZNF248,ENSMUSG00000030145,Zfp248,ortholog_one2one,1.0,ZNF248,0.67948077622145,3.29919048085579,19.18375216752,0.0001919328575888,0.0006299380238273,True,0.43148565201838,3.40724537732426,6.93346269221145,0.0143451093715961,0.0311495855106914,True,True,True,1.8765557857637016,22.338639240824698,25.1075,8.17848128342246,4.041391213389121,12.0,2.0,True,True,72720.0,4.94762499182288,0.727022860176718,38.1761507877169,2.51912875335756e-05,0.0001206029493786,True,True,Conserved Fetal-High Candidate
ENSG00000162878,PKDCC,ENSMUSG00000024247,Pkdcc,ortholog_one2one,1.0,PKDCC,0.668569428876927,5.11656766037282,6.00909800892297,0.0216904181059167,0.0380647461756088,True,0.200711049911014,5.2732699531299,0.853389054159506,0.364485117074845,0.459521443217234,True,True,True,1.9808163026213512,70.38517468483418,75.24809027777778,21.23706951871658,15.397301255230133,12.0,2.0,True,True,106522.0,1.20753611428839,6.62889990197026,149.034626371037,3.12392761814612e-08,4.72636048954516e-07,True,True,Conserved Fetal-High Candidate
ENSG00000004487,KDM1A,ENSMUSG00000036940,Kdm1a,ortholog_one2one,1.0,KDM1A,0.661889714561507,5.10649838109536,7.69606173014495,0.0104012051797823,0.0200415115304379,True,0.338650989337039,5.22407320267513,2.80504382983807,0.106519441998046,0.167004268952363,True,True,True,1.1781140275015558,56.02316457965325,53.81393483709272,25.729390374331523,20.71832635983263,12.0,2.0,True,True,99982.0,0.549957274181301,6.66890508628624,23.1890960101693,0.0003954749475139,0.0012660142945901,True,True,Conserved Fetal-High Candidate
ENSG00000163191,S100A11,ENSMUSG00000027907,S100a11,ortholog_one2one,1.0,S100A11,0.659198121792138,8.70931004050607,6.88204220988311,0.0147255546170333,0.0270908149354548,True,0.606085592346693,8.76463639628633,6.12387479508694,0.0205194112007254,0.0418984258831474,True,True,True,0.9184597372129945,646.2259253333901,671.6765903890162,382.1904064171125,327.6004079497909,12.0,2.0,True,True,20195.0,0.737168664721234,3.32391557353072,16.3039361340215,0.0015727201036744,0.0041945503726606,True,True,Conserved Fetal-High Candidate
ENSG00000119661,DNAL1,ENSMUSG00000042523,Dnal1,ortholog_one2one,1.0,DNAL1,0.649967903738519,2.39919746971759,8.75734224089957,0.0067322333680916,0.0136588356785692,True,0.635617677884722,2.46008574660226,6.60353853012731,0.0164465198220037,0.0348704804437204,True,True,True,0.6159151009089139,16.515351042493364,15.594635416666666,8.832802139037431,10.823723849372383,12.0,2.0,True,True,105000.0,1.27729883340283,2.13602195706396,13.06715326594,0.0034293542268446,0.0081809369211072,True,True,Conserved Fetal-High Candidate
ENSG00000170456,DENND5B,ENSMUSG00000030313,Dennd5b,ortholog_one2one,1.0,DENND5B,0.641689058292307,3.59112958220995,5.3494665868624,0.0293926300266822,0.0496080851760378,True,1.71581858639403,3.45442507303332,30.0138299011615,1.0575108343793e-05,7.65856761191551e-05,True,True,True,1.4506509872680626,30.61053037729226,29.351802383316787,14.323775401069518,5.885020920502092,12.0,2.0,True,True,320560.0,0.588095720607217,6.10734989639401,32.6114560506454,8.9134440171048e-05,0.0003537215905923,True,True,Conserved Fetal-High Candidate
ENSG00000072958,AP1M1,ENSMUSG00000003033,Ap1m1,ortholog_one2one,1.0,AP1M1,0.62651482274963,3.90646353410547,11.7814830062971,0.0021244013128319,0.0050132374490096,True,1.17393828102993,3.85703656701918,60.5965035429495,4.00551034602984e-08,7.78315963318138e-07,True,True,True,2.0236629895693254,34.912686979026624,32.96010880077369,7.558673796791444,7.145146443514643,12.0,2.0,True,True,11767.0,0.816065173038142,5.23596834785597,43.1174146325118,2.38111962330787e-05,0.0001149047722534,True,True,Conserved Fetal-High Candidate
ENSG00000130150,MOSPD2,ENSMUSG00000061778,Mospd2,ortholog_one2one,1.0,MOSPD2,0.598773733348289,3.06482935882927,7.76824120303475,0.0100983271504762,0.0195128962513115,True,0.895229987636744,3.05017385340695,13.1637605113748,0.0012770520841295,0.0041150246543763,True,True,True,1.3911515989768375,11.370339185108287,10.539966032608696,3.3855508021390377,3.413912133891213,12.0,2.0,True,True,76763.0,0.959616560968718,4.55027853675795,42.3800183362931,2.58968839354911e-05,0.0001233599687717,True,True,Conserved Fetal-High Candidate
ENSG00000136717,BIN1,ENSMUSG00000024381,Bin1,ortholog_one2one,1.0,BIN1,0.59653189697663,4.97554393531638,8.84819007408161,0.0064837155213764,0.0132285951634784,True,0.0138461352389693,5.17617719996254,0.0054223163990144,0.941889656144433,0.955826031546769,True,True,True,0.931859560972222,55.63742716140624,55.271449851042696,29.563336898395704,27.429654811715498,12.0,2.0,True,True,30948.0,0.987028075277002,4.12759237533457,27.8388094718358,0.0001811642393968,0.0006457886702355,True,True,Conserved Fetal-High Candidate
ENSG00000163281,GNPDA2,ENSMUSG00000029209,Gnpda2,ortholog_one2one,1.0,GNPDA2,0.590541452507747,2.61718688889855,9.74404253735501,0.0045595465895415,0.0097430829314328,True,0.327268600977117,2.74269189442695,3.14604875506404,0.0883088139037561,0.143235608418207,True,True,True,0.797312308482594,13.217028185655671,11.922208462332302,5.761294117647055,7.110104602510462,12.0,2.0,True,True,67980.0,0.646156866570408,3.51270208463758,8.73371705370986,0.0117636622251048,0.023806014058094,True,True,Conserved Fetal-High Candidate
ENSG00000056277,ZNF280C,ENSMUSG00000036916,Zfp280c,ortholog_one2one,1.0,ZNF280C,0.581051245180941,1.31948671128476,5.36429980527213,0.0291654595641488,0.0492808121641325,True,0.397112771584647,1.42088095431272,3.10139973812471,0.0897766876309899,0.14524989126088,True,True,True,0.6734670969791541,10.231235373381557,8.357499999999998,7.719572192513375,2.0146966527196644,12.0,2.0,True,True,208968.0,0.623250451930328,4.33678795313686,13.2281039556688,0.0032853372130676,0.0078826778977803,True,True,Conserved Fetal-High Candidate
ENSG00000087502,ERGIC2,ENSMUSG00000030304,Ergic2,ortholog_one2one,1.0,ERGIC2,0.577811829009031,5.15417365907469,16.1487777737814,0.0004837987676695,0.0014013454366889,True,0.493909202887361,5.2207309001488,14.6487828178089,0.0007779613060585,0.0027409511843102,True,True,True,0.5071423392876292,60.42887374969897,54.97536593707251,46.31093048128343,30.459257322175755,12.0,2.0,True,True,67456.0,0.599114009064552,6.14779593637007,30.2673318359161,0.0001249782633979,0.0004704970740373,True,True,Conserved Fetal-High Candidate
ENSG00000136193,SCRN1,ENSMUSG00000019124,Scrn1,ortholog_one2one,1.0,SCRN1,0.574180130535032,1.96992288301165,5.86981596978312,0.0231174105561689,0.0402353834829296,True,2.03615953527517,1.80350563279207,40.1201758560149,7.29494337686507e-07,8.52977476249075e-06,True,True,True,2.3984665084525765,29.444353936433355,29.143158212560387,7.429080213903744,2.005188284518829,12.0,2.0,True,True,69938.0,2.65397062933671,2.10651564124533,38.1170024080622,4.42419944929728e-05,0.0001946589275212,True,True,Conserved Fetal-High Candidate
ENSG00000172465,TCEAL1,ENSMUSG00000049536,Tceal1,ortholog_one2one,1.0,TCEAL1,0.574068443336566,3.83218839939937,6.38970182279399,0.018289639010048,0.0327496718662145,True,0.312507930275391,3.93838972652212,2.55550004175988,0.122579006345369,0.188129393074902,True,True,True,0.5727299601025183,23.255634625896462,23.631451085340466,15.221625668449208,15.899958158995812,12.0,2.0,True,True,237052.0,1.58146879051179,1.87196105300623,15.3925420550561,0.0019492455627466,0.005045150743081,True,True,Conserved Fetal-High Candidate
ENSG00000157625,TAB3,ENSMUSG00000035476,Tab3,ortholog_one2one,1.0,TAB3,0.556066106784306,3.73139296656124,7.69534067097827,0.0104080228945476,0.0200503022041567,True,0.825196053227444,3.71983825124603,14.8850113999973,0.0007193010547421,0.0025702866354788,True,True,True,0.5305111252437463,16.923562409043033,13.381767834793491,11.846802139037433,6.066464435146444,12.0,2.0,True,True,66724.0,0.814575628998336,5.59377551962359,64.0339105157578,3.22682931243806e-06,2.14060814478327e-05,True,True,Conserved Fetal-High Candidate
ENSG00000153130,SCOC,ENSMUSG00000063253,Scoc,ortholog_one2one,1.0,SCOC,0.549316520437519,5.83253348577086,12.5577303586518,0.0016087905755052,0.0039430228345614,True,0.825210537785418,5.81928792490907,23.1201158979964,6.22077290386001e-05,0.0003328487555589,True,True,True,0.6548910418987411,65.45126796308666,66.73136387711864,47.71340106951865,36.32215481171549,12.0,2.0,True,True,56367.0,1.03493751475287,3.33097422388591,26.0954735445463,0.0002400278425772,0.0008211024398956,True,True,Conserved Fetal-High Candidate
ENSG00000121481,RNF2,ENSMUSG00000026484,Rnf2,ortholog_one2one,1.0,RNF2,0.538538263164799,3.96145263046277,5.53678176551621,0.0269342530355398,0.0459380063394072,True,0.501098687028519,4.00926343922145,4.7599548452254,0.0388225350045791,0.0720017771910493,True,True,True,1.1044378049242405,23.446998887256488,23.828390151515155,13.332245989304823,7.762311715481169,12.0,2.0,True,True,19821.0,1.23374037420595,5.66481243196424,134.658006708485,5.56153469027782e-08,7.58670828548759e-07,True,True,Conserved Fetal-High Candidate
ENSG00000135336,ORC3,ENSMUSG00000040044,Orc3,ortholog_one2one,1.0,ORC3,0.538079095214057,3.79688009671386,15.7204949942793,0.0005552781955642,0.0015818444221979,True,0.57448861588713,3.84248940986552,15.6264507029872,0.0005654253342743,0.0021081350237062,True,True,True,0.7111148897917169,29.031105657677625,24.16907894736842,14.448288770053482,14.300669456066949,12.0,2.0,True,True,50793.0,0.542761879723873,4.92145320455949,20.1758244721463,0.0006962905800873,0.0020706751805411,True,True,Conserved Fetal-High Candidate
ENSG00000150764,DIXDC1,ENSMUSG00000032064,Dixdc1,ortholog_one2one,1.0,DIXDC1,0.536049555507894,2.45170454064659,7.6863783737989,0.0104529816657303,0.0201279002970273,True,0.480031552966493,2.51998503827217,6.09993205821057,0.0206508779447786,0.0421173053711563,True,True,True,1.5746829006520962,26.64405224259146,23.47931615259741,7.774096256684492,6.662144351464437,12.0,2.0,True,True,330938.0,2.26357384734625,2.53741716684764,48.1937943615076,1.39331094390856e-05,7.2576455035988e-05,True,True,Conserved Fetal-High Candidate
ENSG00000014123,UFL1,ENSMUSG00000040359,Ufl1,ortholog_one2one,1.0,UFL1,0.533224785855546,5.26721568734985,7.59946566113341,0.0108324650031468,0.0207644631041452,True,0.652775794320336,5.28812219401244,10.2451915544221,0.0037293912266071,0.0100704009592417,True,True,True,0.6890088255812893,65.59958067542654,62.20273603723406,52.29809625668453,24.108671548117165,12.0,2.0,True,True,67490.0,0.582214297865762,5.91171542897989,39.3189433981989,3.71577905923194e-05,0.0001674584809047,True,True,Conserved Fetal-High Candidate
ENSG00000171867,PRNP,ENSMUSG00000079037,Prnp,ortholog_one2one,1.0,PRNP,0.52131805810382,3.41388063546889,7.60948464882963,0.0107920810755695,0.0206937456258143,True,0.204497005461205,3.55140807834728,1.28735692682589,0.267386135405179,0.356816444016817,True,True,True,0.8666281402911072,42.23365955237069,38.42778866525424,22.10003208556148,19.14650627615064,12.0,2.0,True,True,19122.0,1.18836582592404,3.95232475120097,56.7746087626068,6.01482017056048e-06,3.62516588663636e-05,True,True,Conserved Fetal-High Candidate
ENSG00000173451,THAP2,ENSMUSG00000020137,Thap2,ortholog_one2one,1.0,THAP2,0.514055445957041,3.65287296647733,9.42236564370269,0.0051655792355914,0.010875476691384,True,0.811309941058677,3.65638797089377,27.2785029789558,2.13630220539077e-05,0.0001378034047135,True,True,True,1.3926133682407973,14.933498583637068,13.20522727272727,4.051176470588235,4.769633891213391,12.0,2.0,True,True,66816.0,0.542438700745042,5.59170461779627,26.9384376613609,0.0002091087020049,0.0007288149891345,True,True,Conserved Fetal-High Candidate
ENSG00000137992,DBT,ENSMUSG00000000340,Dbt,ortholog_one2one,1.0,DBT,0.510118588072703,3.64158414659034,6.76455295166535,0.0155056010596314,0.0283149220664735,True,0.333180097245715,3.73541735965905,2.94967194437958,0.0983624211558875,0.156456570895312,True,True,True,0.744574970453783,36.60005796500518,34.640993114406776,31.07038502673797,9.4738179916318,12.0,2.0,True,True,13171.0,0.56632173704723,5.82583404227417,25.376919164838,0.0002704733794281,0.0009100537209266,True,True,Conserved Fetal-High Candidate
ENSG00000135108,FBXO21,ENSMUSG00000032898,Fbxo21,ortholog_one2one,1.0,FBXO21,0.508398299996545,4.6877646246821,14.3005604980243,0.0008840751735623,0.0023664517480825,True,0.394281580082233,4.76235269014085,9.35092850149656,0.0052788871199439,0.0134487225525279,True,True,True,0.7985876075302707,50.97771588191704,42.95974350205199,30.3068342245989,18.23911087866108,12.0,2.0,True,True,231670.0,0.979052496634877,5.41190347457458,69.281571015007,2.1338649299361e-06,1.5233392856391e-05,True,True,Conserved Fetal-High Candidate
ENSG00000114544,SLC41A3,ENSMUSG00000030089,Slc41a3,ortholog_one2one,1.0,SLC41A3,0.506745581964852,3.84304488022313,9.47113992198454,0.0050669991229274,0.0106981501155677,True,0.328978322321374,3.93449342597137,4.05451518200604,0.0550290620335595,0.0965679899278241,True,True,True,1.1184888752382292,27.747058476008466,26.492408998988875,16.150524064171126,7.174163179916321,12.0,2.0,True,True,71699.0,2.13820256420511,0.611368073793053,12.6454942573364,0.0036000632186215,0.0085378048835287,True,True,Conserved Fetal-High Candidate
ENSG00000080819,CPOX,ENSMUSG00000022742,Cpox,ortholog_one2one,1.0,CPOX,0.504576731085264,3.25816446053087,8.28138535871545,0.0081641952560644,0.0161476501788374,True,0.366369636765426,3.3458235472156,4.02006013085605,0.0559828790699795,0.0980632866568024,True,True,True,1.280226754364084,11.639989729867375,12.35748618402874,5.864481283422462,3.1348953974895397,12.0,2.0,True,True,12892.0,1.35812256857227,7.35800096365767,268.572396703886,1.02196759368209e-09,3.08536883044974e-08,True,True,Conserved Fetal-High Candidate
