"project","barcode","sample_type","is_ffpe","patient","sample_id","tissue","lib_size","exclusion","included"
"COAD","TCGA-A6-4105-01A-02R-1774-07","Primary Tumor",FALSE,"TCGA-A6-4105","98c8f873-7132-4781-ab24-a7461e1c8d02","Tumor",39382945,"",TRUE
"COAD","TCGA-AA-3506-01A-01R-1410-07","Primary Tumor",FALSE,"TCGA-AA-3506","ffa5fff7-6301-4cd8-8e63-a4d8294d1b0e","Tumor",40617365,"",TRUE
"COAD","TCGA-AA-3511-01A-21R-1839-07","Primary Tumor",FALSE,"TCGA-AA-3511","29e8adb9-3f5d-497a-9a6b-85218ae2db14","Tumor",39527480,"",TRUE
"COAD","TCGA-D5-6920-01A-11R-1928-07","Primary Tumor",FALSE,"TCGA-D5-6920","2ebc7be8-627b-4767-a4fe-14e933e40c1c","Tumor",39546906,"",TRUE
"COAD","TCGA-A6-5664-01A-21R-1839-07","Primary Tumor",FALSE,"TCGA-A6-5664","70969845-95d5-4324-ae22-8d8cd725021d","Tumor",39786730,"",TRUE
"COAD","TCGA-AA-3845-01A-01R-1022-07","Primary Tumor",FALSE,"TCGA-AA-3845","196281bd-2c05-46d3-a53c-ead8639ef02d","Tumor",37640075,"",TRUE
"COAD","TCGA-AZ-4315-01A-01R-1410-07","Primary Tumor",FALSE,"TCGA-AZ-4315","cee541bb-ab07-414d-9ebc-7fcd14d0a52e","Tumor",39992922,"duplicate_aliquot_smaller_library",FALSE
"COAD","TCGA-DM-A1HA-01A-11R-A155-07","Primary Tumor",FALSE,"TCGA-DM-A1HA","768bafdc-52e6-48cc-a98b-c2cf4179ee2f","Tumor",39814775,"",TRUE
"COAD","TCGA-F4-6570-01A-11R-1774-07","Primary Tumor",FALSE,"TCGA-F4-6570","45cedf59-bc7a-4d86-8c2d-9a91ac141d30","Tumor",40016279,"",TRUE
"COAD","TCGA-AA-A01F-01A-01R-A002-07","Primary Tumor",FALSE,"TCGA-AA-A01F","fb2cd7a6-c24c-4cfb-a508-5018c0952d36","Tumor",38446078,"",TRUE
"COAD","TCGA-DM-A1DB-01A-11R-A155-07","Primary Tumor",FALSE,"TCGA-DM-A1DB","ee9a6aee-553c-40aa-a473-33c814d69636","Tumor",38649694,"",TRUE
"COAD","TCGA-D5-5537-01A-21R-1928-07","Primary Tumor",FALSE,"TCGA-D5-5537","b4926f28-3fe4-4131-9b56-f160c24a3637","Tumor",39300032,"",TRUE
"COAD","TCGA-A6-2682-11A-01R-A32Z-07","Solid Tissue Normal",FALSE,"TCGA-A6-2682","c25b7166-f8af-44f2-ae53-e837971dbf37","Normal",40005876,"",TRUE
"COAD","TCGA-NH-A8F7-06A-31R-A41B-07","Metastatic",FALSE,"TCGA-NH-A8F7","47a20846-5e39-4acc-b730-56fb4aafb43d",NA,38649234,"sample_type_not_01_or_11",FALSE
"COAD","TCGA-AA-3534-01A-01R-0821-07","Primary Tumor",FALSE,"TCGA-AA-3534","223b5404-763f-4b7a-9942-54b79ed6d847","Tumor",38701260,"",TRUE
"COAD","TCGA-D5-6530-01A-11R-1723-07","Primary Tumor",FALSE,"TCGA-D5-6530","de456bd7-ef38-45fa-9e83-2ec44de69147","Tumor",39835307,"",TRUE
"COAD","TCGA-AY-A8YK-01A-11R-A41B-07","Primary Tumor",FALSE,"TCGA-AY-A8YK","911d8a30-923b-4784-91f8-48c12d14ee4b","Tumor",39083522,"",TRUE
"COAD","TCGA-CM-5348-01A-21R-1723-07","Primary Tumor",FALSE,"TCGA-CM-5348","a2885a20-2932-4440-8342-c65d33f73851","Tumor",39189173,"",TRUE
"COAD","TCGA-AY-A54L-01A-11R-A28H-07","Primary Tumor",FALSE,"TCGA-AY-A54L","70b014fd-a0d0-418c-b55f-d09bae213d52","Tumor",39208153,"",TRUE
"COAD","TCGA-A6-2684-01A-01R-1410-07","Primary Tumor",FALSE,"TCGA-A6-2684","1fb03f00-e4cd-4750-aabd-d890e7ecbf54","Tumor",39297009,"duplicate_aliquot_smaller_library",FALSE
"COAD","TCGA-AA-A01C-01A-01R-A00A-07","Primary Tumor",FALSE,"TCGA-AA-A01C","71d8638f-6833-4bf8-8f2c-701c8bc59256","Tumor",39913298,"",TRUE
"COAD","TCGA-G4-6588-01A-11R-1774-07","Primary Tumor",FALSE,"TCGA-G4-6588","771833ef-f9f3-43e9-ac9e-bf249333b257","Tumor",39264143,"",TRUE
"COAD","TCGA-A6-3809-01A-01R-1022-07","Primary Tumor",FALSE,"TCGA-A6-3809","343f031b-0095-429d-8212-ad0581dbb05b","Tumor",39288683,"",TRUE
"COAD","TCGA-AA-3941-01A-01R-1022-07","Primary Tumor",FALSE,"TCGA-AA-3941","b150ab08-9be5-4dbb-ab30-80c09b319e6d","Tumor",37943932,"",TRUE
"COAD","TCGA-QG-A5YV-01A-11R-A28H-07","Primary Tumor",FALSE,"TCGA-QG-A5YV","294cb58f-4137-4680-af24-abff1d7a076e","Tumor",39552399,"",TRUE
"COAD","TCGA-AZ-4313-01A-01R-1410-07","Primary Tumor",FALSE,"TCGA-AZ-4313","c52a4bfa-e589-4974-91c3-5bcd1eecb970","Tumor",40471034,"duplicate_aliquot_smaller_library",FALSE
"COAD","TCGA-G4-6314-01A-11R-1723-07","Primary Tumor",FALSE,"TCGA-G4-6314","24a02ce5-28e7-457e-8b90-4eaca528b072","Tumor",39858259,"",TRUE
"COAD","TCGA-F4-6805-01A-11R-1839-07","Primary Tumor",FALSE,"TCGA-F4-6805","b3f5e80c-aeb3-4e60-b4dc-5348f7817b7b","Tumor",40313819,"",TRUE
"COAD","TCGA-AZ-6600-01A-11R-1774-07","Primary Tumor",FALSE,"TCGA-AZ-6600","b78f78e4-7997-4476-996e-61ee8eb4bb82","Tumor",39821174,"",TRUE
"COAD","TCGA-AA-3989-01A-01R-1022-07","Primary Tumor",FALSE,"TCGA-AA-3989","2d038887-e0ee-4564-a37b-34a058ecc794","Tumor",39946142,"",TRUE
"COAD","TCGA-G4-6306-01A-11R-1774-07","Primary Tumor",FALSE,"TCGA-G4-6306","5e514217-f0db-49fd-9c5d-eb22628ed297","Tumor",39851809,"",TRUE
"COAD","TCGA-AA-3494-01A-01R-1410-07","Primary Tumor",FALSE,"TCGA-AA-3494","d34036e4-1122-42ae-b20f-f4c8515872a0","Tumor",39273981,"",TRUE
"COAD","TCGA-F4-6463-01A-11R-1723-07","Primary Tumor",FALSE,"TCGA-F4-6463","cd3ac0e4-88a9-4084-a2be-aee722cf6aa3","Tumor",39789956,"",TRUE
"COAD","TCGA-AA-A00O-01A-02R-A089-07","Primary Tumor",FALSE,"TCGA-AA-A00O","1b9a0f24-8a3f-4693-b09c-5f0efe5a32a5","Tumor",38107020,"",TRUE
"COAD","TCGA-AA-3526-01A-02R-A32Z-07","Primary Tumor",FALSE,"TCGA-AA-3526","70c7217a-40c2-41de-9902-075fefb407a6","Tumor",39903329,"",TRUE
"COAD","TCGA-A6-5657-01A-01R-A32Z-07","Primary Tumor",FALSE,"TCGA-A6-5657","65b37014-f125-436a-af3c-5a565aa990b8","Tumor",39885938,"",TRUE
"COAD","TCGA-D5-6536-01A-11R-1723-07","Primary Tumor",FALSE,"TCGA-D5-6536","db4de582-9da8-4090-a98f-e8d9fe73dcb9","Tumor",39515478,"",TRUE
"COAD","TCGA-AA-3666-01A-02R-0905-07","Primary Tumor",FALSE,"TCGA-AA-3666","93d9569a-31ba-4094-a284-b473f6ed37ba","Tumor",39662447,"",TRUE
"COAD","TCGA-AA-3968-01A-01R-1022-07","Primary Tumor",FALSE,"TCGA-AA-3968","3a894bdb-1e25-474e-9831-d2f8f33f92bd","Tumor",35181597,"",TRUE
"COAD","TCGA-A6-2684-01A-01R-A278-07","Primary Tumor",FALSE,"TCGA-A6-2684","2a5d98c0-64a1-4c67-a7ba-8c05da08ebc2","Tumor",27161904,"duplicate_aliquot_smaller_library",FALSE
"COAD","TCGA-A6-6781-01B-06R-A277-07","Primary Tumor",TRUE,"TCGA-A6-6781","52d00759-223a-49b6-b61e-115095b512c3","Tumor",13629310,"FFPE",FALSE
"COAD","TCGA-CM-5861-01A-01R-1653-07","Primary Tumor",FALSE,"TCGA-CM-5861","aa49ac5d-9dc7-48f9-8498-deb9a3f0e0d0","Tumor",40136249,"",TRUE
"COAD","TCGA-AZ-4615-01A-01R-1410-07","Primary Tumor",FALSE,"TCGA-AZ-4615","91202998-760f-4421-b1c4-18639962edda","Tumor",39925223,"",TRUE
"COAD","TCGA-F4-6704-11A-01R-1839-07","Solid Tissue Normal",FALSE,"TCGA-F4-6704","440fe58c-55cc-458a-9691-aca1e908d6e8","Normal",39476765,"",TRUE
"COAD","TCGA-DM-A285-01A-11R-A16W-07","Primary Tumor",FALSE,"TCGA-DM-A285","995e5151-b5f9-4350-b52d-fbf3c14604ea","Tumor",38946210,"",TRUE
"COAD","TCGA-AA-3672-01A-01R-0905-07","Primary Tumor",FALSE,"TCGA-AA-3672","4043bfe7-72a7-4a95-8cb2-53fdd574b7ea","Tumor",40958271,"",TRUE
"COAD","TCGA-AA-3856-01A-01R-0905-07","Primary Tumor",FALSE,"TCGA-AA-3856","c70e9173-bc6a-4488-94e6-8990e54b61ef","Tumor",39529880,"",TRUE
"COAD","TCGA-CK-5912-01A-11R-1653-07","Primary Tumor",FALSE,"TCGA-CK-5912","fd4cb294-ac98-42d8-8401-f0c76ca253f1","Tumor",39400160,"",TRUE
"COAD","TCGA-D5-6922-01A-11R-1928-07","Primary Tumor",FALSE,"TCGA-D5-6922","a08e2707-ddb0-40fe-828f-14720768fb05","Tumor",38769240,"",TRUE
"COAD","TCGA-AA-3842-01A-01R-1022-07","Primary Tumor",FALSE,"TCGA-AA-3842","f36b393e-859c-49f8-bdf4-ed2cef4c6307","Tumor",40198715,"",TRUE
"COAD","TCGA-CM-4747-01A-01R-1410-07","Primary Tumor",FALSE,"TCGA-CM-4747","eb60e3e6-67ca-42e2-8d30-daffd763880b","Tumor",40106193,"",TRUE
"COAD","TCGA-4T-AA8H-01A-11R-A41B-07","Primary Tumor",FALSE,"TCGA-4T-AA8H","8c75da16-9205-4765-9b50-16a301a4c711","Tumor",38473350,"",TRUE
"COAD","TCGA-NH-A6GB-01A-11R-A37K-07","Primary Tumor",FALSE,"TCGA-NH-A6GB","539d1b20-e966-4f8c-b789-6c249d5f9312","Tumor",38803125,"",TRUE
"COAD","TCGA-A6-2681-01A-01R-1410-07","Primary Tumor",FALSE,"TCGA-A6-2681","f098935b-565d-4e60-8432-12be58af2f14","Tumor",40792232,"",TRUE
"COAD","TCGA-F4-6704-01A-11R-1839-07","Primary Tumor",FALSE,"TCGA-F4-6704","43456f55-f4a1-4d9f-8571-ed3542c69416","Tumor",40019438,"",TRUE
"COAD","TCGA-AZ-6607-01A-11R-1839-07","Primary Tumor",FALSE,"TCGA-AZ-6607","3ca00d1a-ac31-491e-aa4d-eba7f8a55718","Tumor",39832721,"",TRUE
"COAD","TCGA-A6-5662-11A-01R-1653-07","Solid Tissue Normal",FALSE,"TCGA-A6-5662","8a194e9a-3f99-4bf9-bf57-d06103a0c71a","Normal",40154710,"",TRUE
"COAD","TCGA-G4-6627-01A-11R-1774-07","Primary Tumor",FALSE,"TCGA-G4-6627","d56a3834-a39c-4aad-b9a0-f1ef0771611b","Tumor",39607855,"",TRUE
"COAD","TCGA-A6-2684-11A-01R-A32Z-07","Solid Tissue Normal",FALSE,"TCGA-A6-2684","dddcdf00-fb0a-477b-891b-2ee5e0c8f61e","Normal",39909639,"",TRUE
"COAD","TCGA-AA-3712-01A-21R-1723-07","Primary Tumor",FALSE,"TCGA-AA-3712","a1633922-3b64-4182-822b-d3f75c32ca20","Tumor",39537371,"",TRUE
"COAD","TCGA-D5-6924-01A-11R-1928-07","Primary Tumor",FALSE,"TCGA-D5-6924","823383c2-6f4d-4c0c-8640-3981a7ed1226","Tumor",39150732,"",TRUE
"COAD","TCGA-CM-6164-01A-11R-1653-07","Primary Tumor",FALSE,"TCGA-CM-6164","f5eacb46-637e-45c2-9e7f-25e8c3136d27","Tumor",39661476,"",TRUE
"COAD","TCGA-AA-A02W-01A-01R-A00A-07","Primary Tumor",FALSE,"TCGA-AA-A02W","116a5cf2-3848-4e90-ba7e-62b00befff27","Tumor",38529035,"",TRUE
"COAD","TCGA-A6-2679-11A-01R-A32Z-07","Solid Tissue Normal",FALSE,"TCGA-A6-2679","a4790fa7-9a3c-4fc9-aa47-0d9610866529","Normal",40293537,"",TRUE
"COAD","TCGA-A6-6652-01A-11R-1774-07","Primary Tumor",FALSE,"TCGA-A6-6652","11923b20-9ed0-4573-9fdd-f7d9b971ee29","Tumor",38612699,"",TRUE
"COAD","TCGA-AA-3956-01A-02R-1022-07","Primary Tumor",FALSE,"TCGA-AA-3956","985e5ecd-3012-4088-924e-90d9dc9d4d2a","Tumor",38833308,"",TRUE
"COAD","TCGA-A6-2684-01C-08R-A277-07","Primary Tumor",TRUE,"TCGA-A6-2684","834e47cb-728c-4b15-99fe-62ca0838512b","Tumor",10865925,"FFPE",FALSE
"COAD","TCGA-A6-5666-01A-01R-1653-07","Primary Tumor",FALSE,"TCGA-A6-5666","e71899a2-ca7c-4c49-83d3-e05a2a5dc82d","Tumor",40079591,"",TRUE
"COAD","TCGA-AA-3509-01A-01R-1410-07","Primary Tumor",FALSE,"TCGA-AA-3509","c5487906-69e2-4fd5-8a0d-60a4f9b73139","Tumor",39516076,"",TRUE
"COAD","TCGA-CM-5864-01A-01R-1653-07","Primary Tumor",FALSE,"TCGA-CM-5864","7ffab1d0-e2c5-48ce-9496-b23c151b9139","Tumor",39711296,"",TRUE
"COAD","TCGA-A6-2677-01A-01R-0821-07","Primary Tumor",FALSE,"TCGA-A6-2677","cb084dd3-f2cc-4889-9ad5-75a9ed6f953b","Tumor",38597914,"duplicate_aliquot_smaller_library",FALSE
"COAD","TCGA-AA-3520-01A-01R-0821-07","Primary Tumor",FALSE,"TCGA-AA-3520","44f8e179-9ada-4ba6-aac3-cbb29656253c","Tumor",39988599,"",TRUE
"COAD","TCGA-AA-A01K-01A-01R-A00A-07","Primary Tumor",FALSE,"TCGA-AA-A01K","13d33f82-8575-43bc-9161-cd5aa1a1bc3d","Tumor",39227308,"",TRUE
"COAD","TCGA-DM-A28F-01A-11R-A32Y-07","Primary Tumor",FALSE,"TCGA-DM-A28F","7b3e6643-c148-4266-a3a3-80bab713dd3e","Tumor",39207004,"",TRUE
"COAD","TCGA-A6-5659-01B-04R-A277-07","Primary Tumor",TRUE,"TCGA-A6-5659","ba4f7841-9fc3-4ce6-aca5-43fc36641640","Tumor",14885593,"FFPE",FALSE
"COAD","TCGA-A6-5662-01A-01R-1653-07","Primary Tumor",FALSE,"TCGA-A6-5662","bf1bbb4a-e283-483b-a3c5-c895e723d943","Tumor",39691995,"",TRUE
"COAD","TCGA-A6-6140-01A-11R-1774-07","Primary Tumor",FALSE,"TCGA-A6-6140","9c8166a9-a869-483e-9132-1dd11ae07344","Tumor",39627971,"",TRUE
"COAD","TCGA-A6-5665-11A-01R-1653-07","Solid Tissue Normal",FALSE,"TCGA-A6-5665","171523dc-2713-4ebf-a115-53a0ba174545","Normal",39354744,"",TRUE
"COAD","TCGA-AA-3560-01A-01R-0821-07","Primary Tumor",FALSE,"TCGA-AA-3560","a2134c8c-b329-4536-b05f-70ef8e176349","Tumor",40562802,"",TRUE
"COAD","TCGA-A6-3809-01B-04R-A277-07","Primary Tumor",TRUE,"TCGA-A6-3809","f1f556c1-360a-4207-935e-138fd59c1a4e","Tumor",15117839,"FFPE",FALSE
"COAD","TCGA-AA-3693-01A-01R-0905-07","Primary Tumor",FALSE,"TCGA-AA-3693","6db67ca1-0beb-4585-9867-40e7c8a96d55","Tumor",39489278,"",TRUE
"COAD","TCGA-AA-A01V-01A-23R-A083-07","Primary Tumor",FALSE,"TCGA-AA-A01V","f072119e-d38a-4ba8-ac4a-37558419ce56","Tumor",39569007,"",TRUE
"COAD","TCGA-AA-A01I-01A-02R-A089-07","Primary Tumor",FALSE,"TCGA-AA-A01I","591c91f1-aa70-44dc-b721-0e781c333359","Tumor",39264940,"",TRUE
"COAD","TCGA-DM-A1D0-01A-11R-A155-07","Primary Tumor",FALSE,"TCGA-DM-A1D0","d63c5178-4ff7-4fd0-b87e-6cbf6e7bef5b","Tumor",39495089,"",TRUE
"COAD","TCGA-AA-3986-01A-02R-1022-07","Primary Tumor",FALSE,"TCGA-AA-3986","81b60b5b-307f-4c3f-9508-cb1624d0925c","Tumor",37880199,"",TRUE
"COAD","TCGA-AA-3516-11A-01R-A32Z-07","Solid Tissue Normal",FALSE,"TCGA-AA-3516","af3648d6-c774-48cc-9428-adc00402a562","Normal",40446406,"",TRUE
"COAD","TCGA-AA-3553-01A-01R-0821-07","Primary Tumor",FALSE,"TCGA-AA-3553","7747a478-b64d-4d89-9787-319eeb82de66","Tumor",39909159,"",TRUE
"COAD","TCGA-A6-A5ZU-01A-11R-A28H-07","Primary Tumor",FALSE,"TCGA-A6-A5ZU","8139f417-0548-40b4-851f-a4e149a2e06a","Tumor",38875001,"",TRUE
"COAD","TCGA-A6-6782-01A-11R-1839-07","Primary Tumor",FALSE,"TCGA-A6-6782","d11551c6-74b9-4697-8c06-4c0684ddb66e","Tumor",39404066,"",TRUE
"COAD","TCGA-AA-3870-01A-01R-1022-07","Primary Tumor",FALSE,"TCGA-AA-3870","4d161fe6-8572-45fa-99d7-7d2665813d71","Tumor",40602909,"",TRUE
"COAD","TCGA-AA-A01T-01A-21R-A16W-07","Primary Tumor",FALSE,"TCGA-AA-A01T","85e7589a-be88-430b-8955-8d7479d03772","Tumor",40249821,"",TRUE
"COAD","TCGA-AA-A00Z-01A-01R-A002-07","Primary Tumor",FALSE,"TCGA-AA-A00Z","76c26717-2e5a-4a8f-a6a4-fee26a7c1676","Tumor",38574503,"",TRUE
"COAD","TCGA-AA-A02R-01A-01R-A00A-07","Primary Tumor",FALSE,"TCGA-AA-A02R","eb30125d-7bc5-49de-bf94-07624b2ea078","Tumor",40476475,"",TRUE
"COAD","TCGA-AA-3675-01A-02R-0905-07","Primary Tumor",FALSE,"TCGA-AA-3675","9998ff12-e6c6-48e3-a2e8-c0673b6b7b7e","Tumor",40215678,"",TRUE
"COAD","TCGA-AA-3860-01A-02R-0905-07","Primary Tumor",FALSE,"TCGA-AA-3860","37f648db-7979-4a23-a640-f058a95bbd84","Tumor",39843493,"",TRUE
"COAD","TCGA-A6-5661-01B-05R-2302-07","Primary Tumor",TRUE,"TCGA-A6-5661","43cdcf68-ae73-4fcc-9ae0-a6d92f6bea85","Tumor",20525355,"FFPE",FALSE
"COAD","TCGA-D5-5539-01A-01R-1653-07","Primary Tumor",FALSE,"TCGA-D5-5539","e83cb295-54c2-4318-aa0a-a8484d8a9385","Tumor",37639892,"",TRUE
"COAD","TCGA-AA-3815-01A-01R-1022-07","Primary Tumor",FALSE,"TCGA-AA-3815","e69e45da-66a6-438a-9bfc-5f1f7f5c5a87","Tumor",34552696,"",TRUE
"COAD","TCGA-CM-4748-01A-01R-1410-07","Primary Tumor",FALSE,"TCGA-CM-4748","a9604049-1a6e-4a4f-a6b5-4d10868f7089","Tumor",20264717,"",TRUE
"COAD","TCGA-CM-6677-01A-11R-1839-07","Primary Tumor",FALSE,"TCGA-CM-6677","177c40e2-d3a2-4a0a-930b-6cf7e6e8318a","Tumor",31321917,"",TRUE
"COAD","TCGA-AY-6197-01A-11R-1723-07","Primary Tumor",FALSE,"TCGA-AY-6197","c9a0e1b7-6e60-4158-b697-0ac6fc77b48d","Tumor",38636861,"",TRUE
"COAD","TCGA-AA-3841-01A-01R-0905-07","Primary Tumor",FALSE,"TCGA-AA-3841","3dea9b14-df42-43a0-ac4a-32ae7a16218d","Tumor",40569736,"",TRUE
"COAD","TCGA-AA-3667-01A-01R-0905-07","Primary Tumor",FALSE,"TCGA-AA-3667","a3ad0c08-113f-438f-bf79-c50bae47208f","Tumor",39645980,"",TRUE
"COAD","TCGA-AZ-4681-01A-01R-1410-07","Primary Tumor",FALSE,"TCGA-AZ-4681","fd61413d-4c78-4c97-a2b5-5e6900a9b390","Tumor",40720557,"",TRUE
"COAD","TCGA-AA-3715-01A-01R-0905-07","Primary Tumor",FALSE,"TCGA-AA-3715","0a4818e6-5d77-42ed-8f8d-ac302347ad91","Tumor",41020038,"",TRUE
"COAD","TCGA-A6-5661-01A-01R-1653-07","Primary Tumor",FALSE,"TCGA-A6-5661","8379051c-5847-42b5-ac5c-a128c166ab97","Tumor",40059915,"",TRUE
"COAD","TCGA-CK-4952-01A-01R-1723-07","Primary Tumor",FALSE,"TCGA-CK-4952","b94c7697-e602-4888-bdc9-481630753798","Tumor",39228686,"",TRUE
"COAD","TCGA-D5-6540-01A-11R-1723-07","Primary Tumor",FALSE,"TCGA-D5-6540","cb7bbff1-4bf3-42a9-85c6-680d91503799","Tumor",39147065,"",TRUE
"COAD","TCGA-G4-6302-01A-11R-1723-07","Primary Tumor",FALSE,"TCGA-G4-6302","e1729eda-2c10-488b-80a4-7ea86189cc9f","Tumor",40244094,"",TRUE
"COAD","TCGA-AY-A69D-01A-11R-A37K-07","Primary Tumor",FALSE,"TCGA-AY-A69D","c54debf2-3f5f-430c-bc8b-45452f64929f","Tumor",37823273,"",TRUE
"COAD","TCGA-AA-A029-01A-01R-A00A-07","Primary Tumor",FALSE,"TCGA-AA-A029","d8c6d434-40dd-4ebf-b614-5631034968a1","Tumor",40132451,"",TRUE
"COAD","TCGA-AA-3862-01A-01R-1022-07","Primary Tumor",FALSE,"TCGA-AA-3862","b6ef4365-6a9e-46df-96b6-733d5ad8b9a6","Tumor",40077083,"",TRUE
"COAD","TCGA-DM-A28C-01A-11R-A32Y-07","Primary Tumor",FALSE,"TCGA-DM-A28C","dac07889-ee06-46e0-b1f1-833ecc0a48a9","Tumor",39409508,"",TRUE
"COAD","TCGA-AA-3852-01A-01R-0905-07","Primary Tumor",FALSE,"TCGA-AA-3852","c1ed26fe-32f5-4a22-baa7-e20ddf8164ab","Tumor",39526987,"",TRUE
"COAD","TCGA-AA-A004-01A-01R-A00A-07","Primary Tumor",FALSE,"TCGA-AA-A004","acb8d261-5332-45a0-ae67-bd159c73b1af","Tumor",39901496,"",TRUE
"COAD","TCGA-AA-3660-01A-01R-1723-07","Primary Tumor",FALSE,"TCGA-AA-3660","e074f5fa-86cf-4c74-a8f1-9d70a9950fb4","Tumor",39592744,"",TRUE
"COAD","TCGA-D5-5538-01A-01R-1653-07","Primary Tumor",FALSE,"TCGA-D5-5538","d0e1ec3a-de16-4222-9dcc-5bbced68fbb8","Tumor",39417416,"",TRUE
"COAD","TCGA-NH-A6GC-01A-12R-A41B-07","Primary Tumor",FALSE,"TCGA-NH-A6GC","ffb978ff-8558-44ea-ac38-622bc60b1bba","Tumor",38131816,"",TRUE
"COAD","TCGA-D5-6538-01A-11R-1723-07","Primary Tumor",FALSE,"TCGA-D5-6538","a7604e8e-148a-4429-a5d2-ddb474279cbb","Tumor",39040898,"",TRUE
"COAD","TCGA-D5-6534-01A-21R-1928-07","Primary Tumor",FALSE,"TCGA-D5-6534","484f30a5-3a83-482d-9865-0cf24d1a30bc","Tumor",39881689,"",TRUE
"COAD","TCGA-AZ-4315-01A-01R-1410-07","Primary Tumor",FALSE,"TCGA-AZ-4315","eda243d0-f431-4d60-b63d-b7923e50a8be","Tumor",40202650,"",TRUE
"COAD","TCGA-G4-6310-01A-11R-1723-07","Primary Tumor",FALSE,"TCGA-G4-6310","538b5282-23c3-4b7c-a459-378d4043e2be","Tumor",39521840,"",TRUE
"COAD","TCGA-AZ-6601-01A-11R-1774-07","Primary Tumor",FALSE,"TCGA-AZ-6601","0960c658-c40f-4232-8417-39fa033752c3","Tumor",39708291,"",TRUE
"COAD","TCGA-AA-3680-01A-01R-0905-07","Primary Tumor",FALSE,"TCGA-AA-3680","51875568-da72-4a62-9a19-2a61860b83c3","Tumor",39014754,"",TRUE
"COAD","TCGA-AA-3527-11A-01R-A32Z-07","Solid Tissue Normal",FALSE,"TCGA-AA-3527","610698c0-db12-42f2-b59c-e608474b46ce","Normal",40142137,"",TRUE
"COAD","TCGA-CM-5349-01A-21R-1723-07","Primary Tumor",FALSE,"TCGA-CM-5349","b4a90c5b-8467-4b76-9390-7d98a77092d0","Tumor",39823370,"",TRUE
"COAD","TCGA-A6-3807-01A-01R-1022-07","Primary Tumor",FALSE,"TCGA-A6-3807","285cf040-fa68-481e-8b1c-2c41c34380d2","Tumor",38597223,"",TRUE
"COAD","TCGA-A6-6648-01A-11R-1774-07","Primary Tumor",FALSE,"TCGA-A6-6648","71596860-aefa-4b94-8ade-ac33cea24dd4","Tumor",38915199,"",TRUE
"COAD","TCGA-AA-3518-11A-01R-1672-07","Solid Tissue Normal",FALSE,"TCGA-AA-3518","d6fc71fd-41cc-467a-9762-2f0950c6e4d5","Normal",40241057,"",TRUE
"COAD","TCGA-AA-3524-01A-02R-0821-07","Primary Tumor",FALSE,"TCGA-AA-3524","757c5572-ecca-4110-880e-83b40db042db","Tumor",40184902,"",TRUE
"COAD","TCGA-AA-A00U-01A-01R-A002-07","Primary Tumor",FALSE,"TCGA-AA-A00U","204317c4-b927-4cac-aadf-e16d19410adb","Tumor",39199533,"",TRUE
"COAD","TCGA-A6-2671-11A-01R-A32Z-07","Solid Tissue Normal",FALSE,"TCGA-A6-2671","523a5832-0c42-44a4-a58f-7011c3a567dc","Normal",40421521,"",TRUE
"COAD","TCGA-AA-3556-01A-01R-0821-07","Primary Tumor",FALSE,"TCGA-AA-3556","77e47dae-a1c3-4f49-9937-7dc22ef753e1","Tumor",40299585,"",TRUE
"COAD","TCGA-AZ-6600-11A-01R-1774-07","Solid Tissue Normal",FALSE,"TCGA-AZ-6600","daa18e20-ba51-4696-8561-3740d687e1e5","Normal",39443481,"",TRUE
"COAD","TCGA-AA-A01Z-01A-11R-A083-07","Primary Tumor",FALSE,"TCGA-AA-A01Z","1c4ba6e2-6908-46b5-865b-2b992290ceeb","Tumor",39825090,"",TRUE
"COAD","TCGA-AZ-4616-01A-21R-1839-07","Primary Tumor",FALSE,"TCGA-AZ-4616","d34d7809-2fd7-44f6-9533-6696ff532eec","Tumor",40042993,"",TRUE
"COAD","TCGA-AD-6895-01A-11R-1928-07","Primary Tumor",FALSE,"TCGA-AD-6895","b313c4a6-d71f-4032-8810-4b48e86a85ec","Tumor",37929135,"",TRUE
"COAD","TCGA-AA-3811-01A-01R-1022-07","Primary Tumor",FALSE,"TCGA-AA-3811","6f9d5013-3b1b-41ee-85db-e51f5d828def","Tumor",36190787,"",TRUE
"COAD","TCGA-DM-A0XD-01A-12R-A155-07","Primary Tumor",FALSE,"TCGA-DM-A0XD","adf3c1b2-7562-4207-b7d0-2187e2aa66f1","Tumor",39420277,"",TRUE
"COAD","TCGA-AD-6901-01A-11R-1928-07","Primary Tumor",FALSE,"TCGA-AD-6901","508acbdf-c370-44b4-87e4-a8749fbd5cf4","Tumor",39099258,"",TRUE
"COAD","TCGA-F4-6806-01A-11R-1839-07","Primary Tumor",FALSE,"TCGA-F4-6806","9f57d45b-c62f-44c5-ab9d-0cb54bba16f5","Tumor",39704053,"",TRUE
"COAD","TCGA-AZ-6601-11A-01R-1774-07","Solid Tissue Normal",FALSE,"TCGA-AZ-6601","eeaf18ec-a674-4e06-868b-777c488d5df6","Normal",39153022,"",TRUE
"COAD","TCGA-AA-3855-01A-01R-1022-07","Primary Tumor",FALSE,"TCGA-AA-3855","66e8f1f3-620d-4b70-a2e5-26606cb1e5f9","Tumor",37619824,"",TRUE
"COAD","TCGA-D5-6537-01A-11R-1723-07","Primary Tumor",FALSE,"TCGA-D5-6537","507512ee-9940-40cc-9dab-884ffb0516f9","Tumor",40157052,"",TRUE
"COAD","TCGA-A6-2674-01A-02R-A278-07","Primary Tumor",FALSE,"TCGA-A6-2674","afe61e30-d425-40cc-bc57-c210a0d03efe","Tumor",24588505,"duplicate_aliquot_smaller_library",FALSE
"COAD","TCGA-D5-6932-01A-11R-1928-07","Primary Tumor",FALSE,"TCGA-D5-6932","8e29a6f7-77bc-44ef-ab26-10fca1187fff","Tumor",39880989,"",TRUE
"COAD","TCGA-CM-6166-01A-11R-1653-07","Primary Tumor",FALSE,"TCGA-CM-6166","cf8b38d4-717b-4f8a-8da4-8b721e6dfb1c","Tumor",39701833,"",TRUE
"COAD","TCGA-G4-6294-01A-11R-1774-07","Primary Tumor",FALSE,"TCGA-G4-6294","0ffd01bf-e12d-4a91-9852-5fedcd29092d","Tumor",38645464,"",TRUE
"COAD","TCGA-AA-A00J-01A-02R-A002-07","Primary Tumor",FALSE,"TCGA-AA-A00J","83fb5b24-cd2a-4230-bbaa-79f13732693d","Tumor",38532667,"",TRUE
"COAD","TCGA-AA-3837-01A-01R-0905-07","Primary Tumor",FALSE,"TCGA-AA-3837","cacf82e9-8744-4405-83a5-00654e5b8265","Tumor",39466168,"",TRUE
"COAD","TCGA-CK-6748-01A-11R-1839-07","Primary Tumor",FALSE,"TCGA-CK-6748","a9cf384d-8c0b-40be-a613-b9b968ebe367","Tumor",40438884,"",TRUE
"COAD","TCGA-AA-3495-01A-01R-1410-07","Primary Tumor",FALSE,"TCGA-AA-3495","70aa4670-c75b-4e39-8958-3f9c29811871","Tumor",39441239,"duplicate_aliquot_smaller_library",FALSE
"COAD","TCGA-A6-2684-01A-01R-1410-07","Primary Tumor",FALSE,"TCGA-A6-2684","0c7befde-507e-43b2-938d-5695fe462875","Tumor",40192188,"",TRUE
"COAD","TCGA-AA-3530-01A-01R-1022-07","Primary Tumor",FALSE,"TCGA-AA-3530","89a4972a-8c91-4272-96be-bca9bc447780","Tumor",37307685,"",TRUE
"COAD","TCGA-NH-A50T-01A-11R-A28H-07","Primary Tumor",FALSE,"TCGA-NH-A50T","1ffa2f90-797a-41fa-827d-f7aa39586e81","Tumor",39069187,"",TRUE
"COAD","TCGA-AA-A00D-01A-01R-A002-07","Primary Tumor",FALSE,"TCGA-AA-A00D","1e95ea22-bc41-4aae-afcc-f9281989a785","Tumor",39168265,"",TRUE
"COAD","TCGA-G4-6323-01A-11R-1723-07","Primary Tumor",FALSE,"TCGA-G4-6323","e50d9b81-8943-4228-b157-ed118fcec98e","Tumor",39405316,"",TRUE
"COAD","TCGA-A6-5665-01B-03R-2302-07","Primary Tumor",TRUE,"TCGA-A6-5665","e83f897d-ca56-4194-accc-2799fd94e58f","Tumor",16761367,"FFPE",FALSE
"COAD","TCGA-A6-2686-11A-01R-A32Z-07","Solid Tissue Normal",FALSE,"TCGA-A6-2686","b9c89bd1-f993-4a5e-bea3-2638d0884696","Normal",40213359,"",TRUE
"COAD","TCGA-CA-5254-01A-21R-1839-07","Primary Tumor",FALSE,"TCGA-CA-5254","56d2bfeb-5801-4eee-b624-10fc8562099f","Tumor",39749852,"",TRUE
"COAD","TCGA-AA-3664-01A-01R-0905-07","Primary Tumor",FALSE,"TCGA-AA-3664","c7138a9e-b9ed-471a-98e2-d80c54306aa6","Tumor",35498013,"",TRUE
"COAD","TCGA-AZ-6603-11A-02R-1839-07","Solid Tissue Normal",FALSE,"TCGA-AZ-6603","b1e23ae7-6103-4bba-8f43-1bce869eb4b7","Normal",40196956,"",TRUE
"COAD","TCGA-AA-A00R-01A-01R-A002-07","Primary Tumor",FALSE,"TCGA-AA-A00R","e9a3a454-ab4d-4683-b276-84da43792dbb","Tumor",39265255,"",TRUE
"COAD","TCGA-AA-3522-01A-01R-0821-07","Primary Tumor",FALSE,"TCGA-AA-3522","957c1a07-5567-4119-859c-3cafba90dfc7","Tumor",39623135,"",TRUE
"COAD","TCGA-DM-A288-01A-11R-A16W-07","Primary Tumor",FALSE,"TCGA-DM-A288","4a42393e-5ca0-49ae-8a6c-fe8541bb91ca","Tumor",38596276,"",TRUE
"COAD","TCGA-AZ-4614-01A-01R-1410-07","Primary Tumor",FALSE,"TCGA-AZ-4614","912aabaf-c646-4458-aec6-311c3aa277d7","Tumor",39635408,"",TRUE
"COAD","TCGA-AA-3488-01A-01R-1410-07","Primary Tumor",FALSE,"TCGA-AA-3488","3876d975-1536-49e9-8053-b61cbb4e30d8","Tumor",38415370,"",TRUE
"COAD","TCGA-D5-6535-01A-11R-1723-07","Primary Tumor",FALSE,"TCGA-D5-6535","3975be32-7e20-4efc-9122-fe468544c5d9","Tumor",38973894,"",TRUE
"COAD","TCGA-AA-3489-01A-21R-1839-07","Primary Tumor",FALSE,"TCGA-AA-3489","b7902166-f6e6-4741-8714-83bedb1c85e8","Tumor",38865896,"",TRUE
"COAD","TCGA-A6-2672-01B-03R-2302-07","Primary Tumor",TRUE,"TCGA-A6-2672","0a2ecd2f-eff2-4a8a-b659-3f1682e863f1","Tumor",15414284,"FFPE",FALSE
"COAD","TCGA-AA-3554-01A-01R-0826-07","Primary Tumor",FALSE,"TCGA-AA-3554","a3a8937a-0b0b-4a68-ae68-81da9cf7f4fb","Tumor",39495356,"",TRUE
"COAD","TCGA-NH-A8F7-01A-11R-A41B-07","Primary Tumor",FALSE,"TCGA-NH-A8F7","09e6ab09-e5d2-40f9-bf68-ca47e90ba2fe","Tumor",38080124,"",TRUE
"COAD","TCGA-AD-6899-01A-11R-1928-07","Primary Tumor",FALSE,"TCGA-AD-6899","7ea484fa-6585-49ba-9831-8f79117ac000","Tumor",39351176,"",TRUE
"COAD","TCGA-AA-A017-01A-01R-A00A-07","Primary Tumor",FALSE,"TCGA-AA-A017","08a21f16-6573-4ac7-8697-11578f7cbd01","Tumor",38683695,"",TRUE
"COAD","TCGA-AA-3814-01A-01R-0905-07","Primary Tumor",FALSE,"TCGA-AA-3814","c464cd1d-4519-48e8-a18a-403f691e5702","Tumor",39074378,"",TRUE
"COAD","TCGA-AA-3971-01A-01R-1022-07","Primary Tumor",FALSE,"TCGA-AA-3971","575f7572-9367-41f5-9eab-72b7e1820c03","Tumor",36532977,"",TRUE
"COAD","TCGA-AA-3831-01A-01R-0905-07","Primary Tumor",FALSE,"TCGA-AA-3831","c35dcf29-aa14-4a59-baa3-d95248f45207","Tumor",38993305,"",TRUE
"COAD","TCGA-CM-6169-01A-11R-1653-07","Primary Tumor",FALSE,"TCGA-CM-6169","48767514-c9c3-44c9-b138-66cdd7c88d08","Tumor",39300206,"",TRUE
"COAD","TCGA-F4-6808-01A-11R-1839-07","Primary Tumor",FALSE,"TCGA-F4-6808","90ad928d-3440-4eb8-8c29-cc7e6b764d08","Tumor",40201846,"",TRUE
"COAD","TCGA-G4-6317-02A-11R-2066-07","Recurrent Tumor",FALSE,"TCGA-G4-6317","c7008665-f6de-48b4-a0e7-6c388b72c609",NA,39096034,"sample_type_not_01_or_11",FALSE
"COAD","TCGA-NH-A50V-01A-11R-A28H-07","Primary Tumor",FALSE,"TCGA-NH-A50V","80413f94-5534-400e-ab9e-34835e4ce90a","Tumor",38232912,"",TRUE
"COAD","TCGA-AA-3713-01A-21R-1723-07","Primary Tumor",FALSE,"TCGA-AA-3713","c5717869-8413-4810-a042-32e949ad3b0a","Tumor",38764454,"",TRUE
"COAD","TCGA-AA-A010-01A-01R-A089-07","Primary Tumor",FALSE,"TCGA-AA-A010","05fe3587-a0a0-40e0-bb6c-e82e70c3550d","Tumor",39020895,"",TRUE
"COAD","TCGA-CM-6168-01A-11R-1653-07","Primary Tumor",FALSE,"TCGA-CM-6168","b74336e6-8e1c-4177-9a1f-23aa1fd65f0d","Tumor",39782281,"",TRUE
"COAD","TCGA-D5-6929-01A-31R-1928-07","Primary Tumor",FALSE,"TCGA-D5-6929","990a1ce1-c0a8-4670-a233-887ef4aadc0f","Tumor",39679910,"",TRUE
"COAD","TCGA-5M-AAT4-01A-11R-A41B-07","Primary Tumor",FALSE,"TCGA-5M-AAT4","15762745-d941-47fe-a1e4-0a463bc2ab10","Tumor",38683561,"",TRUE
"COAD","TCGA-A6-6651-01A-21R-1839-07","Primary Tumor",FALSE,"TCGA-A6-6651","2ce7477c-dd09-4b3a-ad65-c696be8c9b11","Tumor",40010557,"",TRUE
"COAD","TCGA-A6-2674-01B-04R-A277-07","Primary Tumor",TRUE,"TCGA-A6-2674","03a226c5-398d-41d2-bb72-c97a373cd512","Tumor",8722822,"FFPE",FALSE
"COAD","TCGA-AA-3538-01A-01R-0821-07","Primary Tumor",FALSE,"TCGA-AA-3538","9e86cb5d-b5b1-42cf-b0aa-b6a6d7929912","Tumor",39624704,"",TRUE
"COAD","TCGA-AA-3660-11A-01R-1723-07","Solid Tissue Normal",FALSE,"TCGA-AA-3660","55f8e6ba-af16-4514-8845-1fcacb758812","Normal",39616491,"",TRUE
"COAD","TCGA-G4-6307-01A-11R-1723-07","Primary Tumor",FALSE,"TCGA-G4-6307","0689c389-9afa-432e-b678-28b1bd854a14","Tumor",39922727,"",TRUE
"COAD","TCGA-CK-4950-01A-01R-1723-07","Primary Tumor",FALSE,"TCGA-CK-4950","8c30ea0f-0da1-43c7-81ae-de825a53f114","Tumor",40280171,"",TRUE
"COAD","TCGA-DM-A28M-01A-12R-A16W-07","Primary Tumor",FALSE,"TCGA-DM-A28M","e9c9f3ed-7a9f-4e55-9b60-0e3e3d94dd17","Tumor",40373451,"",TRUE
"COAD","TCGA-CM-5868-01A-01R-1653-07","Primary Tumor",FALSE,"TCGA-CM-5868","a3d4780d-d898-451f-9238-bcc1b235cc19","Tumor",39972626,"",TRUE
"COAD","TCGA-T9-A92H-01A-11R-A37K-07","Primary Tumor",FALSE,"TCGA-T9-A92H","1507e508-70ca-45fc-a377-3d2b9e263e19","Tumor",39393265,"",TRUE
"COAD","TCGA-AA-3685-01A-02R-A32Z-07","Primary Tumor",FALSE,"TCGA-AA-3685","c85facce-8572-4dc2-be69-980c51f96e19","Tumor",40033816,"",TRUE
"COAD","TCGA-CM-4752-01A-01R-1410-07","Primary Tumor",FALSE,"TCGA-CM-4752","d9bafc42-35e5-4601-a7c4-5a8ba4305a19","Tumor",32668765,"",TRUE
"COAD","TCGA-DM-A28K-01A-21R-A32Y-07","Primary Tumor",FALSE,"TCGA-DM-A28K","c567dd9d-c468-464d-a36c-95d4dfb8b91b","Tumor",38175520,"",TRUE
"COAD","TCGA-A6-3810-01A-01R-A278-07","Primary Tumor",FALSE,"TCGA-A6-3810","54accfd9-a8d6-4e4c-9097-1a0be258aa1b","Tumor",17843492,"duplicate_aliquot_smaller_library",FALSE
"COAD","TCGA-AA-3861-01A-01R-1022-07","Primary Tumor",FALSE,"TCGA-AA-3861","1bdd49e6-9da9-4823-b056-4b2b91786a1c","Tumor",39866483,"",TRUE
"COAD","TCGA-AA-3506-01A-01R-1410-07","Primary Tumor",FALSE,"TCGA-AA-3506","f081ea01-ed14-491b-9620-bf8f10a7431d","Tumor",40220453,"duplicate_aliquot_smaller_library",FALSE
"COAD","TCGA-A6-A565-01A-31R-A28H-07","Primary Tumor",FALSE,"TCGA-A6-A565","5082e12d-5b25-4f3f-860e-5bee89bcc620","Tumor",37868937,"",TRUE
"COAD","TCGA-D5-6930-01A-11R-1928-07","Primary Tumor",FALSE,"TCGA-D5-6930","658aa411-6deb-46c9-b4d7-7175f7ec1620","Tumor",40097038,"",TRUE
"COAD","TCGA-AA-3844-01A-01R-1022-07","Primary Tumor",FALSE,"TCGA-AA-3844","85d7c52c-dd41-4ff1-baaa-8d7031d5b122","Tumor",38780863,"",TRUE
"COAD","TCGA-DM-A28G-01A-11R-A16W-07","Primary Tumor",FALSE,"TCGA-DM-A28G","fc2d5161-f370-4f59-bcc6-280de4bad223","Tumor",39203895,"",TRUE
"COAD","TCGA-NH-A6GA-01A-11R-A37K-07","Primary Tumor",FALSE,"TCGA-NH-A6GA","3c525bb1-53cd-4afa-9ffc-b801866c2526","Tumor",37883946,"",TRUE
"COAD","TCGA-AZ-4614-01A-01R-1410-07","Primary Tumor",FALSE,"TCGA-AZ-4614","bf502604-a252-475a-9471-31f526e37927","Tumor",39476904,"duplicate_aliquot_smaller_library",FALSE
"COAD","TCGA-AA-A01Z-01A-11R-A083-07","Primary Tumor",FALSE,"TCGA-AA-A01Z","598fccc5-7fb4-4747-8e10-1038e50ccf2c","Tumor",39785080,"duplicate_aliquot_smaller_library",FALSE
"COAD","TCGA-CK-4951-01A-01R-1410-07","Primary Tumor",FALSE,"TCGA-CK-4951","bd6c5d5d-85fe-4653-8276-f3bcdf0ebc2d","Tumor",37515788,"duplicate_aliquot_smaller_library",FALSE
"COAD","TCGA-CM-4750-01A-01R-1410-07","Primary Tumor",FALSE,"TCGA-CM-4750","1139d935-739e-4c42-bfcb-06021a85932e","Tumor",40380737,"",TRUE
"COAD","TCGA-A6-2678-11A-01R-A32Z-07","Solid Tissue Normal",FALSE,"TCGA-A6-2678","bce300a3-7072-48cd-b7da-1354445fa82f","Normal",39539163,"",TRUE
"COAD","TCGA-AA-3697-11A-01R-1723-07","Solid Tissue Normal",FALSE,"TCGA-AA-3697","90731001-45b2-4601-93f5-064bdd519a30","Normal",40816508,"",TRUE
"COAD","TCGA-CM-5863-01A-21R-1839-07","Primary Tumor",FALSE,"TCGA-CM-5863","20632ef0-b3e3-4ccf-bd24-d7e75fc20c33","Tumor",40071832,"",TRUE
"COAD","TCGA-CM-6674-01A-11R-1839-07","Primary Tumor",FALSE,"TCGA-CM-6674","5f6b0290-b3d2-4523-a01a-c64f33459e34","Tumor",40863971,"",TRUE
"COAD","TCGA-CK-4947-01B-11R-1653-07","Primary Tumor",FALSE,"TCGA-CK-4947","fd223304-87ba-4462-a5e5-01ab8c018c35","Tumor",39753577,"",TRUE
"COAD","TCGA-AA-3663-01A-01R-1723-07","Primary Tumor",FALSE,"TCGA-AA-3663","96c7c73e-f3e1-4937-a267-b7daad8ede37","Tumor",40288947,"",TRUE
"COAD","TCGA-A6-3809-01A-01R-A278-07","Primary Tumor",FALSE,"TCGA-A6-3809","ce803442-3131-4f64-98bd-f000953d0a3a","Tumor",33584110,"duplicate_aliquot_smaller_library",FALSE
"COAD","TCGA-3L-AA1B-01A-11R-A37K-07","Primary Tumor",FALSE,"TCGA-3L-AA1B","823bc0e7-26c1-487f-845e-cff34d68a83a","Tumor",38367471,"",TRUE
"COAD","TCGA-AA-3994-01A-01R-1113-07","Primary Tumor",FALSE,"TCGA-AA-3994","2b9bfd46-6f14-4e63-a122-cf81ec4e223a","Tumor",39982991,"",TRUE
"COAD","TCGA-G4-6586-01A-11R-1774-07","Primary Tumor",FALSE,"TCGA-G4-6586","6e9a7076-d632-461d-91f7-51c2a8f9883a","Tumor",39446250,"",TRUE
"COAD","TCGA-A6-5659-11A-01R-1653-07","Solid Tissue Normal",FALSE,"TCGA-A6-5659","2c19b0a6-347f-4bd4-8ece-6afda076f63d","Normal",39526984,"",TRUE
"COAD","TCGA-CM-5862-01A-01R-1653-07","Primary Tumor",FALSE,"TCGA-CM-5862","a2454a9f-ec75-4508-9fea-957014e45c3e","Tumor",39313199,"",TRUE
"COAD","TCGA-AA-3976-01A-01R-1022-07","Primary Tumor",FALSE,"TCGA-AA-3976","db893843-f0c1-407e-b598-5cb810844041","Tumor",39773889,"",TRUE
"COAD","TCGA-DM-A28E-01A-11R-A32Y-07","Primary Tumor",FALSE,"TCGA-DM-A28E","c719677b-3178-42a9-ba85-f8f693f79f42","Tumor",38722940,"",TRUE
"COAD","TCGA-AA-A01P-01A-21R-A083-07","Primary Tumor",FALSE,"TCGA-AA-A01P","ccf9457f-fa64-4b3a-a09b-1894fb8ba343","Tumor",40035513,"duplicate_aliquot_smaller_library",FALSE
"COAD","TCGA-G4-6304-01A-11R-1928-07","Primary Tumor",FALSE,"TCGA-G4-6304","54337ce9-6f12-4712-8131-4b83f3216343","Tumor",38844281,"",TRUE
"COAD","TCGA-A6-2671-01A-01R-1410-07","Primary Tumor",FALSE,"TCGA-A6-2671","e7a37263-dd1f-4eee-a3bc-e36be8b47e44","Tumor",39912514,"",TRUE
"COAD","TCGA-NH-A8F8-01A-72R-A41B-07","Primary Tumor",FALSE,"TCGA-NH-A8F8","34a3260d-ac4d-416f-adf0-24013048bc46","Tumor",38488303,"",TRUE
"COAD","TCGA-F4-6703-01A-11R-1839-07","Primary Tumor",FALSE,"TCGA-F4-6703","2234978d-07cd-4d01-863b-c5c4daaeb94c","Tumor",40207416,"",TRUE
"COAD","TCGA-A6-6650-01A-11R-A278-07","Primary Tumor",FALSE,"TCGA-A6-6650","13494179-c565-4fa4-af8d-47f956fc284c","Tumor",29692837,"duplicate_aliquot_smaller_library",FALSE
"COAD","TCGA-D5-6926-01A-11R-1928-07","Primary Tumor",FALSE,"TCGA-D5-6926","b38072ba-e3fe-46d0-9526-827a23bdc350","Tumor",38958149,"",TRUE
"COAD","TCGA-AA-3562-01A-02R-0821-07","Primary Tumor",FALSE,"TCGA-AA-3562","bfaf5464-d239-4a03-ac34-984deba84451","Tumor",40143718,"",TRUE
"COAD","TCGA-AA-3496-01A-21R-1839-07","Primary Tumor",FALSE,"TCGA-AA-3496","22a9e40d-7f8d-4106-8d2b-fca09a3bbc53","Tumor",38829612,"",TRUE
"COAD","TCGA-CM-6171-01A-11R-1653-07","Primary Tumor",FALSE,"TCGA-CM-6171","c5045828-6063-4faf-a024-ecc150cefe54","Tumor",39151876,"",TRUE
"COAD","TCGA-F4-6856-01A-11R-1928-07","Primary Tumor",FALSE,"TCGA-F4-6856","f792a65d-08a8-40ce-b7a6-ed1ee29ab356","Tumor",40011405,"",TRUE
"COAD","TCGA-AA-3710-01A-01R-1022-07","Primary Tumor",FALSE,"TCGA-AA-3710","4dc8e477-9aa6-41f7-a7bb-eeefafd33256","Tumor",35704160,"",TRUE
"COAD","TCGA-DM-A282-01A-12R-A16W-07","Primary Tumor",FALSE,"TCGA-DM-A282","e2fc9aff-220f-492e-be04-db22237efc57","Tumor",39641309,"",TRUE
"COAD","TCGA-A6-5656-01A-21R-1839-07","Primary Tumor",FALSE,"TCGA-A6-5656","168304ad-3c9a-461b-b1e8-921540112857","Tumor",38442846,"",TRUE
"COAD","TCGA-CK-6746-01A-11R-1839-07","Primary Tumor",FALSE,"TCGA-CK-6746","3a38329d-bc98-43b0-bc11-920f7d2b4d58","Tumor",39965481,"",TRUE
"COAD","TCGA-A6-2685-01A-01R-1410-07","Primary Tumor",FALSE,"TCGA-A6-2685","087ac646-0c29-4577-9b4f-0592516cab5a","Tumor",39978420,"",TRUE
"COAD","TCGA-A6-6138-01A-11R-1774-07","Primary Tumor",FALSE,"TCGA-A6-6138","7b810a7a-8194-4202-915f-f9cb94c9b75e","Tumor",40266607,"",TRUE
"COAD","TCGA-D5-6923-01A-11R-A32Z-07","Primary Tumor",FALSE,"TCGA-D5-6923","db3618cd-eb63-44ce-8193-5f9dc564db62","Tumor",39010949,"",TRUE
"COAD","TCGA-CA-5796-01A-01R-1653-07","Primary Tumor",FALSE,"TCGA-CA-5796","65050726-95ff-49ed-83b4-ba2a3938af63","Tumor",40412663,"",TRUE
"COAD","TCGA-RU-A8FL-01A-11R-A37K-07","Primary Tumor",FALSE,"TCGA-RU-A8FL","0ff95060-00c3-4b53-b46f-6242872c1465","Tumor",39128873,"",TRUE
"COAD","TCGA-A6-5665-01B-03R-2302-07","Primary Tumor",TRUE,"TCGA-A6-5665","2944a69b-b197-44da-9fed-726ef55d3b68","Tumor",20104765,"FFPE",FALSE
"COAD","TCGA-AA-3818-01A-01R-0905-07","Primary Tumor",FALSE,"TCGA-AA-3818","182fa516-4001-4973-b4fc-954cf7d9c469","Tumor",39554737,"",TRUE
"COAD","TCGA-AA-3529-01A-02R-0821-07","Primary Tumor",FALSE,"TCGA-AA-3529","fc3ba46d-57f6-424c-8d62-16c441035969","Tumor",39276072,"",TRUE
"COAD","TCGA-AD-6964-01A-11R-1928-07","Primary Tumor",FALSE,"TCGA-AD-6964","69acd641-0bb8-4d69-97d0-899f5f2da66a","Tumor",39462752,"",TRUE
"COAD","TCGA-AA-3982-01A-02R-1022-07","Primary Tumor",FALSE,"TCGA-AA-3982","84e4d7b5-8bbb-4e59-a7f6-8e14496fd76a","Tumor",37815634,"",TRUE
"COAD","TCGA-AZ-5407-01A-01R-1723-07","Primary Tumor",FALSE,"TCGA-AZ-5407","b169c2b2-fe10-46e0-9e53-748628cca16b","Tumor",40139772,"",TRUE
"COAD","TCGA-AA-3980-01A-02R-1022-07","Primary Tumor",FALSE,"TCGA-AA-3980","814391f8-c5b9-43f6-a330-a6749bb8f16e","Tumor",38799368,"",TRUE
"COAD","TCGA-F4-6460-01A-11R-1774-07","Primary Tumor",FALSE,"TCGA-F4-6460","327e0b69-e439-4161-bd58-2e22c5d3a76f","Tumor",39138816,"",TRUE
"COAD","TCGA-AA-3877-01A-01R-1022-07","Primary Tumor",FALSE,"TCGA-AA-3877","fd1d1138-87cf-4468-ae1f-8a3d0bb4b471","Tumor",39056281,"",TRUE
"COAD","TCGA-AA-A00N-01A-02R-A00A-07","Primary Tumor",FALSE,"TCGA-AA-A00N","659f3e30-3f80-49af-9713-824f8d42ba74","Tumor",39875002,"",TRUE
"COAD","TCGA-AA-3673-01A-01R-0905-07","Primary Tumor",FALSE,"TCGA-AA-3673","cea9b8ce-7f51-486d-b345-ed0f88fad976","Tumor",39472879,"",TRUE
"COAD","TCGA-AA-3866-01A-01R-1022-07","Primary Tumor",FALSE,"TCGA-AA-3866","be16b0be-394e-499d-b742-326920df6e77","Tumor",37298864,"",TRUE
"COAD","TCGA-AY-6386-01A-21R-1723-07","Primary Tumor",FALSE,"TCGA-AY-6386","33d6a38e-cd99-437b-99e0-04e72582f777","Tumor",40491244,"",TRUE
"COAD","TCGA-A6-6137-01A-11R-1774-07","Primary Tumor",FALSE,"TCGA-A6-6137","0b067c48-ea60-4a7c-9e19-ae484f80f677","Tumor",39255737,"",TRUE
"COAD","TCGA-AA-3970-01A-01R-1022-07","Primary Tumor",FALSE,"TCGA-AA-3970","261737d3-3329-4136-9dda-b05750c52b77","Tumor",37003863,"",TRUE
"COAD","TCGA-AA-A01X-01A-21R-A083-07","Primary Tumor",FALSE,"TCGA-AA-A01X","2846a3ac-d102-4e37-9b72-139ed727157a","Tumor",39721282,"",TRUE
"COAD","TCGA-D5-6529-01A-11R-1774-07","Primary Tumor",FALSE,"TCGA-D5-6529","adb8cbd0-2791-424b-8c60-b3ed97f47d7b","Tumor",39982538,"",TRUE
"COAD","TCGA-AA-A03F-01A-11R-A16W-07","Primary Tumor",FALSE,"TCGA-AA-A03F","c06d79d5-4d8a-47d3-97ce-0e9ba204347c","Tumor",39152290,"",TRUE
"COAD","TCGA-AA-A01R-01A-21R-A083-07","Primary Tumor",FALSE,"TCGA-AA-A01R","480c3e24-65f5-4662-a75f-29e12d83477e","Tumor",40247971,"",TRUE
"COAD","TCGA-AA-A02H-01A-01R-A089-07","Primary Tumor",FALSE,"TCGA-AA-A02H","7cce062c-ab6c-4ad5-b2a6-700b84dd5c7f","Tumor",38352654,"",TRUE
"COAD","TCGA-AA-A00E-01A-01R-A002-07","Primary Tumor",FALSE,"TCGA-AA-A00E","146ed7ea-bf3c-4bab-b33c-0a668ab13c80","Tumor",39389210,"",TRUE
"COAD","TCGA-CK-6751-01A-11R-1839-07","Primary Tumor",FALSE,"TCGA-CK-6751","6d9c09a7-de9b-4abb-b67f-979d80d2a880","Tumor",40439220,"",TRUE
"COAD","TCGA-AU-6004-01A-11R-1723-07","Primary Tumor",FALSE,"TCGA-AU-6004","cb5081fa-d0ff-4230-82b0-495cbc76e581","Tumor",38900207,"",TRUE
"COAD","TCGA-A6-3810-01B-04R-A277-07","Primary Tumor",TRUE,"TCGA-A6-3810","42477265-a7a0-485b-9813-3aa0bb1af082","Tumor",11977312,"FFPE",FALSE
"COAD","TCGA-DM-A1D9-01A-11R-A155-07","Primary Tumor",FALSE,"TCGA-DM-A1D9","7c5be0fc-7e00-4413-82df-38c830c4fa83","Tumor",39205164,"",TRUE
"COAD","TCGA-A6-A566-01A-11R-A28H-07","Primary Tumor",FALSE,"TCGA-A6-A566","33eb05a8-37aa-407a-b830-af864aba7084","Tumor",39265852,"",TRUE
"COAD","TCGA-AD-6963-01A-11R-1928-07","Primary Tumor",FALSE,"TCGA-AD-6963","8776c67f-6a1f-4cb9-9b41-e751f33b7585","Tumor",40015244,"",TRUE
"COAD","TCGA-A6-5656-01B-02R-A277-07","Primary Tumor",TRUE,"TCGA-A6-5656","f62e5a69-5e81-4b2a-8cc0-f4d6e188b187","Tumor",9544552,"FFPE",FALSE
"COAD","TCGA-A6-2683-11A-01R-A32Z-07","Solid Tissue Normal",FALSE,"TCGA-A6-2683","8857210a-4e60-4440-89a5-f0b307248b89","Normal",40050596,"",TRUE
"COAD","TCGA-AA-3519-01A-02R-0821-07","Primary Tumor",FALSE,"TCGA-AA-3519","c2bcfe2e-3c03-4fc2-80b7-46d18e5f7889","Tumor",25546057,"",TRUE
"COAD","TCGA-AD-6890-01A-11R-1928-07","Primary Tumor",FALSE,"TCGA-AD-6890","eb2c388d-b686-4cb2-8676-1e76ce61018b","Tumor",39314010,"",TRUE
"COAD","TCGA-G4-6317-01A-11R-1723-07","Primary Tumor",FALSE,"TCGA-G4-6317","a179b59a-eecc-4692-b008-5117800d7c8b","Tumor",39860079,"",TRUE
"COAD","TCGA-AA-3875-01A-01R-0905-07","Primary Tumor",FALSE,"TCGA-AA-3875","d9225689-21e0-478a-8f79-c26542938b8d","Tumor",38447489,"",TRUE
"COAD","TCGA-AA-3947-01A-01R-1022-07","Primary Tumor",FALSE,"TCGA-AA-3947","b5b13a86-3b16-43ad-b329-2c5ad46a308f","Tumor",39200130,"",TRUE
"COAD","TCGA-AA-A01S-01A-21R-A083-07","Primary Tumor",FALSE,"TCGA-AA-A01S","eb0fcaeb-e6f4-4b75-8011-5bfe0f51cf90","Tumor",40127097,"",TRUE
"COAD","TCGA-AA-A01D-01A-01R-A00A-07","Primary Tumor",FALSE,"TCGA-AA-A01D","d57e89ff-cc54-4fe9-a99b-2e75d407ab91","Tumor",39819585,"",TRUE
"COAD","TCGA-5M-AAT6-01A-11R-A41B-07","Primary Tumor",FALSE,"TCGA-5M-AAT6","154ea3da-2257-4f02-8429-a5dbf6e3f694","Tumor",38920155,"",TRUE
"COAD","TCGA-A6-2682-01A-01R-1410-07","Primary Tumor",FALSE,"TCGA-A6-2682","47efa063-19c1-4e1f-ace8-68d9bad0b995","Tumor",39500869,"duplicate_aliquot_smaller_library",FALSE
"COAD","TCGA-A6-6142-01A-11R-1774-07","Primary Tumor",FALSE,"TCGA-A6-6142","5f1d6bb9-1bf8-40f6-a755-b9a183c8f198","Tumor",40169200,"",TRUE
"COAD","TCGA-AA-A00K-01A-02R-A002-07","Primary Tumor",FALSE,"TCGA-AA-A00K","40a16429-229e-4f40-bfc7-263554438f99","Tumor",39085727,"",TRUE
"COAD","TCGA-AA-3848-01A-01R-0905-07","Primary Tumor",FALSE,"TCGA-AA-3848","731ee431-f89a-441d-b675-95a0b47da499","Tumor",37819949,"",TRUE
"COAD","TCGA-AA-3984-01A-02R-1022-07","Primary Tumor",FALSE,"TCGA-AA-3984","0714216d-cbb4-4b0d-856b-30202858d8a1","Tumor",38783133,"",TRUE
"COAD","TCGA-DM-A1D6-01A-21R-A155-07","Primary Tumor",FALSE,"TCGA-DM-A1D6","82827347-687c-40b4-a464-10e965d2c9a1","Tumor",39092854,"",TRUE
"COAD","TCGA-CM-4747-01A-01R-1410-07","Primary Tumor",FALSE,"TCGA-CM-4747","64336403-9037-480c-873a-67bc77119fa5","Tumor",39342515,"duplicate_aliquot_smaller_library",FALSE
"COAD","TCGA-AA-3821-01A-01R-1022-07","Primary Tumor",FALSE,"TCGA-AA-3821","3eb3c0f8-4cbc-41a7-81e4-4d8a565441a7","Tumor",36364892,"",TRUE
"COAD","TCGA-CM-6676-01A-11R-1839-07","Primary Tumor",FALSE,"TCGA-CM-6676","f56c26ed-9358-485b-8867-eba1caa4e2a7","Tumor",39461273,"",TRUE
"COAD","TCGA-AA-3509-01A-01R-1410-07","Primary Tumor",FALSE,"TCGA-AA-3509","915ea4f5-3867-4071-9625-6601dc2ca3a7","Tumor",39467739,"duplicate_aliquot_smaller_library",FALSE
"COAD","TCGA-AA-3544-01A-01R-1873-07","Primary Tumor",FALSE,"TCGA-AA-3544","05252a5d-71d9-4a76-afa5-4cdd22a802a7","Tumor",35892735,"",TRUE
"COAD","TCGA-AA-3543-01A-01R-0826-07","Primary Tumor",FALSE,"TCGA-AA-3543","cb69e76b-7cd3-49ef-9adf-75701fe1d0a8","Tumor",39994824,"",TRUE
"COAD","TCGA-A6-5667-01A-21R-1723-07","Primary Tumor",FALSE,"TCGA-A6-5667","aba968f0-fbb6-48d5-a402-ee42e22961a9","Tumor",40089038,"",TRUE
"COAD","TCGA-AA-3492-01A-01R-1410-07","Primary Tumor",FALSE,"TCGA-AA-3492","a2db0873-7925-45e4-8908-2192d6db2baa","Tumor",40548831,"duplicate_aliquot_smaller_library",FALSE
"COAD","TCGA-DM-A28H-01A-11R-A16W-07","Primary Tumor",FALSE,"TCGA-DM-A28H","ed84e307-c0fc-4902-9c6a-2f1ab564feac","Tumor",39324161,"",TRUE
"COAD","TCGA-A6-2677-01A-01R-A278-07","Primary Tumor",FALSE,"TCGA-A6-2677","58d1339c-b607-496b-ae85-5eccd43636ad","Tumor",40247569,"",TRUE
"COAD","TCGA-G4-6320-01A-11R-1723-07","Primary Tumor",FALSE,"TCGA-G4-6320","3dfa6dea-8198-476c-8d85-d8ad90b494ae","Tumor",37422333,"",TRUE
"COAD","TCGA-AA-A01X-01A-21R-A083-07","Primary Tumor",FALSE,"TCGA-AA-A01X","b12a5565-f8c2-4bee-9e1d-5417fa82efb0","Tumor",39359809,"duplicate_aliquot_smaller_library",FALSE
"COAD","TCGA-A6-6780-01A-11R-A278-07","Primary Tumor",FALSE,"TCGA-A6-6780","28274f55-9ac7-49c3-8b47-f86d9a98e3b1","Tumor",33889645,"duplicate_aliquot_smaller_library",FALSE
"COAD","TCGA-CK-6747-01A-11R-1839-07","Primary Tumor",FALSE,"TCGA-CK-6747","09a8b23d-e545-4ca8-a06c-bdf7f53d96b1","Tumor",40131191,"",TRUE
"COAD","TCGA-A6-3810-01A-01R-1022-07","Primary Tumor",FALSE,"TCGA-A6-3810","6204513d-b6b2-46aa-a3e9-2eae613dd6b1","Tumor",30473081,"",TRUE
"COAD","TCGA-A6-5659-01A-01R-1653-07","Primary Tumor",FALSE,"TCGA-A6-5659","6b6ca6ed-bd9c-4feb-90b9-7c94def4b5b2","Tumor",39893926,"",TRUE
"COAD","TCGA-A6-2674-01A-02R-0821-07","Primary Tumor",FALSE,"TCGA-A6-2674","0ba34100-8588-47b5-a962-4bd1916645b6","Tumor",38506696,"",TRUE
"COAD","TCGA-A6-2685-11A-01R-A32Z-07","Solid Tissue Normal",FALSE,"TCGA-A6-2685","5047c380-5d35-422e-9c5b-918538391fb7","Normal",40113356,"",TRUE
"COAD","TCGA-CA-6718-01A-11R-1839-07","Primary Tumor",FALSE,"TCGA-CA-6718","cf29f3f7-5f20-465f-bae6-c5d49d0ffab8","Tumor",40043093,"",TRUE
"COAD","TCGA-QG-A5YW-01A-11R-A28H-07","Primary Tumor",FALSE,"TCGA-QG-A5YW","1ed41271-3aa4-43f1-b43c-0d5c4f918fb8","Tumor",39106282,"",TRUE
"COAD","TCGA-F4-6809-01A-11R-1839-07","Primary Tumor",FALSE,"TCGA-F4-6809","8d7faba2-764d-4795-bb04-d9e69e9792b9","Tumor",39178633,"",TRUE
"COAD","TCGA-CA-5255-01A-11R-1839-07","Primary Tumor",FALSE,"TCGA-CA-5255","b30ad4dd-0509-45a5-9a77-d295ada9f7b9","Tumor",39726958,"",TRUE
"COAD","TCGA-AA-3549-01A-02R-0821-07","Primary Tumor",FALSE,"TCGA-AA-3549","06bf0d2a-de62-4bbf-a956-a4d059fdddb9","Tumor",39427021,"",TRUE
"COAD","TCGA-CM-6675-01A-11R-1839-07","Primary Tumor",FALSE,"TCGA-CM-6675","cbe6d9db-f285-4edd-acf5-1e021eaf02ba","Tumor",39339354,"",TRUE
"COAD","TCGA-AA-3525-11A-01R-A32Z-07","Solid Tissue Normal",FALSE,"TCGA-AA-3525","f7111ac1-fa6a-4ed4-8657-17060ea5c2bb","Normal",40169691,"",TRUE
"COAD","TCGA-F4-6855-01A-11R-1928-07","Primary Tumor",FALSE,"TCGA-F4-6855","75d5fcef-1e15-414f-a0a6-10f2c46e89bc","Tumor",39234830,"",TRUE
"COAD","TCGA-AA-3950-01A-02R-1022-07","Primary Tumor",FALSE,"TCGA-AA-3950","663ea291-06da-4381-8a81-e247b91523be","Tumor",40228124,"",TRUE
"COAD","TCGA-AA-3692-01A-01R-0905-07","Primary Tumor",FALSE,"TCGA-AA-3692","e5489aa2-1a97-44e6-b4cf-3a2d8405cfbf","Tumor",39058579,"",TRUE
"COAD","TCGA-CM-6163-01A-11R-1653-07","Primary Tumor",FALSE,"TCGA-CM-6163","a563359b-0d55-4826-9229-62a89143c1c6","Tumor",39405254,"",TRUE
"COAD","TCGA-NH-A5IV-01A-42R-A37K-07","Primary Tumor",FALSE,"TCGA-NH-A5IV","efccc5c5-2d8c-4482-87d6-0f92ac6cbcc6","Tumor",37396607,"",TRUE
"COAD","TCGA-AD-A5EJ-01A-11R-A28H-07","Primary Tumor",FALSE,"TCGA-AD-A5EJ","6825d4c2-a795-423a-b555-a177cb9405c6","Tumor",39590739,"",TRUE
"COAD","TCGA-D5-5541-01A-01R-1653-07","Primary Tumor",FALSE,"TCGA-D5-5541","372e643b-f524-49ba-8939-7c1bd0237ac7","Tumor",39897078,"",TRUE
"COAD","TCGA-AA-3662-01A-01R-1723-07","Primary Tumor",FALSE,"TCGA-AA-3662","a8f0a1fc-2ff8-4f30-9d14-aad2788bd5c7","Tumor",38127050,"",TRUE
"COAD","TCGA-AA-3510-01A-01R-1410-07","Primary Tumor",FALSE,"TCGA-AA-3510","fdb47ac4-ce6a-428b-9b55-ebcef1970acb","Tumor",40060976,"",TRUE
"COAD","TCGA-A6-2675-11A-01R-1723-07","Solid Tissue Normal",FALSE,"TCGA-A6-2675","ea98e453-eaca-4f4b-8631-c2a83ccfa8cc","Normal",39954463,"",TRUE
"COAD","TCGA-AU-3779-01A-01R-1723-07","Primary Tumor",FALSE,"TCGA-AU-3779","37ad5315-4f64-4d93-b7c8-1de89f0a47cd","Tumor",39598823,"",TRUE
"COAD","TCGA-G4-6297-01A-11R-1723-07","Primary Tumor",FALSE,"TCGA-G4-6297","754751fd-11f3-47d1-bf59-6c73bacaead1","Tumor",39484034,"",TRUE
"COAD","TCGA-AA-A00A-01A-01R-A002-07","Primary Tumor",FALSE,"TCGA-AA-A00A","842f2f3b-a6c1-40bf-9910-32d6c7a1fcd1","Tumor",39302034,"",TRUE
"COAD","TCGA-AZ-6599-11A-01R-1774-07","Solid Tissue Normal",FALSE,"TCGA-AZ-6599","2dc246b9-4c1a-48ae-b034-4927a5eab3d2","Normal",39327227,"",TRUE
"COAD","TCGA-AA-3532-01A-01R-0821-07","Primary Tumor",FALSE,"TCGA-AA-3532","bad01f08-735c-414e-ba8b-45c4cf14e4d3","Tumor",39756042,"",TRUE
"COAD","TCGA-G4-6311-01A-11R-1723-07","Primary Tumor",FALSE,"TCGA-G4-6311","7481630e-5cba-4a4a-a16f-e327bcee11d3","Tumor",39664583,"",TRUE
"COAD","TCGA-AZ-6606-01A-11R-1839-07","Primary Tumor",FALSE,"TCGA-AZ-6606","1a457cbf-24da-44f1-b9ed-f26b8d1245d4","Tumor",39655733,"",TRUE
"COAD","TCGA-AA-3492-01A-01R-1410-07","Primary Tumor",FALSE,"TCGA-AA-3492","de63b28b-57a5-4152-8b54-75edf88fc1d6","Tumor",41048090,"",TRUE
"COAD","TCGA-AA-A01P-01A-21R-A083-07","Primary Tumor",FALSE,"TCGA-AA-A01P","c6cf06d8-e816-401c-a8e4-0593780d32d6","Tumor",40050165,"",TRUE
"COAD","TCGA-AA-3869-01A-01R-1022-07","Primary Tumor",FALSE,"TCGA-AA-3869","b515ddc6-2b55-40c1-9e7b-a61193d231d7","Tumor",39365495,"",TRUE
"COAD","TCGA-AA-3975-01A-01R-1022-07","Primary Tumor",FALSE,"TCGA-AA-3975","8a7a65fe-1a7e-42e5-8a5a-55e7733521da","Tumor",34835586,"",TRUE
"COAD","TCGA-AA-3846-01A-01R-1022-07","Primary Tumor",FALSE,"TCGA-AA-3846","17e315d3-c2de-42ff-8037-1cdf7cbd6dda","Tumor",37843727,"",TRUE
"COAD","TCGA-AA-3555-01A-01R-0821-07","Primary Tumor",FALSE,"TCGA-AA-3555","4bc7fc63-831b-4588-9aad-4ddffae489db","Tumor",39638774,"",TRUE
"COAD","TCGA-CA-6716-01A-11R-1839-07","Primary Tumor",FALSE,"TCGA-CA-6716","9a3afd35-a3ee-4060-8115-650cc98b16dc","Tumor",39690178,"",TRUE
"COAD","TCGA-AA-3516-01A-02R-0826-07","Primary Tumor",FALSE,"TCGA-AA-3516","5f220e8d-9ff6-43e5-a27d-da4fc75536e1","Tumor",39638124,"",TRUE
"COAD","TCGA-AA-3688-01A-01R-0905-07","Primary Tumor",FALSE,"TCGA-AA-3688","d28ddcaa-682c-451f-8327-d2c2afb044e2","Tumor",39168393,"",TRUE
"COAD","TCGA-A6-6780-01B-04R-A277-07","Primary Tumor",TRUE,"TCGA-A6-6780","79411da8-08fd-45b0-9de9-c62ac8699be5","Tumor",16100827,"FFPE",FALSE
"COAD","TCGA-AA-3525-01A-02R-0826-07","Primary Tumor",FALSE,"TCGA-AA-3525","0be29ea8-eb76-4cd3-a2d0-1125cb8e62e6","Tumor",39686438,"",TRUE
"COAD","TCGA-AA-A02F-01A-01R-A089-07","Primary Tumor",FALSE,"TCGA-AA-A02F","8ad658a2-e317-43b7-979a-f3d6408001e8","Tumor",38676383,"",TRUE
"COAD","TCGA-5M-AATA-01A-31R-A41B-07","Primary Tumor",FALSE,"TCGA-5M-AATA","40bcb65d-bc26-4fef-941f-6f4a42d475eb","Tumor",38781505,"",TRUE
"COAD","TCGA-AY-4071-01A-01R-1113-07","Primary Tumor",FALSE,"TCGA-AY-4071","b655ae01-40e6-4b03-ab9f-cf04130c96eb","Tumor",38681848,"",TRUE
"COAD","TCGA-AA-3522-11A-01R-A32Z-07","Solid Tissue Normal",FALSE,"TCGA-AA-3522","75c2b540-fe09-4dd5-978d-3b3c132c55ec","Normal",39759692,"",TRUE
"COAD","TCGA-CK-4948-01B-11R-1653-07","Primary Tumor",FALSE,"TCGA-CK-4948","b7a5f4e8-6344-4bfd-8f25-09e075b140ec","Tumor",40168096,"",TRUE
"COAD","TCGA-A6-6654-01A-21R-1839-07","Primary Tumor",FALSE,"TCGA-A6-6654","69bf845d-b87f-41d6-8bc4-6086ab424eed","Tumor",40024727,"",TRUE
"COAD","TCGA-D5-5540-01A-01R-1653-07","Primary Tumor",FALSE,"TCGA-D5-5540","b5d18cb2-208d-4c97-a76d-76810595a6f0","Tumor",39659153,"",TRUE
"COAD","TCGA-A6-2686-01A-01R-A32Z-07","Primary Tumor",FALSE,"TCGA-A6-2686","230314a7-8080-4812-85ef-238136cb92f1","Tumor",39517458,"",TRUE
"COAD","TCGA-CM-5341-01A-01R-1410-07","Primary Tumor",FALSE,"TCGA-CM-5341","72c03356-c7b9-4451-a5f8-b38ef8bc1bf1","Tumor",39905508,"",TRUE
"COAD","TCGA-G4-6625-01A-21R-1774-07","Primary Tumor",FALSE,"TCGA-G4-6625","a35e5aad-20b7-4b32-b476-8da1dbba69f1","Tumor",39482920,"",TRUE
"COAD","TCGA-AZ-4308-01A-01R-1410-07","Primary Tumor",FALSE,"TCGA-AZ-4308","652adf2d-5be5-4098-b5aa-7b26498218f3","Tumor",40685392,"",TRUE
"COAD","TCGA-AA-3531-01A-01R-0821-07","Primary Tumor",FALSE,"TCGA-AA-3531","f5d71464-efd6-4922-9bc9-2620a90da6f4","Tumor",39199550,"",TRUE
"COAD","TCGA-CA-6719-01A-11R-1839-07","Primary Tumor",FALSE,"TCGA-CA-6719","e828d84c-72e3-440f-ad2e-baa218f006f5","Tumor",39907286,"",TRUE
"COAD","TCGA-DM-A1HB-01A-21R-A180-07","Primary Tumor",FALSE,"TCGA-DM-A1HB","c7263760-10fa-4703-a731-66d879f307f5","Tumor",40242596,"",TRUE
"COAD","TCGA-AA-A01Q-01A-01R-A002-07","Primary Tumor",FALSE,"TCGA-AA-A01Q","d5d9c4f2-7b61-4651-a099-ce5fb81edbf6","Tumor",37033747,"",TRUE
"COAD","TCGA-A6-2683-01A-01R-0821-07","Primary Tumor",FALSE,"TCGA-A6-2683","41ec7d87-8286-4c1e-ad93-43100dcc37f7","Tumor",39502623,"",TRUE
"COAD","TCGA-AZ-4682-01B-01R-A32Z-07","Primary Tumor",FALSE,"TCGA-AZ-4682","b8618e7e-5678-41f0-ad9a-9019a72a76f8","Tumor",39852105,"",TRUE
"COAD","TCGA-AA-3514-11A-01R-A32Z-07","Solid Tissue Normal",FALSE,"TCGA-AA-3514","1466d010-99fe-48ac-b9fd-10a3b7f4aef9","Normal",40496852,"",TRUE
"COAD","TCGA-AA-3955-01A-02R-1022-07","Primary Tumor",FALSE,"TCGA-AA-3955","28f5861f-7081-4ce8-a917-941fcb6206fa","Tumor",39248332,"",TRUE
"COAD","TCGA-AA-3542-01A-02R-1873-07","Primary Tumor",FALSE,"TCGA-AA-3542","07065d72-bf19-4595-8ec7-efb4253628fb","Tumor",32797994,"",TRUE
"COAD","TCGA-CK-5916-01A-11R-1653-07","Primary Tumor",FALSE,"TCGA-CK-5916","92ed3cbe-a2cc-4e1e-a146-6042012f62fc","Tumor",40289293,"",TRUE
"COAD","TCGA-AZ-6598-01A-11R-1774-07","Primary Tumor",FALSE,"TCGA-AZ-6598","339e1276-022b-490a-8c8e-1204aa8758fe","Tumor",39376971,"",TRUE
"COAD","TCGA-AA-3819-01A-01R-0905-07","Primary Tumor",FALSE,"TCGA-AA-3819","af32db39-ba14-4f0d-a3be-f83a27b842ff","Tumor",38357057,"",TRUE
"COAD","TCGA-CM-4744-01A-01R-A32Z-07","Primary Tumor",FALSE,"TCGA-CM-4744","ba9f5a6a-2882-4f03-9eb5-f3a5f7aa5005","Tumor",40643258,"",TRUE
"COAD","TCGA-DM-A28A-01A-21R-A32Y-07","Primary Tumor",FALSE,"TCGA-DM-A28A","c4db90c8-eb0b-4071-bd4f-eeb37e8adc26","Tumor",38914954,"",TRUE
"COAD","TCGA-AA-3854-01A-01R-0905-07","Primary Tumor",FALSE,"TCGA-AA-3854","155aebbd-1c12-4f88-90c7-1c7ff7e3fb2c","Tumor",39759106,"",TRUE
"COAD","TCGA-D5-6931-01A-11R-1928-07","Primary Tumor",FALSE,"TCGA-D5-6931","f93370ef-7c80-4947-b9da-cdebe28b174e","Tumor",39458647,"",TRUE
"COAD","TCGA-QG-A5YX-01A-11R-A28H-07","Primary Tumor",FALSE,"TCGA-QG-A5YX","f1296a34-b8df-4b5c-a4d9-39b0b0ca7250","Tumor",39287141,"",TRUE
"COAD","TCGA-D5-6928-01A-11R-1928-07","Primary Tumor",FALSE,"TCGA-D5-6928","ab103f12-a3a1-4660-8fb9-614cec5a2a54","Tumor",38716014,"",TRUE
"COAD","TCGA-AA-A022-01A-21R-A16W-07","Primary Tumor",FALSE,"TCGA-AA-A022","45baff39-f917-44f1-9981-ae338e02545a","Tumor",37419285,"",TRUE
"COAD","TCGA-D5-7000-01A-11R-A32Z-07","Primary Tumor",FALSE,"TCGA-D5-7000","50f984ab-95c1-4d7b-a787-418cbb59d165","Tumor",38981288,"",TRUE
"COAD","TCGA-G4-6299-01A-11R-1774-07","Primary Tumor",FALSE,"TCGA-G4-6299","9998e09e-e81c-42f7-b994-8427e7986d69","Tumor",39877262,"",TRUE
"COAD","TCGA-A6-2672-01A-01R-0826-07","Primary Tumor",FALSE,"TCGA-A6-2672","73b58a54-e759-44fe-8b84-70d60c78066d","Tumor",38865335,"",TRUE
"COAD","TCGA-A6-2677-01B-02R-A277-07","Primary Tumor",TRUE,"TCGA-A6-2677","c701dcc6-2116-494c-95d2-fe82fb2a5f72","Tumor",13201091,"FFPE",FALSE
"COAD","TCGA-A6-2672-01B-03R-2302-07","Primary Tumor",TRUE,"TCGA-A6-2672","a53c3114-8b15-4ea6-9b78-f97b7a424e76","Tumor",19804431,"FFPE",FALSE
"COAD","TCGA-5M-AAT5-01A-21R-A41B-07","Primary Tumor",FALSE,"TCGA-5M-AAT5","7f9b2f13-f387-4a54-920a-62c23d9bfb77","Tumor",38787002,"",TRUE
"COAD","TCGA-A6-6141-01A-11R-1774-07","Primary Tumor",FALSE,"TCGA-A6-6141","d8e06d8a-9063-4466-a3b0-7724f4737c7a","Tumor",39786165,"",TRUE
"COAD","TCGA-AY-6196-01A-11R-1723-07","Primary Tumor",FALSE,"TCGA-AY-6196","5e4c2f52-d69c-47b8-8d09-c77717e59688","Tumor",38618472,"",TRUE
"COAD","TCGA-AA-3972-01A-01R-1022-07","Primary Tumor",FALSE,"TCGA-AA-3972","5a879dd8-eb7f-4eb6-9a9a-6d62438d8b95","Tumor",38281944,"",TRUE
"COAD","TCGA-CM-5860-01A-01R-1653-07","Primary Tumor",FALSE,"TCGA-CM-5860","395c4847-b428-4a4f-b02f-b5a90c6fb39b","Tumor",40253596,"",TRUE
"COAD","TCGA-AZ-4684-01A-01R-1410-07","Primary Tumor",FALSE,"TCGA-AZ-4684","0b3c71bd-5e5f-44ce-8d50-cd214d2b48a3","Tumor",39883163,"",TRUE
"COAD","TCGA-G4-6322-01A-11R-1723-07","Primary Tumor",FALSE,"TCGA-G4-6322","df994ddb-6d3f-405a-a39c-1dcf8d1694a7","Tumor",39563285,"",TRUE
"COAD","TCGA-A6-2680-11A-01R-A32Z-07","Solid Tissue Normal",FALSE,"TCGA-A6-2680","26edd84b-1c81-4792-b9c7-08a3fdadadb9","Normal",40440383,"",TRUE
"COAD","TCGA-AA-3858-01A-01R-0905-07","Primary Tumor",FALSE,"TCGA-AA-3858","28b59600-e6f8-4aa7-b8f0-336c347da0ba","Tumor",40306264,"",TRUE
"COAD","TCGA-QG-A5Z2-01A-11R-A28H-07","Primary Tumor",FALSE,"TCGA-QG-A5Z2","844c38cf-4a53-480b-af5a-e26a7dc2d3bb","Tumor",38147126,"",TRUE
"COAD","TCGA-A6-2680-01A-01R-1410-07","Primary Tumor",FALSE,"TCGA-A6-2680","b54639ce-f721-4908-b758-309f148ad3c2","Tumor",39569411,"",TRUE
"COAD","TCGA-F4-6461-01A-11R-1774-07","Primary Tumor",FALSE,"TCGA-F4-6461","9e15e177-8545-45c9-b08b-1402fb4744dd","Tumor",39468675,"",TRUE
"COAD","TCGA-CM-5344-01A-21R-1723-07","Primary Tumor",FALSE,"TCGA-CM-5344","4b79fac1-ded6-4e69-9f34-d4aa6a0226e5","Tumor",39651669,"",TRUE
"COAD","TCGA-AZ-4684-01A-01R-1410-07","Primary Tumor",FALSE,"TCGA-AZ-4684","4b3f2ca0-a10a-42ee-ab47-e0904b4699ee","Tumor",39278794,"duplicate_aliquot_smaller_library",FALSE
"COAD","TCGA-A6-6781-01A-22R-1928-07","Primary Tumor",FALSE,"TCGA-A6-6781","8ceea37d-28dd-4252-8cef-a675781c6101","Tumor",40171424,"",TRUE
"COAD","TCGA-CM-6167-01A-11R-1653-07","Primary Tumor",FALSE,"TCGA-CM-6167","907a9fd4-babf-4219-b99b-60b5f3665501","Tumor",39227162,"",TRUE
"COAD","TCGA-AA-3930-01A-01R-1022-07","Primary Tumor",FALSE,"TCGA-AA-3930","9affbd57-6886-46fc-9874-d14bf9734304","Tumor",39213930,"",TRUE
"COAD","TCGA-NH-A50U-01A-33R-A37K-07","Primary Tumor",FALSE,"TCGA-NH-A50U","8a927bb7-cde8-4e47-89dc-0460e8c56c06","Tumor",38424406,"",TRUE
"COAD","TCGA-G4-6293-01A-11R-1723-07","Primary Tumor",FALSE,"TCGA-G4-6293","d4b4ca20-d0eb-456b-8cac-12651265c008","Tumor",39194210,"",TRUE
"COAD","TCGA-DM-A1D4-01A-21R-A155-07","Primary Tumor",FALSE,"TCGA-DM-A1D4","ba535fcc-e486-4f47-bf17-494043278209","Tumor",38966533,"",TRUE
"COAD","TCGA-A6-6653-01A-11R-1774-07","Primary Tumor",FALSE,"TCGA-A6-6653","ca2aad21-a3e0-401e-9b6b-323fa2bdae0a","Tumor",40361150,"",TRUE
"COAD","TCGA-AA-3534-11A-01R-A32Z-07","Solid Tissue Normal",FALSE,"TCGA-AA-3534","3d3ea6cc-35f0-416e-9fc8-394d005a2b0b","Normal",39718197,"",TRUE
"COAD","TCGA-AA-3552-01A-01R-0821-07","Primary Tumor",FALSE,"TCGA-AA-3552","e7b555a3-567b-4a44-8225-d269e73fb50b","Tumor",38824854,"",TRUE
"COAD","TCGA-AA-3517-11A-01R-A32Z-07","Solid Tissue Normal",FALSE,"TCGA-AA-3517","0aedae22-2cdd-41ee-be8c-2f72f278de0b","Normal",40266164,"",TRUE
"COAD","TCGA-AA-3655-11A-01R-1723-07","Solid Tissue Normal",FALSE,"TCGA-AA-3655","cd2c6d85-3de4-467a-ba99-75ae7e75d10d","Normal",40321915,"",TRUE
"COAD","TCGA-A6-A567-01A-31R-A28H-07","Primary Tumor",FALSE,"TCGA-A6-A567","fb9eafda-eba0-497f-b37b-3eacd4a0c10f","Tumor",38406334,"",TRUE
"COAD","TCGA-AA-3851-01A-01R-1022-07","Primary Tumor",FALSE,"TCGA-AA-3851","868cd0d0-1cb4-4f61-b4ed-eb0c93dd950f","Tumor",39734203,"",TRUE
"COAD","TCGA-CM-6679-01A-11R-1839-07","Primary Tumor",FALSE,"TCGA-CM-6679","4796ad40-67ba-4510-a455-d4076a6c8812","Tumor",39284471,"",TRUE
"COAD","TCGA-AZ-6605-01A-11R-1839-07","Primary Tumor",FALSE,"TCGA-AZ-6605","6edd11df-519c-4cfb-a3b9-be1cd2e26f14","Tumor",39785775,"",TRUE
"COAD","TCGA-AA-3684-01A-02R-0905-07","Primary Tumor",FALSE,"TCGA-AA-3684","4fe5c8e3-d1cf-4fa7-8c8a-47288d74d715","Tumor",41005195,"",TRUE
"COAD","TCGA-CA-5256-01A-01R-1410-07","Primary Tumor",FALSE,"TCGA-CA-5256","16ae6c94-0764-4fbb-8efc-a303eb4b6616","Tumor",40344341,"",TRUE
"COAD","TCGA-AD-6888-01A-11R-1928-07","Primary Tumor",FALSE,"TCGA-AD-6888","ebf3dba0-0986-4593-bb30-174f2974e918","Tumor",39836599,"",TRUE
"COAD","TCGA-AA-3973-01A-01R-1022-07","Primary Tumor",FALSE,"TCGA-AA-3973","10da8614-6b49-488b-b216-50eff0733b1c","Tumor",36560929,"",TRUE
"COAD","TCGA-AA-3872-01A-01R-1022-07","Primary Tumor",FALSE,"TCGA-AA-3872","1b3307d3-c60a-4d2a-8146-ccc7a7d3541c","Tumor",39457262,"",TRUE
"COAD","TCGA-A6-5656-01A-21R-A278-07","Primary Tumor",FALSE,"TCGA-A6-5656","ce0a9ea6-2ace-4f6b-ae39-b9d8bbe50922","Tumor",26302169,"duplicate_aliquot_smaller_library",FALSE
"COAD","TCGA-F4-6459-01A-11R-1774-07","Primary Tumor",FALSE,"TCGA-F4-6459","6a228156-7365-4a4d-8e66-aa687bf37a24","Tumor",39894827,"",TRUE
"COAD","TCGA-AM-5821-01A-01R-1653-07","Primary Tumor",FALSE,"TCGA-AM-5821","a200c070-4485-4ebd-bebd-c9fbad398b26","Tumor",39798783,"",TRUE
"COAD","TCGA-AZ-6605-11A-01R-1839-07","Solid Tissue Normal",FALSE,"TCGA-AZ-6605","26e81097-f3eb-433c-9c95-073ff991c628","Normal",40499511,"",TRUE
"COAD","TCGA-AA-3812-01A-01R-0905-07","Primary Tumor",FALSE,"TCGA-AA-3812","2eb7025a-d932-4238-bd60-609b25150029","Tumor",40910661,"",TRUE
"COAD","TCGA-AZ-6608-01A-11R-1839-07","Primary Tumor",FALSE,"TCGA-AZ-6608","cb39f036-ffb0-4a18-ae7d-b5cfe386b229","Tumor",39700143,"",TRUE
"COAD","TCGA-AA-3712-11A-01R-1723-07","Solid Tissue Normal",FALSE,"TCGA-AA-3712","c7095d7a-73a5-4e3c-bac7-be5096f2892b","Normal",38488938,"",TRUE
"COAD","TCGA-WS-AB45-01A-11R-A41B-07","Primary Tumor",FALSE,"TCGA-WS-AB45","6317c9c9-3d07-4517-8423-fc1b6e58742e","Tumor",39771504,"",TRUE
"COAD","TCGA-AZ-6599-01A-11R-1774-07","Primary Tumor",FALSE,"TCGA-AZ-6599","50f9b130-6be8-483c-828f-15445492b631","Tumor",39113459,"",TRUE
"COAD","TCGA-CM-6161-01A-11R-1653-07","Primary Tumor",FALSE,"TCGA-CM-6161","103c6e25-a69a-460e-81c0-7437547e1334","Tumor",39354154,"",TRUE
"COAD","TCGA-AZ-6598-11A-01R-1774-07","Solid Tissue Normal",FALSE,"TCGA-AZ-6598","4ee244eb-8b68-4550-87a0-36395aa27b35","Normal",39143137,"",TRUE
"COAD","TCGA-A6-3808-01A-01R-1022-07","Primary Tumor",FALSE,"TCGA-A6-3808","111fa391-dacd-4d37-ae84-7bbc61ab6737","Tumor",39767518,"",TRUE
"COAD","TCGA-AZ-4313-01A-01R-1410-07","Primary Tumor",FALSE,"TCGA-AZ-4313","05e6196a-e0ca-4e09-9f78-a141c4111b38","Tumor",41367936,"",TRUE
"COAD","TCGA-AA-A00L-01A-01R-A002-07","Primary Tumor",FALSE,"TCGA-AA-A00L","06f79e8e-50e3-485a-82e9-c7cd4c72333b","Tumor",38844819,"",TRUE
"COAD","TCGA-AA-A02O-01A-21R-A16W-07","Primary Tumor",FALSE,"TCGA-AA-A02O","571c7d1c-e7c1-47ff-810c-42449570063e","Tumor",39927976,"",TRUE
"COAD","TCGA-AA-3979-01A-01R-1022-07","Primary Tumor",FALSE,"TCGA-AA-3979","6e242df5-8b8b-4c6f-870e-c7adffafdf3e","Tumor",38602717,"",TRUE
"COAD","TCGA-G4-6309-01A-21R-1839-07","Primary Tumor",FALSE,"TCGA-G4-6309","99f20e85-385e-4cef-a28b-80b57f76383f","Tumor",39779221,"",TRUE
"COAD","TCGA-A6-4107-01A-02R-1410-07","Primary Tumor",FALSE,"TCGA-A6-4107","e8d85eed-8df2-4c2b-89fe-4ca3528ec640","Tumor",39579768,"",TRUE
"COAD","TCGA-AA-3697-01A-01R-1723-07","Primary Tumor",FALSE,"TCGA-AA-3697","0f2e47b5-d83b-4de8-bda1-f95a290cc346","Tumor",38769864,"",TRUE
"COAD","TCGA-A6-A56B-01A-31R-A28H-07","Primary Tumor",FALSE,"TCGA-A6-A56B","f9f33c38-a087-49ff-b994-3c9ee264f448","Tumor",37585968,"",TRUE
"COAD","TCGA-AA-3514-01A-02R-0821-07","Primary Tumor",FALSE,"TCGA-AA-3514","530e206b-18bb-401a-96ff-ae8b2083004b","Tumor",40779364,"",TRUE
"COAD","TCGA-AA-3679-01A-02R-0905-07","Primary Tumor",FALSE,"TCGA-AA-3679","cdad2037-1494-40c6-9529-4af166e64c4d","Tumor",39860603,"",TRUE
"COAD","TCGA-AA-3517-01A-01R-0821-07","Primary Tumor",FALSE,"TCGA-AA-3517","93bbf083-b99b-482f-92c7-e7587554004e","Tumor",35793521,"",TRUE
"COAD","TCGA-CM-6172-01A-11R-1653-07","Primary Tumor",FALSE,"TCGA-CM-6172","c650633b-a369-4657-8693-fdfbf22bd34e","Tumor",39203708,"",TRUE
"COAD","TCGA-AD-5900-01A-11R-1653-07","Primary Tumor",FALSE,"TCGA-AD-5900","3c14a318-e9ed-4383-9f57-e227d478b450","Tumor",40496019,"",TRUE
"COAD","TCGA-D5-6532-01A-11R-1723-07","Primary Tumor",FALSE,"TCGA-D5-6532","48fa0551-1fb3-49c0-9421-524d8a86b153","Tumor",39981648,"",TRUE
"COAD","TCGA-A6-2675-01A-02R-1723-07","Primary Tumor",FALSE,"TCGA-A6-2675","b51ff2c1-761a-48ab-945a-bb7796c60655","Tumor",39567602,"",TRUE
"COAD","TCGA-AA-3833-01A-01R-0905-07","Primary Tumor",FALSE,"TCGA-AA-3833","73736485-6aff-4ee5-a0c1-42f5c9c4cb55","Tumor",39886715,"",TRUE
"COAD","TCGA-F4-6807-01A-11R-1839-07","Primary Tumor",FALSE,"TCGA-F4-6807","c670863e-c94f-49c8-953f-2cea5b80d556","Tumor",39537770,"",TRUE
"COAD","TCGA-G4-6315-01A-11R-1723-07","Primary Tumor",FALSE,"TCGA-G4-6315","59f2b769-1731-41f0-a2b6-5f6698210c59","Tumor",39449086,"",TRUE
"COAD","TCGA-AA-3531-11A-01R-A32Z-07","Solid Tissue Normal",FALSE,"TCGA-AA-3531","f192059c-1945-4c20-8076-2b0d1edfe659","Normal",40263669,"",TRUE
"COAD","TCGA-AM-5820-01A-01R-1653-07","Primary Tumor",FALSE,"TCGA-AM-5820","20ae7513-ef62-4519-be9b-b4e9f270c55a","Tumor",40333475,"",TRUE
"COAD","TCGA-G4-6626-01A-11R-1774-07","Primary Tumor",FALSE,"TCGA-G4-6626","77ee3b54-fd7a-4acf-879c-31667adccc5b","Tumor",39233283,"",TRUE
"COAD","TCGA-AA-3520-11A-01R-A32Z-07","Solid Tissue Normal",FALSE,"TCGA-AA-3520","ee0ccbe4-df69-40f7-91b1-b7e7ac061c5b","Normal",40173795,"",TRUE
"COAD","TCGA-AA-3713-11A-01R-1723-07","Solid Tissue Normal",FALSE,"TCGA-AA-3713","7692c083-da53-4192-b9e7-6afd0cdffd5c","Normal",40579385,"",TRUE
"COAD","TCGA-AA-A02J-01A-01R-A00A-07","Primary Tumor",FALSE,"TCGA-AA-A02J","86e8e38a-1727-44a6-a356-5e973b296c5e","Tumor",40116143,"",TRUE
"COAD","TCGA-AD-A5EK-01A-11R-A28H-07","Primary Tumor",FALSE,"TCGA-AD-A5EK","8b55b4e4-9222-4f69-ad4a-a92ac948f05e","Tumor",38497919,"",TRUE
"COAD","TCGA-D5-6541-01A-11R-1723-07","Primary Tumor",FALSE,"TCGA-D5-6541","ce9bf28c-c435-4a18-9454-6ffe3eb6655e","Tumor",39940704,"",TRUE
"COAD","TCGA-A6-5660-01A-01R-1653-07","Primary Tumor",FALSE,"TCGA-A6-5660","45c4bbdb-eeff-46a0-b8a0-5f5865da9b60","Tumor",39846955,"",TRUE
"COAD","TCGA-AA-3489-11A-01R-1839-07","Solid Tissue Normal",FALSE,"TCGA-AA-3489","ea99125d-7874-4488-bea6-fecb08463361","Normal",40659516,"",TRUE
"COAD","TCGA-AA-3502-01A-01R-1410-07","Primary Tumor",FALSE,"TCGA-AA-3502","843d5140-0638-40e6-9b3f-68955da7aa62","Tumor",39546547,"",TRUE
"COAD","TCGA-AA-3696-01A-01R-0905-07","Primary Tumor",FALSE,"TCGA-AA-3696","0f7e6345-b20c-4a06-9669-89f7efb50764","Tumor",36213682,"",TRUE
"COAD","TCGA-AA-A00F-01A-01R-A002-07","Primary Tumor",FALSE,"TCGA-AA-A00F","772d02bf-d8a6-4c99-8c82-5902deb3a067","Tumor",37940424,"",TRUE
"COAD","TCGA-A6-6781-01A-22R-A278-07","Primary Tumor",FALSE,"TCGA-A6-6781","582b1837-70e5-45f2-8303-4b6ee885a069","Tumor",27339653,"duplicate_aliquot_smaller_library",FALSE
"COAD","TCGA-AA-3527-01A-01R-0821-07","Primary Tumor",FALSE,"TCGA-AA-3527","9febf0c6-10fc-4d52-910e-19a2e339b969","Tumor",41197235,"",TRUE
"COAD","TCGA-CM-6162-01A-11R-1653-07","Primary Tumor",FALSE,"TCGA-CM-6162","17737661-0435-4c4d-b509-374a4d390869","Tumor",40216149,"",TRUE
"COAD","TCGA-CK-5915-01A-11R-1653-07","Primary Tumor",FALSE,"TCGA-CK-5915","f9c12322-4038-4efe-bcda-efb87377836b","Tumor",39544148,"",TRUE
"COAD","TCGA-AA-3695-01A-01R-0905-07","Primary Tumor",FALSE,"TCGA-AA-3695","a0da55ac-cdf9-4203-ab2a-2265aca2956d","Tumor",39701597,"",TRUE
"COAD","TCGA-AD-6548-01A-11R-1839-07","Primary Tumor",FALSE,"TCGA-AD-6548","d542c5b6-8568-471d-9967-6300925e4a6e","Tumor",39882084,"",TRUE
"COAD","TCGA-AA-3495-01A-01R-1410-07","Primary Tumor",FALSE,"TCGA-AA-3495","59f2e293-2550-4947-ae28-36d54a18076e","Tumor",39635051,"",TRUE
"COAD","TCGA-AA-3681-01A-01R-0905-07","Primary Tumor",FALSE,"TCGA-AA-3681","e766bb3a-0af7-4560-a901-9c51af02e171","Tumor",39357136,"",TRUE
"COAD","TCGA-CA-6715-01A-21R-1839-07","Primary Tumor",FALSE,"TCGA-CA-6715","c064d1fe-753e-4493-907c-c5ffe19f9875","Tumor",39594428,"",TRUE
"COAD","TCGA-AA-A00Q-01A-01R-A002-07","Primary Tumor",FALSE,"TCGA-AA-A00Q","98c89f70-92df-469a-a8df-e96838b61a76","Tumor",38418612,"",TRUE
"COAD","TCGA-D5-6533-01A-11R-1723-07","Primary Tumor",FALSE,"TCGA-D5-6533","e886096d-a521-41c4-b4ec-da6f3569ae77","Tumor",39822013,"",TRUE
"COAD","TCGA-DM-A1D8-01A-11R-A155-07","Primary Tumor",FALSE,"TCGA-DM-A1D8","e5f5c016-cdd1-4ec2-bd46-9356b797ed7d","Tumor",38844080,"",TRUE
"COAD","TCGA-AA-3850-01A-01R-1022-07","Primary Tumor",FALSE,"TCGA-AA-3850","cee47270-5504-4ce5-92a8-c7fc15d3317e","Tumor",33214268,"",TRUE
"COAD","TCGA-A6-2679-01A-02R-1410-07","Primary Tumor",FALSE,"TCGA-A6-2679","55346f70-9b46-4121-9983-5ddc671df681","Tumor",40703964,"",TRUE
"COAD","TCGA-DM-A280-01A-12R-A16W-07","Primary Tumor",FALSE,"TCGA-DM-A280","c5e7518b-7b96-4c40-8cb3-f4cd59f12282","Tumor",40336387,"",TRUE
"COAD","TCGA-A6-5667-11A-01R-1723-07","Solid Tissue Normal",FALSE,"TCGA-A6-5667","045cffe6-4736-42f2-9340-c37690e47882","Normal",39512834,"",TRUE
"COAD","TCGA-AA-A02Y-01A-43R-A32Y-07","Primary Tumor",FALSE,"TCGA-AA-A02Y","fe778d9e-3122-4187-9b98-9618ebb72585","Tumor",40601308,"",TRUE
"COAD","TCGA-DM-A0X9-01A-11R-A155-07","Primary Tumor",FALSE,"TCGA-DM-A0X9","c74fc7bc-9054-4502-a4bd-206892b55f87","Tumor",39311721,"",TRUE
"COAD","TCGA-SS-A7HO-01A-21R-A37K-07","Primary Tumor",FALSE,"TCGA-SS-A7HO","14171e29-31b6-47fc-9212-9f5189353487","Tumor",38016848,"",TRUE
"COAD","TCGA-AA-3952-01A-01R-1022-07","Primary Tumor",FALSE,"TCGA-AA-3952","5b60d612-3fb4-484c-98d1-1ab3e4246987","Tumor",38386468,"",TRUE
"COAD","TCGA-5M-AATE-01A-11R-A41B-07","Primary Tumor",FALSE,"TCGA-5M-AATE","3d66774d-66e5-4b18-85ff-77a179563b88","Tumor",37951710,"",TRUE
"COAD","TCGA-DM-A0XF-01A-11R-A155-07","Primary Tumor",FALSE,"TCGA-DM-A0XF","c9ee8722-3471-42e1-b430-12fe182a5d8b","Tumor",39475398,"",TRUE
"COAD","TCGA-A6-6780-01A-11R-1839-07","Primary Tumor",FALSE,"TCGA-A6-6780","f67d6c61-7528-42e6-8dc6-8a413b8e1e8c","Tumor",40043607,"",TRUE
"COAD","TCGA-CM-6678-01A-11R-1839-07","Primary Tumor",FALSE,"TCGA-CM-6678","0d95eb9f-9047-4b9e-b3fd-8313ac03768c","Tumor",40134707,"",TRUE
"COAD","TCGA-AA-3864-01A-01R-1022-07","Primary Tumor",FALSE,"TCGA-AA-3864","9ee67de9-9b56-4773-8f6a-1036d31f568e","Tumor",38735603,"",TRUE
"COAD","TCGA-CM-4746-01A-01R-1410-07","Primary Tumor",FALSE,"TCGA-CM-4746","c2c2ea55-75d8-48b0-8e39-73cc523ca691","Tumor",40693252,"",TRUE
"COAD","TCGA-AA-3966-01A-01R-1113-07","Primary Tumor",FALSE,"TCGA-AA-3966","9ce2e8d4-1ad1-4546-ad5d-d58193f79096","Tumor",39876062,"",TRUE
"COAD","TCGA-DM-A1D7-01A-11R-A155-07","Primary Tumor",FALSE,"TCGA-DM-A1D7","7e0fdb77-0e1d-4ce6-8b6d-fb8b5527a098","Tumor",39822878,"",TRUE
"COAD","TCGA-CK-5914-01A-11R-1653-07","Primary Tumor",FALSE,"TCGA-CK-5914","a2c68c81-7371-4e0c-bfd1-ea868a7c9499","Tumor",39350734,"",TRUE
"COAD","TCGA-CA-5797-01A-01R-1653-07","Primary Tumor",FALSE,"TCGA-CA-5797","50ecfb2a-ff9d-4a8a-91cb-3902d3b670a0","Tumor",40391093,"",TRUE
"COAD","TCGA-D5-6898-01A-11R-1928-07","Primary Tumor",FALSE,"TCGA-D5-6898","c1c078eb-eb2c-460d-a453-67f6ab3e38a2","Tumor",39801587,"",TRUE
"COAD","TCGA-A6-2685-01A-01R-1410-07","Primary Tumor",FALSE,"TCGA-A6-2685","01534314-832a-495f-99c2-40d9783401a2","Tumor",39751427,"duplicate_aliquot_smaller_library",FALSE
"COAD","TCGA-G4-6298-01A-11R-1723-07","Primary Tumor",FALSE,"TCGA-G4-6298","bc833202-69ad-4bff-8240-3097d447bba2","Tumor",39857118,"",TRUE
"COAD","TCGA-CM-4751-01A-02R-1839-07","Primary Tumor",FALSE,"TCGA-CM-4751","c9581ce3-58b6-45b4-b4b7-15f555fd84a4","Tumor",39273422,"",TRUE
"COAD","TCGA-CK-4951-01A-01R-1410-07","Primary Tumor",FALSE,"TCGA-CK-4951","6af37c1d-f7f8-4d45-b63d-58ad3ecb9da7","Tumor",39662568,"",TRUE
"COAD","TCGA-AZ-4615-01A-01R-1410-07","Primary Tumor",FALSE,"TCGA-AZ-4615","e3ddd87c-7dc2-4caa-87a8-130e0db086a8","Tumor",39635655,"duplicate_aliquot_smaller_library",FALSE
"COAD","TCGA-CA-5256-01A-01R-1410-07","Primary Tumor",FALSE,"TCGA-CA-5256","5eb6ebe3-1bdf-4279-b778-cea546ae9aaa","Tumor",40223611,"duplicate_aliquot_smaller_library",FALSE
"COAD","TCGA-AA-3511-11A-01R-1839-07","Solid Tissue Normal",FALSE,"TCGA-AA-3511","05d1e1c5-7a59-4198-b921-e594f94646aa","Normal",39402397,"",TRUE
"COAD","TCGA-AZ-6603-01A-11R-1839-07","Primary Tumor",FALSE,"TCGA-AZ-6603","7172deb1-ec67-4145-a9e1-4e302c05f8aa","Tumor",39157058,"",TRUE
"COAD","TCGA-AA-3678-01A-01R-0905-07","Primary Tumor",FALSE,"TCGA-AA-3678","941c0e1b-db22-453c-90f3-5563075e34ab","Tumor",39195262,"",TRUE
"COAD","TCGA-AY-5543-01A-01R-1653-07","Primary Tumor",FALSE,"TCGA-AY-5543","92370055-2ff5-423b-9f10-579820b0feac","Tumor",39802943,"",TRUE
"COAD","TCGA-AD-6965-01A-11R-1928-07","Primary Tumor",FALSE,"TCGA-AD-6965","7d1f6ce8-fa36-477a-9313-e3799c5886ad","Tumor",39392479,"",TRUE
"COAD","TCGA-AA-3662-11A-01R-1723-07","Solid Tissue Normal",FALSE,"TCGA-AA-3662","d2dca473-a3c1-4a0a-8a66-f04a9ee6ffae","Normal",39933577,"",TRUE
"COAD","TCGA-AA-3521-01A-01R-0821-07","Primary Tumor",FALSE,"TCGA-AA-3521","f21ad142-b59e-49dc-94d6-7184e512fab4","Tumor",38833022,"",TRUE
"COAD","TCGA-AA-A024-01A-02R-A00A-07","Primary Tumor",FALSE,"TCGA-AA-A024","e94b217f-c5dc-4f42-8135-e81f338914b5","Tumor",39992833,"",TRUE
"COAD","TCGA-AZ-4323-01A-21R-1839-07","Primary Tumor",FALSE,"TCGA-AZ-4323","c922bf2a-2a98-47cc-9127-1c1a2e38a6b6","Tumor",38395536,"",TRUE
"COAD","TCGA-AA-3502-01A-01R-1410-07","Primary Tumor",FALSE,"TCGA-AA-3502","36089dc9-4619-45b2-ac81-b1441f22cdb6","Tumor",39261491,"duplicate_aliquot_smaller_library",FALSE
"COAD","TCGA-CM-6165-01A-11R-1653-07","Primary Tumor",FALSE,"TCGA-CM-6165","bcdd18b8-2fbb-44a4-8e2b-394e955c8fb8","Tumor",39482784,"",TRUE
"COAD","TCGA-A6-5659-01A-01R-A278-07","Primary Tumor",FALSE,"TCGA-A6-5659","e9d7a3d5-e56b-42cd-8116-302442ea64bb","Tumor",39445647,"duplicate_aliquot_smaller_library",FALSE
"COAD","TCGA-G4-6321-01A-11R-1723-07","Primary Tumor",FALSE,"TCGA-G4-6321","784b2359-6064-4faa-9311-7a852f061fbb","Tumor",40165837,"",TRUE
"COAD","TCGA-AA-3655-01A-02R-1723-07","Primary Tumor",FALSE,"TCGA-AA-3655","4a25609a-bdc5-4fa6-9b67-cd030e4ab9be","Tumor",39193628,"",TRUE
"COAD","TCGA-CA-6717-01A-11R-1839-07","Primary Tumor",FALSE,"TCGA-CA-6717","024cff25-accb-439a-8f35-2311295c5dbf","Tumor",40187655,"",TRUE
"COAD","TCGA-AZ-5403-01A-01R-1653-07","Primary Tumor",FALSE,"TCGA-AZ-5403","5bc634cf-62fb-4d93-97a1-dcd9392a07c1","Tumor",40566317,"",TRUE
"COAD","TCGA-AY-4070-01A-01R-1113-07","Primary Tumor",FALSE,"TCGA-AY-4070","904813f9-5366-47d5-812a-6c4c8e7703c2","Tumor",37844832,"",TRUE
"COAD","TCGA-A6-5661-01B-05R-2302-07","Primary Tumor",TRUE,"TCGA-A6-5661","eee29de1-f88c-4184-b499-5e86e2d252c4","Tumor",17532175,"FFPE",FALSE
"COAD","TCGA-A6-2678-01A-01R-0821-07","Primary Tumor",FALSE,"TCGA-A6-2678","713ce94a-6de4-4a0c-9119-362f6a237dc5","Tumor",39470123,"",TRUE
"COAD","TCGA-A6-5665-01A-01R-1653-07","Primary Tumor",FALSE,"TCGA-A6-5665","6b8f91f0-1388-4620-8162-eccfc58fbdc7","Tumor",39885569,"",TRUE
"COAD","TCGA-A6-6649-01A-11R-1774-07","Primary Tumor",FALSE,"TCGA-A6-6649","c3bb790d-a17e-4b2e-b640-4ec039e518cf","Tumor",38677433,"",TRUE
"COAD","TCGA-D5-6531-01A-11R-1723-07","Primary Tumor",FALSE,"TCGA-D5-6531","6e9f0021-fa91-4516-9b04-6a978034cecf","Tumor",39938193,"",TRUE
"COAD","TCGA-AA-A02K-01A-03R-A32Y-07","Primary Tumor",FALSE,"TCGA-AA-A02K","79fd2101-0a9a-4ea7-a773-5ea8693138d0","Tumor",38601836,"",TRUE
"COAD","TCGA-A6-2676-01A-01R-0826-07","Primary Tumor",FALSE,"TCGA-A6-2676","1328185d-31ea-4db2-8d21-01ce33ea65d4","Tumor",39738862,"",TRUE
"COAD","TCGA-CM-4743-01A-01R-1723-07","Primary Tumor",FALSE,"TCGA-CM-4743","327b2123-6dd8-4263-87de-ee917e911dd4","Tumor",39249039,"",TRUE
"COAD","TCGA-AA-3867-01A-01R-1022-07","Primary Tumor",FALSE,"TCGA-AA-3867","778df4af-cbb6-4995-a308-9128ae9b48d5","Tumor",39781309,"",TRUE
"COAD","TCGA-4N-A93T-01A-11R-A37K-07","Primary Tumor",FALSE,"TCGA-4N-A93T","95b76301-6382-4f6e-9e09-60eefeea03d5","Tumor",38391773,"",TRUE
"COAD","TCGA-G4-6303-01A-11R-1774-07","Primary Tumor",FALSE,"TCGA-G4-6303","d56cd09c-ff78-4f5d-a5e5-12b334f772d5","Tumor",39113019,"",TRUE
"COAD","TCGA-AA-A00W-01A-01R-A002-07","Primary Tumor",FALSE,"TCGA-AA-A00W","2d986db0-b5a8-42e8-acb8-926a16faabd6","Tumor",38609586,"",TRUE
"COAD","TCGA-QG-A5Z1-01A-11R-A28H-07","Primary Tumor",FALSE,"TCGA-QG-A5Z1","5ee46f56-5a28-4307-a8a7-19b13dc6f7d7","Tumor",38423638,"",TRUE
"COAD","TCGA-D5-6927-01A-21R-1928-07","Primary Tumor",FALSE,"TCGA-D5-6927","36452fd9-5f23-4650-a75d-34ec955ebfd8","Tumor",39364919,"",TRUE
"COAD","TCGA-A6-6650-01B-02R-A277-07","Primary Tumor",TRUE,"TCGA-A6-6650","1407586d-b6e1-4eac-a5d7-5806e7e842d9","Tumor",16323429,"FFPE",FALSE
"COAD","TCGA-F4-6854-01A-11R-1928-07","Primary Tumor",FALSE,"TCGA-F4-6854","d02e5786-8f3a-4d3f-a8eb-4fc5926a12da","Tumor",39888355,"",TRUE
"COAD","TCGA-QL-A97D-01A-12R-A41B-07","Primary Tumor",FALSE,"TCGA-QL-A97D","361d2308-a050-4178-bdf9-85109f15c8da","Tumor",38283948,"",TRUE
"COAD","TCGA-F4-6569-01A-11R-1774-07","Primary Tumor",FALSE,"TCGA-F4-6569","5729d32f-0e42-46a5-b301-5ed3cc7aa2db","Tumor",40583461,"",TRUE
"COAD","TCGA-CK-5913-01A-11R-1653-07","Primary Tumor",FALSE,"TCGA-CK-5913","2f13704e-5feb-4cf5-b53e-0a4446f8dbde","Tumor",40031807,"",TRUE
"COAD","TCGA-DM-A1DA-01A-11R-A155-07","Primary Tumor",FALSE,"TCGA-DM-A1DA","e1006117-1bd4-478d-94a5-e0fa9d1d94e0","Tumor",39797325,"",TRUE
"COAD","TCGA-AA-A01G-01A-01R-A002-07","Primary Tumor",FALSE,"TCGA-AA-A01G","5c76542e-f231-4c6f-92a7-f8e5875be6e1","Tumor",38789267,"",TRUE
"COAD","TCGA-AA-3663-11A-01R-1723-07","Solid Tissue Normal",FALSE,"TCGA-AA-3663","a9b6ba11-3204-4e4b-bc7c-eaa1032623e1","Normal",40004583,"",TRUE
"COAD","TCGA-AA-3949-01A-01R-1022-07","Primary Tumor",FALSE,"TCGA-AA-3949","75d5bb54-137f-43f8-a88a-88bac55fffe1","Tumor",35686830,"",TRUE
"COAD","TCGA-G4-6628-01A-11R-1839-07","Primary Tumor",FALSE,"TCGA-G4-6628","940d45cc-1300-4e92-a79a-6edc8118e9e2","Tumor",39914550,"",TRUE
"COAD","TCGA-AA-3977-01A-01R-1022-07","Primary Tumor",FALSE,"TCGA-AA-3977","bcd07f56-fa83-473f-b5d1-9c637299c7e2","Tumor",36809807,"",TRUE
"COAD","TCGA-CM-6680-01A-11R-1839-07","Primary Tumor",FALSE,"TCGA-CM-6680","76f4a89f-43dc-46e0-8dae-a04281ca5de5","Tumor",38956878,"",TRUE
"COAD","TCGA-AA-3496-11A-01R-1839-07","Solid Tissue Normal",FALSE,"TCGA-AA-3496","b3bb4259-7644-4e17-9c4f-db9fba6470e6","Normal",40592602,"",TRUE
"COAD","TCGA-AA-A03J-01A-21R-A16W-07","Primary Tumor",FALSE,"TCGA-AA-A03J","5e594aa0-39bb-460a-b959-38f8d22433e8","Tumor",39058470,"",TRUE
"COAD","TCGA-AD-6889-01A-11R-1928-07","Primary Tumor",FALSE,"TCGA-AD-6889","c739bc3e-2167-4ce0-988a-d1cf43669eeb","Tumor",39283391,"",TRUE
"COAD","TCGA-A6-6650-01A-11R-1774-07","Primary Tumor",FALSE,"TCGA-A6-6650","053a0aff-7912-4f18-b997-d2f20d91bbf0","Tumor",39127094,"",TRUE
"COAD","TCGA-AA-3518-01A-02R-0826-07","Primary Tumor",FALSE,"TCGA-AA-3518","b444dc9f-6f2c-4cbc-9e1c-7b9e0fc790f2","Tumor",38483578,"",TRUE
"COAD","TCGA-D5-6539-01A-11R-1723-07","Primary Tumor",FALSE,"TCGA-D5-6539","3da25ae4-c004-4ee7-985e-6e880fcfedf2","Tumor",39611445,"",TRUE
"COAD","TCGA-A6-2682-01A-01R-1410-07","Primary Tumor",FALSE,"TCGA-A6-2682","623c5f2d-0489-4b20-abda-9d726cacaff2","Tumor",40173906,"",TRUE
"COAD","TCGA-CM-6170-01A-11R-1653-07","Primary Tumor",FALSE,"TCGA-CM-6170","3bcd3bc8-5ff4-4df2-a711-c4cc99b7edf4","Tumor",39203073,"",TRUE
"COAD","TCGA-AY-A71X-01A-12R-A37K-07","Primary Tumor",FALSE,"TCGA-AY-A71X","471e6756-6097-4df1-bb51-e759e21697f6","Tumor",38477245,"",TRUE
"COAD","TCGA-AA-3561-01A-01R-0821-07","Primary Tumor",FALSE,"TCGA-AA-3561","2a0a7de1-ad34-408c-9ebf-f2ed2b8427f7","Tumor",39954756,"",TRUE
"COAD","TCGA-G4-6295-01A-11R-1723-07","Primary Tumor",FALSE,"TCGA-G4-6295","0ca4170a-d922-4160-99b3-41baaaa8f4f7","Tumor",39642792,"",TRUE
"COAD","TCGA-AA-A02E-01A-01R-A00A-07","Primary Tumor",FALSE,"TCGA-AA-A02E","6b5071c0-3194-4051-a262-d22346b83ffc","Tumor",39561850,"",TRUE
"COAD","TCGA-AA-3548-01A-01R-1873-07","Primary Tumor",FALSE,"TCGA-AA-3548","6fd98e4d-9dae-4de2-b9e1-f665cbe8dafd","Tumor",39523163,"",TRUE
"COAD","TCGA-AA-3939-01A-01R-1022-07","Primary Tumor",FALSE,"TCGA-AA-3939","400f0c5e-95b8-4dfe-9068-9336bab177fe","Tumor",39644555,"",TRUE
"READ","TCGA-AH-6897-01A-11R-1928-07","Primary Tumor",FALSE,"TCGA-AH-6897","c58d6e8c-83ae-4fca-a075-445e178e5f12","Tumor",39923893,"",TRUE
"READ","TCGA-AH-6643-01A-11R-1830-07","Primary Tumor",FALSE,"TCGA-AH-6643","d7a50e95-777c-47a6-8f93-031cb4770633","Tumor",39185428,"",TRUE
"READ","TCGA-EI-6510-01A-11R-1736-07","Primary Tumor",FALSE,"TCGA-EI-6510","1b1c9301-d6d6-4f6b-80a3-3603013aa951","Tumor",39600770,"",TRUE
"READ","TCGA-AG-4005-01A-01R-1119-07","Primary Tumor",FALSE,"TCGA-AG-4005","72b36b41-2f4b-4dfd-898d-8d4c8cf53361","Tumor",39044433,"",TRUE
"READ","TCGA-AG-3591-01A-01R-1736-07","Primary Tumor",FALSE,"TCGA-AG-3591","d41786ba-3419-4acc-926a-0e100c975363","Tumor",39684755,"",TRUE
"READ","TCGA-EI-7004-01A-11R-1928-07","Primary Tumor",FALSE,"TCGA-EI-7004","b72d6269-48c8-4b73-9372-0197194f8768","Tumor",40026959,"",TRUE
"READ","TCGA-DC-6158-01A-11R-1660-07","Primary Tumor",FALSE,"TCGA-DC-6158","473713f7-eb41-4f20-a37f-acd209e3cb75","Tumor",39917344,"",TRUE
"READ","TCGA-AG-3593-01A-01R-0821-07","Primary Tumor",FALSE,"TCGA-AG-3593","02cf52e3-5f3b-43d9-8ef8-33281d83d68c","Tumor",38503072,"",TRUE
"READ","TCGA-AG-A026-01A-01R-A00A-07","Primary Tumor",FALSE,"TCGA-AG-A026","fdb7d118-2f32-41b9-a71b-340df8a09794","Tumor",38637698,"",TRUE
"READ","TCGA-AG-3894-01A-01R-1119-07","Primary Tumor",FALSE,"TCGA-AG-3894","ea3dbf85-47cd-4f4b-afa1-cce06c3624b7","Tumor",39919188,"",TRUE
"READ","TCGA-CI-6620-01A-11R-1830-07","Primary Tumor",FALSE,"TCGA-CI-6620","c99ac5d8-adbc-45d7-9aad-78ba3b3557bc","Tumor",39100558,"",TRUE
"READ","TCGA-DC-6160-01A-11R-1660-07","Primary Tumor",FALSE,"TCGA-DC-6160","db58eca2-6f2d-42de-bbbb-379c9d1d8bbc","Tumor",39297276,"",TRUE
"READ","TCGA-AF-A56K-01A-32R-A39D-07","Primary Tumor",FALSE,"TCGA-AF-A56K","183b0920-7505-4b65-a940-97021f11ddc1","Tumor",37781092,"",TRUE
"READ","TCGA-EI-6512-01A-11R-1736-07","Primary Tumor",FALSE,"TCGA-EI-6512","7ae0db03-c922-4656-8437-83e0a7c1f5c2","Tumor",40076130,"",TRUE
"READ","TCGA-AG-3731-01A-11R-1736-07","Primary Tumor",FALSE,"TCGA-AG-3731","198a6ad0-79cd-40f5-a622-18afbe78f2d2","Tumor",39841348,"",TRUE
"READ","TCGA-DY-A1DC-01A-31R-A155-07","Primary Tumor",FALSE,"TCGA-DY-A1DC","f5b6e295-3ad4-4989-8359-e9235baefdd2","Tumor",40173085,"",TRUE
"READ","TCGA-EI-6917-01A-11R-1928-07","Primary Tumor",FALSE,"TCGA-EI-6917","22bf0cfe-78df-4b95-87e5-0a58206a1601","Tumor",39159963,"",TRUE
"READ","TCGA-G5-6572-02A-12R-1830-07","Recurrent Tumor",FALSE,"TCGA-G5-6572","ba8564fa-8d4d-4b2f-a178-63209f887a05",NA,40850691,"sample_type_not_01_or_11",FALSE
"READ","TCGA-AG-3580-01A-01R-0821-07","Primary Tumor",FALSE,"TCGA-AG-3580","b43c9365-48e6-4b91-a55f-5e96e8619e0d","Tumor",38768240,"",TRUE
"READ","TCGA-AG-3601-01A-01R-0826-07","Primary Tumor",FALSE,"TCGA-AG-3601","b69f8175-2c9e-4fb4-9767-b120064eb110","Tumor",39068380,"",TRUE
"READ","TCGA-G5-6641-01A-11R-A32Z-07","Primary Tumor",FALSE,"TCGA-G5-6641","62a8a9e1-7323-44bd-8ef1-ec26e68df511","Tumor",39274768,"",TRUE
"READ","TCGA-AG-3882-01A-01R-0905-07","Primary Tumor",FALSE,"TCGA-AG-3882","79825d14-7a5d-41e2-ad3d-8a2aa0871817","Tumor",39213852,"",TRUE
"READ","TCGA-AF-3400-01A-01R-0821-07","Primary Tumor",FALSE,"TCGA-AF-3400","7a538884-3e1a-4af2-b237-a792267e1b19","Tumor",38839820,"",TRUE
"READ","TCGA-AG-4021-01A-01R-1736-07","Primary Tumor",FALSE,"TCGA-AG-4021","1447b543-d3ac-41b5-878f-b382fe49421b","Tumor",39328353,"",TRUE
"READ","TCGA-DT-5265-01A-21R-1830-07","Primary Tumor",FALSE,"TCGA-DT-5265","248e5bd8-0458-43a1-b5d1-bda14558421f","Tumor",39621196,"",TRUE
"READ","TCGA-F5-6814-01A-31R-1928-07","Primary Tumor",FALSE,"TCGA-F5-6814","30e12632-3a05-4926-bba7-e703a6683d1f","Tumor",39561402,"",TRUE
"READ","TCGA-AG-3896-01A-01R-1119-07","Primary Tumor",FALSE,"TCGA-AG-3896","5e542153-8cd8-48bf-a07a-53c12bff8342","Tumor",40097248,"",TRUE
"READ","TCGA-DY-A1DD-01A-21R-A155-07","Primary Tumor",FALSE,"TCGA-DY-A1DD","093765a6-145c-47c3-b87b-4560cd632b4c","Tumor",39098917,"",TRUE
"READ","TCGA-F5-6464-01A-11R-1736-07","Primary Tumor",FALSE,"TCGA-F5-6464","c2232448-1f72-493a-86be-a85cc109ac4c","Tumor",40140414,"",TRUE
"READ","TCGA-AG-A002-01A-01R-A002-07","Primary Tumor",FALSE,"TCGA-AG-A002","7c8bdcbf-68d3-4e03-b2d3-31d12ce2784d","Tumor",38714920,"",TRUE
"READ","TCGA-AG-3575-01A-01R-0821-07","Primary Tumor",FALSE,"TCGA-AG-3575","3e766021-2aea-437b-ba6b-2774e7baa356","Tumor",40038304,"",TRUE
"READ","TCGA-F5-6811-01A-11R-1830-07","Primary Tumor",FALSE,"TCGA-F5-6811","7fc98d15-943b-4f6d-ac31-4feea757e565","Tumor",39614388,"",TRUE
"READ","TCGA-DC-6155-01A-11R-1660-07","Primary Tumor",FALSE,"TCGA-DC-6155","e951a6e9-798d-4092-9aa0-270042fb9867","Tumor",36969332,"",TRUE
"READ","TCGA-AF-2691-11A-01R-A32Z-07","Solid Tissue Normal",FALSE,"TCGA-AF-2691","2713019a-bb43-437c-b171-47d2df8b666a","Normal",40499639,"",TRUE
"READ","TCGA-DC-6683-01A-11R-1830-07","Primary Tumor",FALSE,"TCGA-DC-6683","964526c8-72e3-498c-a413-fbebd33fdb6c","Tumor",39572113,"",TRUE
"READ","TCGA-AH-6547-01A-11R-1830-07","Primary Tumor",FALSE,"TCGA-AH-6547","3407b68d-0277-465b-8819-10fae3ee6572","Tumor",39527117,"",TRUE
"READ","TCGA-EI-6514-01A-11R-1736-07","Primary Tumor",FALSE,"TCGA-EI-6514","fc7821f4-6495-4545-a22a-764bb99b3f79","Tumor",39914605,"",TRUE
"READ","TCGA-AG-A00Y-01A-02R-A002-07","Primary Tumor",FALSE,"TCGA-AG-A00Y","95026ade-1794-41f5-9a8d-cbf84b2d3c7a","Tumor",38468404,"",TRUE
"READ","TCGA-AG-3609-01A-02R-0826-07","Primary Tumor",FALSE,"TCGA-AG-3609","38042f67-0eac-46ea-b4b0-4a0560df3e87","Tumor",40622226,"",TRUE
"READ","TCGA-AG-3725-11A-01R-1736-07","Solid Tissue Normal",FALSE,"TCGA-AG-3725","90ce5ef1-c8cb-4eb2-a504-d9378b6ec38d","Normal",40505971,"",TRUE
"READ","TCGA-DC-5337-01A-01R-1660-07","Primary Tumor",FALSE,"TCGA-DC-5337","e502a171-ed36-4646-903d-06adfa703490","Tumor",40726229,"",TRUE
"READ","TCGA-AG-3600-01A-01R-0826-07","Primary Tumor",FALSE,"TCGA-AG-3600","fd5cafe8-e669-406a-a505-a47dcdc32e93","Tumor",38861066,"",TRUE
"READ","TCGA-AF-3913-01A-02R-1119-07","Primary Tumor",FALSE,"TCGA-AF-3913","218f1728-2967-447e-9bdd-f78e21265395","Tumor",39474324,"",TRUE
"READ","TCGA-AG-3883-01A-02R-0905-07","Primary Tumor",FALSE,"TCGA-AG-3883","49daf1cd-8e20-433b-91a7-8c885acb21a5","Tumor",40564625,"",TRUE
"READ","TCGA-DY-A1DF-01A-11R-A155-07","Primary Tumor",FALSE,"TCGA-DY-A1DF","52a5b8b8-db2f-4b76-b281-a115957a18a9","Tumor",38964404,"",TRUE
"READ","TCGA-EI-6513-01A-21R-1736-07","Primary Tumor",FALSE,"TCGA-EI-6513","0b276277-fc3d-4d1f-95ef-386cd48f81ac","Tumor",39214507,"",TRUE
"READ","TCGA-AG-3731-11A-01R-1736-07","Solid Tissue Normal",FALSE,"TCGA-AG-3731","0fdc5030-92fc-44b5-ae62-6ec3ea9290bb","Normal",40212327,"",TRUE
"READ","TCGA-AG-3742-01A-11R-1660-07","Primary Tumor",FALSE,"TCGA-AG-3742","4cc9d3f9-983f-4cb2-91f1-0fbb86d53dc3","Tumor",38916278,"",TRUE
"READ","TCGA-EI-6883-01A-31R-1928-07","Primary Tumor",FALSE,"TCGA-EI-6883","f48bedfc-ff2b-4928-8d57-e1fc3680c5c7","Tumor",39616853,"",TRUE
"READ","TCGA-AF-6655-01A-11R-1830-07","Primary Tumor",FALSE,"TCGA-AF-6655","d3edf18a-c488-43a1-923e-7a970f4042c9","Tumor",38941490,"",TRUE
"READ","TCGA-AG-3726-01A-02R-0905-07","Primary Tumor",FALSE,"TCGA-AG-3726","e6c74b82-b9d8-4d7c-96fb-50dfb80929d2","Tumor",39827850,"",TRUE
"READ","TCGA-AH-6903-01A-11R-1928-07","Primary Tumor",FALSE,"TCGA-AH-6903","b0d09319-3bda-494a-892a-150ebb4aa0d4","Tumor",39509974,"",TRUE
"READ","TCGA-AG-3608-01A-01R-0826-07","Primary Tumor",FALSE,"TCGA-AG-3608","a358df66-5bae-42c2-8516-224e7cc40ed5","Tumor",39912908,"",TRUE
"READ","TCGA-AG-3901-01A-01R-1119-07","Primary Tumor",FALSE,"TCGA-AG-3901","9079e262-5f50-4349-bf4d-7461618473e2","Tumor",39578501,"",TRUE
"READ","TCGA-AG-A011-01A-01R-A002-07","Primary Tumor",FALSE,"TCGA-AG-A011","4b3c7910-a652-45b5-8218-9002eb0fd9eb","Tumor",38572108,"",TRUE
"READ","TCGA-G5-6572-01A-11R-1830-07","Primary Tumor",FALSE,"TCGA-G5-6572","3e2bb747-cc3b-48a3-a767-2e113f17be03","Tumor",39838294,"",TRUE
"READ","TCGA-AG-3732-01A-11R-1660-07","Primary Tumor",FALSE,"TCGA-AG-3732","f3fbc59b-8819-4b57-8f0f-d65de8f12c14","Tumor",38351898,"",TRUE
"READ","TCGA-AG-A008-01A-01R-A002-07","Primary Tumor",FALSE,"TCGA-AG-A008","b57794b0-24c5-40a8-a4c2-e667a2030736","Tumor",38967874,"",TRUE
"READ","TCGA-AG-3612-01A-01R-0826-07","Primary Tumor",FALSE,"TCGA-AG-3612","133b7e7b-fd50-48a2-9a35-e6d44fab976b","Tumor",39840705,"",TRUE
"READ","TCGA-AG-A023-01A-01R-A00A-07","Primary Tumor",FALSE,"TCGA-AG-A023","1d94b33b-9a3f-40ba-90af-5248ed058c6f","Tumor",38869445,"",TRUE
"READ","TCGA-AG-A01J-01A-01R-A00A-07","Primary Tumor",FALSE,"TCGA-AG-A01J","b26bbad2-b20d-4df8-9613-4cd7085a04ab","Tumor",38292762,"",TRUE
"READ","TCGA-AG-4008-01A-01R-1119-07","Primary Tumor",FALSE,"TCGA-AG-4008","665efc06-88fe-4aae-b645-c04a3fb95acb","Tumor",38910304,"",TRUE
"READ","TCGA-AF-2690-01A-02R-1736-07","Primary Tumor",FALSE,"TCGA-AF-2690","05ec4d30-d34e-4497-b4f4-80aedc2e70df","Tumor",39950247,"",TRUE
"READ","TCGA-F5-6863-01A-11R-1928-07","Primary Tumor",FALSE,"TCGA-F5-6863","05a6b3a7-2a08-4700-bc85-9968ad07d2f6","Tumor",39394417,"",TRUE
"READ","TCGA-AG-A032-01A-01R-A00A-07","Primary Tumor",FALSE,"TCGA-AG-A032","4fa18ea8-f6ea-40ee-847e-2896bd858c04","Tumor",36766913,"",TRUE
"READ","TCGA-F5-6810-01A-11R-1830-07","Primary Tumor",FALSE,"TCGA-F5-6810","4265c8fc-8307-4fb7-b842-2b58d34dfc05","Tumor",39760046,"",TRUE
"READ","TCGA-AH-6644-01A-21R-1830-07","Primary Tumor",FALSE,"TCGA-AH-6644","49c9de1d-784d-405a-9dd3-c4d2890d0309","Tumor",39130268,"",TRUE
"READ","TCGA-AG-3578-01A-01R-0821-07","Primary Tumor",FALSE,"TCGA-AG-3578","2eee83b8-5a32-457e-8405-21b70a07280b","Tumor",36265572,"",TRUE
"READ","TCGA-AF-2692-11A-01R-A32Z-07","Solid Tissue Normal",FALSE,"TCGA-AF-2692","55f371e4-f7e9-45c2-a053-f9c8a0397f0c","Normal",40002322,"",TRUE
"READ","TCGA-DC-4745-01A-01R-A32Z-07","Primary Tumor",FALSE,"TCGA-DC-4745","43edf662-2507-4b61-b706-b0730f603711","Tumor",40225615,"",TRUE
"READ","TCGA-AG-3584-01A-01R-0821-07","Primary Tumor",FALSE,"TCGA-AG-3584","73051db8-6877-4906-a918-41d4883a1113","Tumor",38753820,"",TRUE
"READ","TCGA-F5-6813-01A-11R-1830-07","Primary Tumor",FALSE,"TCGA-F5-6813","b49cd231-7ac8-40c2-959c-6bc000d72014","Tumor",40190733,"",TRUE
"READ","TCGA-DC-6154-01A-31R-1928-07","Primary Tumor",FALSE,"TCGA-DC-6154","494e0f88-dbfc-4e3c-affa-cefadf152b15","Tumor",39363140,"",TRUE
"READ","TCGA-DC-5869-01A-01R-1660-07","Primary Tumor",FALSE,"TCGA-DC-5869","4001ee2d-f208-465e-b718-01ccb9bd1c17","Tumor",40193619,"",TRUE
"READ","TCGA-AG-3583-01A-01R-0821-07","Primary Tumor",FALSE,"TCGA-AG-3583","b0682cc1-c973-4daf-9683-f82cad19dd19","Tumor",39605368,"",TRUE
"READ","TCGA-AG-3598-01A-01R-0826-07","Primary Tumor",FALSE,"TCGA-AG-3598","150f5b77-4848-4d68-800a-0a0236c3661f","Tumor",39870485,"",TRUE
"READ","TCGA-AG-A02X-01A-01R-A00A-07","Primary Tumor",FALSE,"TCGA-AG-A02X","53f58704-99c8-42ed-87a6-5a99207a081f","Tumor",39028061,"",TRUE
"READ","TCGA-AG-3893-01A-01R-1119-07","Primary Tumor",FALSE,"TCGA-AG-3893","b247508d-7c3b-45bf-929d-ffe756edef24","Tumor",38995828,"",TRUE
"READ","TCGA-AG-3599-01A-02R-0826-07","Primary Tumor",FALSE,"TCGA-AG-3599","babd3051-9396-41d8-90ee-fb7cf30ce433","Tumor",40063824,"",TRUE
"READ","TCGA-F5-6812-01A-11R-1830-07","Primary Tumor",FALSE,"TCGA-F5-6812","e621de70-7fab-4cfc-8ab8-d69303dd2537","Tumor",38828608,"",TRUE
"READ","TCGA-DC-6157-01A-11R-1660-07","Primary Tumor",FALSE,"TCGA-DC-6157","4e7afcfa-273d-4fd5-a205-9308aeea8642","Tumor",39156815,"",TRUE
"READ","TCGA-AG-A01Y-01A-41R-A083-07","Primary Tumor",FALSE,"TCGA-AG-A01Y","d54a9dd2-658c-45f2-88e4-c85008ccf043","Tumor",37756800,"",TRUE
"READ","TCGA-AG-A01W-01A-21R-A083-07","Primary Tumor",FALSE,"TCGA-AG-A01W","45ca3f9e-40ee-43a4-ae57-fe51d4003844","Tumor",39170436,"",TRUE
"READ","TCGA-AG-A025-01A-01R-A00A-07","Primary Tumor",FALSE,"TCGA-AG-A025","a52dc94e-076d-42be-9d5d-7ff928d6ae44","Tumor",39205888,"",TRUE
"READ","TCGA-AG-4007-01A-01R-1119-07","Primary Tumor",FALSE,"TCGA-AG-4007","8e3f8687-b00b-4fa9-84f2-f731b169fc45","Tumor",39767950,"",TRUE
"READ","TCGA-AG-3999-01A-01R-1119-07","Primary Tumor",FALSE,"TCGA-AG-3999","33297f72-1a43-4b62-b909-fb0ee7a8d04d","Tumor",39646201,"",TRUE
"READ","TCGA-DY-A1DG-01A-11R-A32Y-07","Primary Tumor",FALSE,"TCGA-DY-A1DG","fa7a4709-4a93-4b93-a212-bd46ee6f9e4e","Tumor",39080788,"",TRUE
"READ","TCGA-AG-3890-01A-01R-1119-07","Primary Tumor",FALSE,"TCGA-AG-3890","d17e889c-8c03-4a92-9da6-bf9d837f1f54","Tumor",37668984,"",TRUE
"READ","TCGA-AH-6544-01A-11R-1830-07","Primary Tumor",FALSE,"TCGA-AH-6544","651dbb44-01c7-4a53-afb7-a613f1f1d85b","Tumor",40315852,"",TRUE
"READ","TCGA-AG-3582-01A-01R-0821-07","Primary Tumor",FALSE,"TCGA-AG-3582","ad2a9359-d663-4677-849e-78e8b6f9ba5c","Tumor",39558207,"",TRUE
"READ","TCGA-AF-6136-01A-11R-1830-07","Primary Tumor",FALSE,"TCGA-AF-6136","514bcecf-4bcd-4082-a0aa-ae60cb84e45e","Tumor",39041800,"",TRUE
"READ","TCGA-EI-7002-01A-11R-1928-07","Primary Tumor",FALSE,"TCGA-EI-7002","8af268b4-cbfb-40c1-9fa0-d822d9af755f","Tumor",38958505,"",TRUE
"READ","TCGA-EI-6882-01A-11R-1928-07","Primary Tumor",FALSE,"TCGA-EI-6882","bd406b65-b715-444e-95b4-f38d05bac863","Tumor",38959930,"",TRUE
"READ","TCGA-CI-6623-01B-11R-1830-07","Primary Tumor",FALSE,"TCGA-CI-6623","6e1db9bf-06fe-48b1-a2d8-ef2ce7591364","Tumor",39781312,"",TRUE
"READ","TCGA-AG-3902-01A-01R-A32Z-07","Primary Tumor",FALSE,"TCGA-AG-3902","bee081ca-8420-4314-88a0-286bb30ffd65","Tumor",39132544,"",TRUE
"READ","TCGA-AF-2693-01A-02R-1736-07","Primary Tumor",FALSE,"TCGA-AF-2693","d450f074-ca68-49ce-b0b3-f81a91d54867","Tumor",40071253,"",TRUE
"READ","TCGA-EI-6881-01A-11R-A32Z-07","Primary Tumor",FALSE,"TCGA-EI-6881","05e7481f-6b10-4e6d-a68a-8ab47349cf69","Tumor",39705365,"",TRUE
"READ","TCGA-AG-4022-01A-01R-1736-07","Primary Tumor",FALSE,"TCGA-AG-4022","990c4515-4985-4e94-8e8d-c7efe127bb69","Tumor",38372370,"",TRUE
"READ","TCGA-AF-A56L-01A-31R-A39D-07","Primary Tumor",FALSE,"TCGA-AF-A56L","cfcb5898-b768-4a29-a4fe-eaa6497e9a6a","Tumor",38865200,"",TRUE
"READ","TCGA-EI-6508-01A-11R-1736-07","Primary Tumor",FALSE,"TCGA-EI-6508","ead49d17-a396-41c2-ad5f-3e65ea19306b","Tumor",38915695,"",TRUE
"READ","TCGA-AG-3881-01A-01R-0905-07","Primary Tumor",FALSE,"TCGA-AG-3881","b6abdbc3-519a-4fac-8816-995a9482506e","Tumor",40924245,"",TRUE
"READ","TCGA-AG-3742-11A-01R-1660-07","Solid Tissue Normal",FALSE,"TCGA-AG-3742","abcbc4b9-17ad-41af-8afb-a4ba4794d873","Normal",40202913,"",TRUE
"READ","TCGA-G5-6235-01A-11R-1736-07","Primary Tumor",FALSE,"TCGA-G5-6235","e7f297c5-e11e-4603-84b5-f92a1f624c78","Tumor",39431851,"",TRUE
"READ","TCGA-AG-3586-01A-02R-0821-07","Primary Tumor",FALSE,"TCGA-AG-3586","2bbd504e-fe90-4142-9204-0e33b6b56c7e","Tumor",38829118,"",TRUE
"READ","TCGA-AG-3725-01A-11R-1736-07","Primary Tumor",FALSE,"TCGA-AG-3725","3cc95101-c35f-4761-9d41-3c35bd55b37e","Tumor",39619973,"",TRUE
"READ","TCGA-AG-3574-01A-01R-0821-07","Primary Tumor",FALSE,"TCGA-AG-3574","ae4c3956-76df-4059-8d69-3d764f31817f","Tumor",39870653,"",TRUE
"READ","TCGA-AG-A016-01A-01R-A002-07","Primary Tumor",FALSE,"TCGA-AG-A016","d5469ee8-29c1-479a-8f0b-5c37ce887b84","Tumor",39585411,"",TRUE
"READ","TCGA-CI-6622-01A-11R-1830-07","Primary Tumor",FALSE,"TCGA-CI-6622","3f5c9c89-0170-4d68-b42f-a81cbcd66e89","Tumor",39842243,"",TRUE
"READ","TCGA-AF-2687-01A-02R-1736-07","Primary Tumor",FALSE,"TCGA-AF-2687","4decb19a-290f-4ceb-be25-aaf9b9e2b58f","Tumor",38922655,"",TRUE
"READ","TCGA-AG-4001-01A-02R-1119-07","Primary Tumor",FALSE,"TCGA-AG-4001","8252abf4-2a26-49ec-a5c1-edd5c6a99d92","Tumor",38714013,"",TRUE
"READ","TCGA-AG-3909-01A-01R-1119-07","Primary Tumor",FALSE,"TCGA-AG-3909","bab8e475-f173-458c-8ef8-1683d5f11aa3","Tumor",39766490,"",TRUE
"READ","TCGA-AH-6549-01A-11R-1830-07","Primary Tumor",FALSE,"TCGA-AH-6549","cb94d9ce-9efc-4b95-9ddf-07e975bc65a8","Tumor",39657056,"",TRUE
"READ","TCGA-AG-3592-01A-02R-1736-07","Primary Tumor",FALSE,"TCGA-AG-3592","87fecae4-91a8-49f8-a053-1daefe893bb1","Tumor",39672738,"",TRUE
"READ","TCGA-AG-3602-01A-02R-0826-07","Primary Tumor",FALSE,"TCGA-AG-3602","11b2c85f-cbd3-402f-93d3-d9612c28a5b3","Tumor",39384161,"",TRUE
"READ","TCGA-AF-A56N-01A-12R-A39D-07","Primary Tumor",FALSE,"TCGA-AF-A56N","6368b0ba-4ec3-4da8-8d29-cc1efff2b2b8","Tumor",38669600,"",TRUE
"READ","TCGA-CI-6619-01B-11R-1830-07","Primary Tumor",FALSE,"TCGA-CI-6619","6a9faf9e-4cfc-408f-8654-ac56fefdaaba","Tumor",39088536,"",TRUE
"READ","TCGA-AG-3605-01A-01R-0826-07","Primary Tumor",FALSE,"TCGA-AG-3605","1914092e-ac9f-4a92-bb14-6734e5a6afc4","Tumor",39962185,"",TRUE
"READ","TCGA-AH-6643-11A-01R-1830-07","Solid Tissue Normal",FALSE,"TCGA-AH-6643","eb4294e1-3fbc-495c-a041-829a654b59c5","Normal",39443651,"",TRUE
"READ","TCGA-EI-6884-01A-11R-1928-07","Primary Tumor",FALSE,"TCGA-EI-6884","048e4fa3-6d98-4ab1-b116-0e1d0ec844c9","Tumor",39592467,"",TRUE
"READ","TCGA-EF-5831-01A-01R-1660-07","Primary Tumor",FALSE,"TCGA-EF-5831","5df5eb31-5e7c-46f6-bfd0-5584f1a0e5cb","Tumor",39823962,"",TRUE
"READ","TCGA-DY-A0XA-01A-11R-A155-07","Primary Tumor",FALSE,"TCGA-DY-A0XA","cabc6de2-8ae2-455c-8c99-9b94ccdd24cb","Tumor",38508688,"",TRUE
"READ","TCGA-AF-2692-01A-01R-0821-07","Primary Tumor",FALSE,"TCGA-AF-2692","50a46a4f-883e-4daa-bd16-fccc5fa3fcd9","Tumor",36901311,"",TRUE
"READ","TCGA-AG-3892-01A-01R-1119-07","Primary Tumor",FALSE,"TCGA-AG-3892","aead6332-1ec5-4683-8d9c-407a8b05f1da","Tumor",40106307,"",TRUE
"READ","TCGA-AF-2691-01A-01R-0821-07","Primary Tumor",FALSE,"TCGA-AF-2691","8f8f725b-56dc-4941-87f3-f8ca4eff0cdf","Tumor",38605321,"",TRUE
"READ","TCGA-CL-5917-01A-11R-1660-07","Primary Tumor",FALSE,"TCGA-CL-5917","36ecb7da-a58c-4887-8e8b-2caf51fa0de0","Tumor",39162954,"",TRUE
"READ","TCGA-AF-5654-01A-01R-1660-07","Primary Tumor",FALSE,"TCGA-AF-5654","3e4541b9-bd90-4b49-8973-b1516cbd8de1","Tumor",39552392,"",TRUE
"READ","TCGA-EI-6509-01A-11R-1736-07","Primary Tumor",FALSE,"TCGA-EI-6509","9824dfb4-0a1a-4ba4-b2dc-5348da3d3ae6","Tumor",39566276,"",TRUE
"READ","TCGA-AG-A02N-01A-11R-A083-07","Primary Tumor",FALSE,"TCGA-AG-A02N","1dce9448-495e-46d3-8953-d733bd68dfe6","Tumor",37620855,"",TRUE
"READ","TCGA-AG-A015-01A-01R-A002-07","Primary Tumor",FALSE,"TCGA-AG-A015","989fe5c1-d8fa-411f-b7c3-efe21f7808e9","Tumor",38797107,"",TRUE
"READ","TCGA-AG-3581-01A-01R-0821-07","Primary Tumor",FALSE,"TCGA-AG-3581","09b9fa0a-c4e7-4554-b469-b6422e8421ea","Tumor",39706339,"",TRUE
"READ","TCGA-DC-6682-01A-11R-1830-07","Primary Tumor",FALSE,"TCGA-DC-6682","64d465e7-0db8-46a1-8bf2-bbf59d23b7eb","Tumor",39605414,"",TRUE
"READ","TCGA-DY-A1DE-01A-11R-A155-07","Primary Tumor",FALSE,"TCGA-DY-A1DE","75b60a5e-2d1a-48cf-b453-30c8450e4fee","Tumor",39402912,"",TRUE
"READ","TCGA-AG-3728-01A-01R-0905-07","Primary Tumor",FALSE,"TCGA-AG-3728","e410f77d-e31f-4d73-acac-9245935a92f5","Tumor",40624200,"",TRUE
"READ","TCGA-AG-3594-01A-02R-0821-07","Primary Tumor",FALSE,"TCGA-AG-3594","c25909b0-c3f8-42f5-be45-898f113761f7","Tumor",38969519,"",TRUE
"READ","TCGA-F5-6864-01A-11R-1928-07","Primary Tumor",FALSE,"TCGA-F5-6864","2fb578f6-e8b7-434d-9720-d448a26c1efd","Tumor",39237314,"",TRUE
"READ","TCGA-AG-A01N-01A-01R-A00A-07","Primary Tumor",FALSE,"TCGA-AG-A01N","740fce46-8a4a-4a6a-b79f-78a63d28e313","Tumor",39030810,"",TRUE
"READ","TCGA-EF-5830-01A-01R-1660-07","Primary Tumor",FALSE,"TCGA-EF-5830","75ec144f-e852-42f8-8d2f-94552f751222","Tumor",39903645,"",TRUE
"READ","TCGA-CI-6624-01C-11R-1830-07","Primary Tumor",FALSE,"TCGA-CI-6624","92d7db12-b0e0-4072-98fb-34b112e7728d","Tumor",39796467,"",TRUE
"READ","TCGA-DC-4749-01A-01R-1736-07","Primary Tumor",FALSE,"TCGA-DC-4749","2c5e69de-76b6-42b0-82dc-c480fa0d8da5","Tumor",39927610,"",TRUE
"READ","TCGA-AG-3885-01A-01R-0905-07","Primary Tumor",FALSE,"TCGA-AG-3885","788f245d-1942-4e34-b38e-caa9a9592aa6","Tumor",40396934,"",TRUE
"READ","TCGA-AG-A020-01A-21R-A083-07","Primary Tumor",FALSE,"TCGA-AG-A020","50b8a422-6f68-41b9-93e2-7deb324682f2","Tumor",38758108,"",TRUE
"READ","TCGA-AF-6672-01A-11R-1830-07","Primary Tumor",FALSE,"TCGA-AF-6672","e332a10a-4fb0-4122-bb48-3050e0f73502","Tumor",35685885,"",TRUE
"READ","TCGA-AG-3878-01A-02R-0905-07","Primary Tumor",FALSE,"TCGA-AG-3878","6d27b29c-c09e-4332-aa85-c00e05e9880f","Tumor",39909473,"",TRUE
"READ","TCGA-AG-3727-01A-01R-0905-07","Primary Tumor",FALSE,"TCGA-AG-3727","ac59154d-d1a6-40da-9d4a-5d8a9a522a22","Tumor",39937981,"",TRUE
"READ","TCGA-AG-3587-01A-01R-0821-07","Primary Tumor",FALSE,"TCGA-AG-3587","755d805b-b9f4-41d3-aca7-2bb599c3d529","Tumor",39118778,"",TRUE
"READ","TCGA-DC-6681-01A-11R-A32Z-07","Primary Tumor",FALSE,"TCGA-DC-6681","67d36d8b-bcde-4861-af7c-97923ccce939","Tumor",40165700,"",TRUE
"READ","TCGA-DC-6156-01A-11R-1660-07","Primary Tumor",FALSE,"TCGA-DC-6156","462d26d7-2094-4b41-8c24-19a964c83840","Tumor",39113904,"",TRUE
"READ","TCGA-AG-A01L-01A-01R-A002-07","Primary Tumor",FALSE,"TCGA-AG-A01L","5ffd2a6a-ed8a-44a9-9fc1-3106341c284a","Tumor",39371976,"",TRUE
"READ","TCGA-CI-6621-01A-11R-1830-07","Primary Tumor",FALSE,"TCGA-CI-6621","b568b7be-0e4d-47da-a40e-86ddf300874b","Tumor",38990772,"",TRUE
"READ","TCGA-DY-A1H8-01A-21R-A155-07","Primary Tumor",FALSE,"TCGA-DY-A1H8","11b0b66d-b96f-4c3d-9cec-93661f13eb4e","Tumor",38219516,"",TRUE
"READ","TCGA-BM-6198-01A-11R-1736-07","Primary Tumor",FALSE,"TCGA-BM-6198","7230a333-c624-469d-9c27-964c9858e55e","Tumor",38834757,"",TRUE
"READ","TCGA-F5-6702-01A-11R-1830-07","Primary Tumor",FALSE,"TCGA-F5-6702","671c1840-9c1b-4ac1-9564-78802489f763","Tumor",39825979,"",TRUE
"READ","TCGA-AG-A036-01A-12R-A083-07","Primary Tumor",FALSE,"TCGA-AG-A036","589816f0-a080-4792-a857-bdb2b15dec68","Tumor",38296890,"",TRUE
"READ","TCGA-AG-A00H-01A-01R-A00A-07","Primary Tumor",FALSE,"TCGA-AG-A00H","868c82cd-cb45-4ec9-96a8-77f0f4e0d874","Tumor",39283735,"",TRUE
"READ","TCGA-EI-6511-01A-11R-1736-07","Primary Tumor",FALSE,"TCGA-EI-6511","f29b5a39-866e-4c9d-bc26-b726fea5f576","Tumor",40332644,"",TRUE
"READ","TCGA-AF-3400-11A-01R-A32Z-07","Solid Tissue Normal",FALSE,"TCGA-AF-3400","d74443e5-93d3-49c3-a72c-19a2cd9a6877","Normal",40263424,"",TRUE
"READ","TCGA-G5-6233-01A-11R-1736-07","Primary Tumor",FALSE,"TCGA-G5-6233","e087de6c-04a1-451f-91d1-e9d7f279d37c","Tumor",38683386,"",TRUE
"READ","TCGA-AG-3898-01A-01R-1119-07","Primary Tumor",FALSE,"TCGA-AG-3898","f3c13430-405e-432e-8f3e-0dd18e86087e","Tumor",38087593,"",TRUE
"READ","TCGA-AG-3887-01A-01R-1119-07","Primary Tumor",FALSE,"TCGA-AG-3887","e6534a42-9a72-4d67-b069-b87268f1aa86","Tumor",39844377,"",TRUE
"READ","TCGA-AG-3732-11A-01R-1660-07","Solid Tissue Normal",FALSE,"TCGA-AG-3732","faaa9106-1aa0-4149-bdee-d5ea6e71c586","Normal",39855597,"",TRUE
"READ","TCGA-F5-6571-01A-12R-1830-07","Primary Tumor",FALSE,"TCGA-F5-6571","468ada69-4c78-46b2-a18d-7110316f8b88","Tumor",39247557,"",TRUE
"READ","TCGA-AF-3911-01A-01R-1736-07","Primary Tumor",FALSE,"TCGA-AF-3911","f812c5fa-ea06-4f55-add6-2560fb6e8c8a","Tumor",39870342,"",TRUE
"READ","TCGA-EI-6506-01A-11R-1736-07","Primary Tumor",FALSE,"TCGA-EI-6506","b83c91ca-b42e-4bc3-b57c-cde82633c191","Tumor",39365660,"",TRUE
"READ","TCGA-CL-4957-01A-01R-1736-07","Primary Tumor",FALSE,"TCGA-CL-4957","099d25c9-dab1-4968-a07a-ef0856000694","Tumor",40004143,"",TRUE
"READ","TCGA-AG-A00C-01A-01R-A002-07","Primary Tumor",FALSE,"TCGA-AG-A00C","1023707a-d6de-432a-ad2d-2318c3f91fa2","Tumor",38093278,"",TRUE
"READ","TCGA-CL-5918-01A-11R-1660-07","Primary Tumor",FALSE,"TCGA-CL-5918","75454b4a-c52f-47f9-803f-b76bedfe60a5","Tumor",39421717,"",TRUE
"READ","TCGA-AF-4110-01A-02R-1736-07","Primary Tumor",FALSE,"TCGA-AF-4110","452b3345-8995-4d2d-b496-148cc6814ccd","Tumor",40423009,"",TRUE
"READ","TCGA-AG-A02G-01A-01R-A00A-07","Primary Tumor",FALSE,"TCGA-AG-A02G","9f303c78-d247-45fd-92cb-19312f039ad0","Tumor",38724035,"",TRUE
"READ","TCGA-AG-3611-01A-01R-0826-07","Primary Tumor",FALSE,"TCGA-AG-3611","a1defb22-13a6-4ff8-9fad-4be28a6345d5","Tumor",37925525,"",TRUE
"READ","TCGA-EI-6885-01A-11R-1928-07","Primary Tumor",FALSE,"TCGA-EI-6885","c0dbd1a9-cc35-4d1a-840c-6c0902953ed7","Tumor",39101265,"",TRUE
"READ","TCGA-EI-6507-01A-11R-1736-07","Primary Tumor",FALSE,"TCGA-EI-6507","60c4ca78-844b-465b-a01c-2b6bd0de4ad8","Tumor",38641794,"",TRUE
"READ","TCGA-F5-6465-01A-11R-1736-07","Primary Tumor",FALSE,"TCGA-F5-6465","5037dc80-5e81-4281-89a0-e0b58071b1d9","Tumor",39261403,"",TRUE
"READ","TCGA-AF-5654-11A-11R-1660-07","Solid Tissue Normal",FALSE,"TCGA-AF-5654","9df2f46f-a133-4892-b895-3102f7aca5db","Normal",39688244,"",TRUE
"READ","TCGA-AG-4015-01A-01R-1119-07","Primary Tumor",FALSE,"TCGA-AG-4015","ada03565-c407-4c73-8a9c-ec84a3ce08e5","Tumor",38694020,"",TRUE
"READ","TCGA-AG-A014-01A-02R-A002-07","Primary Tumor",FALSE,"TCGA-AG-A014","438ca91b-753c-415f-895e-b9af567ec4ec","Tumor",39163659,"",TRUE
"READ","TCGA-F5-6861-01A-11R-1928-07","Primary Tumor",FALSE,"TCGA-F5-6861","c5b9b232-eff6-476a-9037-0e97c7af73f0","Tumor",39798515,"",TRUE
"READ","TCGA-AF-2689-11A-01R-A32Z-07","Solid Tissue Normal",FALSE,"TCGA-AF-2689","40566b4f-12ce-4fb2-9a64-4c59ec0793f2","Normal",40501126,"",TRUE
